Running "module reset". Resetting modules to system default. The following $MODULEPATH directories have been removed: None
-------------------------------------------------------------------------------
There are messages associated with the following module(s):
-------------------------------------------------------------------------------

DefApps:
   ROCm/5.x modules and HPE/Cray Programming Environment (CPE) versions <=
   23.12 were removed on July 1, 2026. For more information regarding the
   removal, please see https://docs.olcf.ornl.gov/software/software-news.html#frontier-software-changes-july-1-2026

-------------------------------------------------------------------------------


The following have been reloaded with a version change:
  1) PrgEnv-cray/8.6.0 => PrgEnv-cray/8.5.0
  2) cce/18.0.1 => cce/18.0.0
  3) cray-libsci/24.11.0 => cray-libsci/24.07.0
  4) cray-mpich/8.1.31 => cray-mpich/8.1.30
  5) cray-pmi/6.1.15 => cray-pmi/6.1.15.21
  6) craype/2.7.33 => craype/2.7.32
  7) darshan-runtime/3.4.6-mpi => darshan-runtime/3.4.4-mpi
  8) perftools-base/24.11.0 => perftools-base/24.07.0

Lmod Warning:
================================================================================

    Mixed compiler modules are being deprecated in a future release.
    For more information run: module help amd-mixed

================================================================================


While processing the following module(s):
    Module fullname  Module Filename
    ---------------  ---------------
    amd-mixed/7.1.1  /opt/cray/pe/lmod/modulefiles/mix_compilers/amd-mixed/7.1.1.lua


Lmod is automatically replacing "cce/18.0.0" with "gcc-native/13.2".


Lmod is automatically replacing "PrgEnv-cray/8.5.0" with "PrgEnv-gnu/8.5.0".

Lmod Warning:
================================================================================

    Mixed compiler modules are being deprecated in a future release.
    For more information run: module help amd-mixed

================================================================================


While processing the following module(s):
    Module fullname  Module Filename
    ---------------  ---------------
    amd-mixed/7.1.1  /opt/cray/pe/lmod/modulefiles/mix_compilers/amd-mixed/7.1.1.lua


Due to MODULEPATH changes, the following have been reloaded:
  1) cray-libsci/24.07.0     2) cray-mpich/8.1.30     3) darshan-runtime/3.4.4-mpi

Lmod Warning:
================================================================================

    Mixed compiler modules are being deprecated in a future release.
    For more information run: module help amd-mixed

================================================================================


While processing the following module(s):
    Module fullname  Module Filename
    ---------------  ---------------
    amd-mixed/7.1.1  /opt/cray/pe/lmod/modulefiles/mix_compilers/amd-mixed/7.1.1.lua

/lustre/orion/lrn070/proj-shared/ndelingat/HydraGNN/installation_DOE_supercomputers/HydraGNN-Installation-Frontier/hydragnn_venv/bin/python3.11
2.10.2 /lustre/orion/lrn070/proj-shared/ndelingat/HydraGNN/installation_DOE_supercomputers/HydraGNN-Installation-Frontier/hydragnn_venv/lib/python3.11/site-packages/adios2/__init__.py
2.12.1+rocm7.1 /lustre/orion/lrn070/proj-shared/ndelingat/HydraGNN/installation_DOE_supercomputers/HydraGNN-Installation-Frontier/hydragnn_venv/lib/python3.11/site-packages/torch/__init__.py

Note: the module "darshan-runtime" cannot be unloaded because it was not
loaded.

Lmod Warning:
================================================================================

    Mixed compiler modules are being deprecated in a future release.
    For more information run: module help amd-mixed

================================================================================


While processing the following module(s):
    Module fullname  Module Filename
    ---------------  ---------------
    amd-mixed/7.1.1  /opt/cray/pe/lmod/modulefiles/mix_compilers/amd-mixed/7.1.1.lua


Currently Loaded Modules:
  1) craype-x86-trento                13) rocm/7.1.1
  2) libfabric/2.3.1                  14) amd-mixed/7.1.1
  3) craype-network-ofi               15) craype-accel-amd-gfx90a
  4) xpmem/1.0.1-1.5_1_gfb6998056825  16) gcc-native/13.2
  5) Core/25.03                       17) craype/2.7.32
  6) tmux/3.4                         18) cray-dsmml/0.3.0
  7) hsi/default                      19) cray-mpich/8.1.30
  8) lfs-wrapper/0.0.1                20) cray-libsci/24.07.0
  9) DefApps                          21) PrgEnv-gnu/8.5.0
 10) cray-pmi/6.1.15.21               22) miniforge3/23.11.0-0
 11) perftools-base/24.07.0           23) git-lfs/3.5.1
 12) cpe/24.07

 

/opt/rocm-7.1.1/lib
/opt/rocm-7.1.1/llvm/lib
/opt/rocm-7.1.1/lib/roctracer
/opt/rocm-7.1.1/lib/rocprofiler
/opt/cray/pe/papi/7.1.0.2/lib64
/opt/cray/libfabric/2.3.1/lib64
PE_PRODUCT_LIST=CRAYPE:CRAY_PMI:CRAYPE_X86_TRENTO:PERFTOOLS:CRAYPAT:CRAY_ROCM:CRAY_ACCEL
ROCM_PATH=/opt/rocm-7.1.1
CRAY_ROCM_POST_LINK_OPTS= -L/opt/rocm-7.1.1/lib -L/opt/rocm-7.1.1/lib/rocprofiler -L/opt/rocm-7.1.1/lib/roctracer -lamdhip64
CRAY_ROCM_PREFIX=/opt/rocm-7.1.1
CRAY_ROCM_DIR=/opt/rocm-7.1.1
CRAY_ROCM_VERSION=7.1.1
CRAY_ROCM_INCLUDE_OPTS=-I/opt/rocm-7.1.1/include -I/opt/rocm-7.1.1/include/rocprofiler -I/opt/rocm-7.1.1/include/roctracer -I/opt/rocm-7.1.1/include/hip -D__HIP_PLATFORM_AMD__
__LMOD_REF_COUNT_PE_PRODUCT_LIST=CRAYPE:1;CRAY_PMI:1;CRAYPE_X86_TRENTO:1;PERFTOOLS:1;CRAYPAT:1;CRAY_ROCM:1;CRAY_ACCEL:1
MINICOM=-c on
MPICH_OFI_NIC_POLICY=NUMA
MPICH_DIR=/opt/cray/pe/mpich/8.1.30/ofi/gnu/12.3
HYDRA_LAUNCHER_EXTRA_ARGS=--external-launcher
HYDRA_BOOTSTRAP=slurm
/lustre/orion/lrn070/proj-shared/ndelingat/HydraGNN/installation_DOE_supercomputers/HydraGNN-Installation-Frontier/hydragnn_venv/bin/python3.11
1.26.4

============================================================
 HydraGNN oversmoothing array training
 Array task  : 0 / 14
 Config      : oversmoothing_configs/gin_n.json
 Run name    : gin_n-case2000
 Case        : pglib_opf_case2000_goc
 Nodes       : 4
 GPUs/ranks  : 32
 Epochs      : 50
 Batch size  : 32
============================================================

WARNING: All log messages before absl::InitializeLog() is called are written to STDERR
I0000 00:00:1785317956.929145 2943137 cudart_stub.cc:31] Could not find cuda drivers on your machine, GPU will not be used.
WARNING: All log messages before absl::InitializeLog() is called are written to STDERR
I0000 00:00:1785317956.929104 2943141 cudart_stub.cc:31] Could not find cuda drivers on your machine, GPU will not be used.
WARNING: All log messages before absl::InitializeLog() is called are written to STDERR
I0000 00:00:1785317956.929120 2943142 cudart_stub.cc:31] Could not find cuda drivers on your machine, GPU will not be used.
WARNING: All log messages before absl::InitializeLog() is called are written to STDERR
I0000 00:00:1785317956.929117 2943144 cudart_stub.cc:31] Could not find cuda drivers on your machine, GPU will not be used.
WARNING: All log messages before absl::InitializeLog() is called are written to STDERR
I0000 00:00:1785317956.929156 2943138 cudart_stub.cc:31] Could not find cuda drivers on your machine, GPU will not be used.
WARNING: All log messages before absl::InitializeLog() is called are written to STDERR
I0000 00:00:1785317956.929151 2943139 cudart_stub.cc:31] Could not find cuda drivers on your machine, GPU will not be used.
WARNING: All log messages before absl::InitializeLog() is called are written to STDERR
I0000 00:00:1785317956.929138 2943140 cudart_stub.cc:31] Could not find cuda drivers on your machine, GPU will not be used.
WARNING: All log messages before absl::InitializeLog() is called are written to STDERR
I0000 00:00:1785317956.929132 2943143 cudart_stub.cc:31] Could not find cuda drivers on your machine, GPU will not be used.
WARNING: All log messages before absl::InitializeLog() is called are written to STDERR
I0000 00:00:1785317957.196036 1474984 cudart_stub.cc:31] Could not find cuda drivers on your machine, GPU will not be used.
WARNING: All log messages before absl::InitializeLog() is called are written to STDERR
I0000 00:00:1785317957.196003 1474986 cudart_stub.cc:31] Could not find cuda drivers on your machine, GPU will not be used.
WARNING: All log messages before absl::InitializeLog() is called are written to STDERR
I0000 00:00:1785317957.196011 1474988 cudart_stub.cc:31] Could not find cuda drivers on your machine, GPU will not be used.
WARNING: All log messages before absl::InitializeLog() is called are written to STDERR
I0000 00:00:1785317957.196016 1474989 cudart_stub.cc:31] Could not find cuda drivers on your machine, GPU will not be used.
WARNING: All log messages before absl::InitializeLog() is called are written to STDERR
I0000 00:00:1785317957.196039 1474990 cudart_stub.cc:31] Could not find cuda drivers on your machine, GPU will not be used.
WARNING: All log messages before absl::InitializeLog() is called are written to STDERR
I0000 00:00:1785317957.196018 1474985 cudart_stub.cc:31] Could not find cuda drivers on your machine, GPU will not be used.
WARNING: All log messages before absl::InitializeLog() is called are written to STDERR
I0000 00:00:1785317957.196045 1474987 cudart_stub.cc:31] Could not find cuda drivers on your machine, GPU will not be used.
WARNING: All log messages before absl::InitializeLog() is called are written to STDERR
I0000 00:00:1785317957.196049 1474991 cudart_stub.cc:31] Could not find cuda drivers on your machine, GPU will not be used.
WARNING: All log messages before absl::InitializeLog() is called are written to STDERR
I0000 00:00:1785317957.221036  726383 cudart_stub.cc:31] Could not find cuda drivers on your machine, GPU will not be used.
WARNING: All log messages before absl::InitializeLog() is called are written to STDERR
I0000 00:00:1785317957.221092  726384 cudart_stub.cc:31] Could not find cuda drivers on your machine, GPU will not be used.
WARNING: All log messages before absl::InitializeLog() is called are written to STDERR
I0000 00:00:1785317957.221074  726385 cudart_stub.cc:31] Could not find cuda drivers on your machine, GPU will not be used.
WARNING: All log messages before absl::InitializeLog() is called are written to STDERR
I0000 00:00:1785317957.221058  726386 cudart_stub.cc:31] Could not find cuda drivers on your machine, GPU will not be used.
WARNING: All log messages before absl::InitializeLog() is called are written to STDERR
I0000 00:00:1785317957.221045  726387 cudart_stub.cc:31] Could not find cuda drivers on your machine, GPU will not be used.
WARNING: All log messages before absl::InitializeLog() is called are written to STDERR
I0000 00:00:1785317957.221081  726388 cudart_stub.cc:31] Could not find cuda drivers on your machine, GPU will not be used.
WARNING: All log messages before absl::InitializeLog() is called are written to STDERR
I0000 00:00:1785317957.221079  726389 cudart_stub.cc:31] Could not find cuda drivers on your machine, GPU will not be used.
WARNING: All log messages before absl::InitializeLog() is called are written to STDERR
I0000 00:00:1785317957.221062  726390 cudart_stub.cc:31] Could not find cuda drivers on your machine, GPU will not be used.
WARNING: All log messages before absl::InitializeLog() is called are written to STDERR
I0000 00:00:1785317957.239400 1885900 cudart_stub.cc:31] Could not find cuda drivers on your machine, GPU will not be used.
WARNING: All log messages before absl::InitializeLog() is called are written to STDERR
I0000 00:00:1785317957.239407 1885903 cudart_stub.cc:31] Could not find cuda drivers on your machine, GPU will not be used.
WARNING: All log messages before absl::InitializeLog() is called are written to STDERR
I0000 00:00:1785317957.239395 1885905 cudart_stub.cc:31] Could not find cuda drivers on your machine, GPU will not be used.
WARNING: All log messages before absl::InitializeLog() is called are written to STDERR
I0000 00:00:1785317957.239424 1885906 cudart_stub.cc:31] Could not find cuda drivers on your machine, GPU will not be used.
WARNING: All log messages before absl::InitializeLog() is called are written to STDERR
I0000 00:00:1785317957.239427 1885901 cudart_stub.cc:31] Could not find cuda drivers on your machine, GPU will not be used.
WARNING: All log messages before absl::InitializeLog() is called are written to STDERR
I0000 00:00:1785317957.239436 1885902 cudart_stub.cc:31] Could not find cuda drivers on your machine, GPU will not be used.
WARNING: All log messages before absl::InitializeLog() is called are written to STDERR
I0000 00:00:1785317957.239416 1885904 cudart_stub.cc:31] Could not find cuda drivers on your machine, GPU will not be used.
WARNING: All log messages before absl::InitializeLog() is called are written to STDERR
I0000 00:00:1785317957.239386 1885907 cudart_stub.cc:31] Could not find cuda drivers on your machine, GPU will not be used.
I0000 00:00:1785317957.687583  726383 cpu_feature_guard.cc:227] This TensorFlow binary is optimized to use available CPU instructions in performance-critical operations.
To enable the following instructions: AVX2 FMA, in other operations, rebuild TensorFlow with the appropriate compiler flags.
I0000 00:00:1785317957.687600  726384 cpu_feature_guard.cc:227] This TensorFlow binary is optimized to use available CPU instructions in performance-critical operations.
To enable the following instructions: AVX2 FMA, in other operations, rebuild TensorFlow with the appropriate compiler flags.
I0000 00:00:1785317957.687602  726385 cpu_feature_guard.cc:227] This TensorFlow binary is optimized to use available CPU instructions in performance-critical operations.
To enable the following instructions: AVX2 FMA, in other operations, rebuild TensorFlow with the appropriate compiler flags.
I0000 00:00:1785317957.687578  726386 cpu_feature_guard.cc:227] This TensorFlow binary is optimized to use available CPU instructions in performance-critical operations.
To enable the following instructions: AVX2 FMA, in other operations, rebuild TensorFlow with the appropriate compiler flags.
I0000 00:00:1785317957.687576  726387 cpu_feature_guard.cc:227] This TensorFlow binary is optimized to use available CPU instructions in performance-critical operations.
To enable the following instructions: AVX2 FMA, in other operations, rebuild TensorFlow with the appropriate compiler flags.
I0000 00:00:1785317957.687596  726388 cpu_feature_guard.cc:227] This TensorFlow binary is optimized to use available CPU instructions in performance-critical operations.
To enable the following instructions: AVX2 FMA, in other operations, rebuild TensorFlow with the appropriate compiler flags.
I0000 00:00:1785317957.687611  726389 cpu_feature_guard.cc:227] This TensorFlow binary is optimized to use available CPU instructions in performance-critical operations.
To enable the following instructions: AVX2 FMA, in other operations, rebuild TensorFlow with the appropriate compiler flags.
I0000 00:00:1785317957.687610  726390 cpu_feature_guard.cc:227] This TensorFlow binary is optimized to use available CPU instructions in performance-critical operations.
To enable the following instructions: AVX2 FMA, in other operations, rebuild TensorFlow with the appropriate compiler flags.
I0000 00:00:1785317957.687980 1474984 cpu_feature_guard.cc:227] This TensorFlow binary is optimized to use available CPU instructions in performance-critical operations.
To enable the following instructions: AVX2 FMA, in other operations, rebuild TensorFlow with the appropriate compiler flags.
I0000 00:00:1785317957.687991 1474985 cpu_feature_guard.cc:227] This TensorFlow binary is optimized to use available CPU instructions in performance-critical operations.
To enable the following instructions: AVX2 FMA, in other operations, rebuild TensorFlow with the appropriate compiler flags.
I0000 00:00:1785317957.688010 1474986 cpu_feature_guard.cc:227] This TensorFlow binary is optimized to use available CPU instructions in performance-critical operations.
To enable the following instructions: AVX2 FMA, in other operations, rebuild TensorFlow with the appropriate compiler flags.
I0000 00:00:1785317957.687996 1474987 cpu_feature_guard.cc:227] This TensorFlow binary is optimized to use available CPU instructions in performance-critical operations.
To enable the following instructions: AVX2 FMA, in other operations, rebuild TensorFlow with the appropriate compiler flags.
I0000 00:00:1785317957.688033 1474988 cpu_feature_guard.cc:227] This TensorFlow binary is optimized to use available CPU instructions in performance-critical operations.
To enable the following instructions: AVX2 FMA, in other operations, rebuild TensorFlow with the appropriate compiler flags.
I0000 00:00:1785317957.688019 1474989 cpu_feature_guard.cc:227] This TensorFlow binary is optimized to use available CPU instructions in performance-critical operations.
To enable the following instructions: AVX2 FMA, in other operations, rebuild TensorFlow with the appropriate compiler flags.
I0000 00:00:1785317957.688028 1474990 cpu_feature_guard.cc:227] This TensorFlow binary is optimized to use available CPU instructions in performance-critical operations.
To enable the following instructions: AVX2 FMA, in other operations, rebuild TensorFlow with the appropriate compiler flags.
I0000 00:00:1785317957.688024 1474991 cpu_feature_guard.cc:227] This TensorFlow binary is optimized to use available CPU instructions in performance-critical operations.
To enable the following instructions: AVX2 FMA, in other operations, rebuild TensorFlow with the appropriate compiler flags.
I0000 00:00:1785317957.688343 2943137 cpu_feature_guard.cc:227] This TensorFlow binary is optimized to use available CPU instructions in performance-critical operations.
To enable the following instructions: AVX2 FMA, in other operations, rebuild TensorFlow with the appropriate compiler flags.
I0000 00:00:1785317957.688369 2943138 cpu_feature_guard.cc:227] This TensorFlow binary is optimized to use available CPU instructions in performance-critical operations.
To enable the following instructions: AVX2 FMA, in other operations, rebuild TensorFlow with the appropriate compiler flags.
I0000 00:00:1785317957.688364 2943140 cpu_feature_guard.cc:227] This TensorFlow binary is optimized to use available CPU instructions in performance-critical operations.
To enable the following instructions: AVX2 FMA, in other operations, rebuild TensorFlow with the appropriate compiler flags.
I0000 00:00:1785317957.688352 2943142 cpu_feature_guard.cc:227] This TensorFlow binary is optimized to use available CPU instructions in performance-critical operations.
To enable the following instructions: AVX2 FMA, in other operations, rebuild TensorFlow with the appropriate compiler flags.
I0000 00:00:1785317957.688352 2943144 cpu_feature_guard.cc:227] This TensorFlow binary is optimized to use available CPU instructions in performance-critical operations.
To enable the following instructions: AVX2 FMA, in other operations, rebuild TensorFlow with the appropriate compiler flags.
I0000 00:00:1785317957.688381 2943139 cpu_feature_guard.cc:227] This TensorFlow binary is optimized to use available CPU instructions in performance-critical operations.
To enable the following instructions: AVX2 FMA, in other operations, rebuild TensorFlow with the appropriate compiler flags.
I0000 00:00:1785317957.688383 2943141 cpu_feature_guard.cc:227] This TensorFlow binary is optimized to use available CPU instructions in performance-critical operations.
To enable the following instructions: AVX2 FMA, in other operations, rebuild TensorFlow with the appropriate compiler flags.
I0000 00:00:1785317957.688398 2943143 cpu_feature_guard.cc:227] This TensorFlow binary is optimized to use available CPU instructions in performance-critical operations.
To enable the following instructions: AVX2 FMA, in other operations, rebuild TensorFlow with the appropriate compiler flags.
I0000 00:00:1785317957.691898 1885900 cpu_feature_guard.cc:227] This TensorFlow binary is optimized to use available CPU instructions in performance-critical operations.
To enable the following instructions: AVX2 FMA, in other operations, rebuild TensorFlow with the appropriate compiler flags.
I0000 00:00:1785317957.691875 1885901 cpu_feature_guard.cc:227] This TensorFlow binary is optimized to use available CPU instructions in performance-critical operations.
To enable the following instructions: AVX2 FMA, in other operations, rebuild TensorFlow with the appropriate compiler flags.
I0000 00:00:1785317957.691903 1885902 cpu_feature_guard.cc:227] This TensorFlow binary is optimized to use available CPU instructions in performance-critical operations.
To enable the following instructions: AVX2 FMA, in other operations, rebuild TensorFlow with the appropriate compiler flags.
I0000 00:00:1785317957.691885 1885907 cpu_feature_guard.cc:227] This TensorFlow binary is optimized to use available CPU instructions in performance-critical operations.
To enable the following instructions: AVX2 FMA, in other operations, rebuild TensorFlow with the appropriate compiler flags.
I0000 00:00:1785317957.691948 1885903 cpu_feature_guard.cc:227] This TensorFlow binary is optimized to use available CPU instructions in performance-critical operations.
To enable the following instructions: AVX2 FMA, in other operations, rebuild TensorFlow with the appropriate compiler flags.
I0000 00:00:1785317957.691933 1885904 cpu_feature_guard.cc:227] This TensorFlow binary is optimized to use available CPU instructions in performance-critical operations.
To enable the following instructions: AVX2 FMA, in other operations, rebuild TensorFlow with the appropriate compiler flags.
I0000 00:00:1785317957.691979 1885905 cpu_feature_guard.cc:227] This TensorFlow binary is optimized to use available CPU instructions in performance-critical operations.
To enable the following instructions: AVX2 FMA, in other operations, rebuild TensorFlow with the appropriate compiler flags.
I0000 00:00:1785317957.691970 1885906 cpu_feature_guard.cc:227] This TensorFlow binary is optimized to use available CPU instructions in performance-critical operations.
To enable the following instructions: AVX2 FMA, in other operations, rebuild TensorFlow with the appropriate compiler flags.
WARNING: All log messages before absl::InitializeLog() is called are written to STDERR
I0000 00:00:1785317962.617726  726385 cudart_stub.cc:31] Could not find cuda drivers on your machine, GPU will not be used.
WARNING: All log messages before absl::InitializeLog() is called are written to STDERR
I0000 00:00:1785317962.617810 2943138 cudart_stub.cc:31] Could not find cuda drivers on your machine, GPU will not be used.
WARNING: All log messages before absl::InitializeLog() is called are written to STDERR
I0000 00:00:1785317962.617735  726386 cudart_stub.cc:31] Could not find cuda drivers on your machine, GPU will not be used.
WARNING: All log messages before absl::InitializeLog() is called are written to STDERR
I0000 00:00:1785317962.617854 2943137 cudart_stub.cc:31] Could not find cuda drivers on your machine, GPU will not be used.
WARNING: All log messages before absl::InitializeLog() is called are written to STDERR
I0000 00:00:1785317962.617745  726384 cudart_stub.cc:31] Could not find cuda drivers on your machine, GPU will not be used.
WARNING: All log messages before absl::InitializeLog() is called are written to STDERR
I0000 00:00:1785317962.617952 1885900 cudart_stub.cc:31] Could not find cuda drivers on your machine, GPU will not be used.
WARNING: All log messages before absl::InitializeLog() is called are written to STDERR
I0000 00:00:1785317962.617873 2943139 cudart_stub.cc:31] Could not find cuda drivers on your machine, GPU will not be used.
WARNING: All log messages before absl::InitializeLog() is called are written to STDERR
I0000 00:00:1785317962.617763  726387 cudart_stub.cc:31] Could not find cuda drivers on your machine, GPU will not be used.
WARNING: All log messages before absl::InitializeLog() is called are written to STDERR
I0000 00:00:1785317962.617924 1885901 cudart_stub.cc:31] Could not find cuda drivers on your machine, GPU will not be used.
WARNING: All log messages before absl::InitializeLog() is called are written to STDERR
I0000 00:00:1785317962.617884 2943140 cudart_stub.cc:31] Could not find cuda drivers on your machine, GPU will not be used.
WARNING: All log messages before absl::InitializeLog() is called are written to STDERR
I0000 00:00:1785317962.617789  726388 cudart_stub.cc:31] Could not find cuda drivers on your machine, GPU will not be used.
WARNING: All log messages before absl::InitializeLog() is called are written to STDERR
I0000 00:00:1785317962.617904 1885902 cudart_stub.cc:31] Could not find cuda drivers on your machine, GPU will not be used.
WARNING: All log messages before absl::InitializeLog() is called are written to STDERR
I0000 00:00:1785317962.617862 2943144 cudart_stub.cc:31] Could not find cuda drivers on your machine, GPU will not be used.
WARNING: All log messages before absl::InitializeLog() is called are written to STDERR
I0000 00:00:1785317962.617741  726389 cudart_stub.cc:31] Could not find cuda drivers on your machine, GPU will not be used.
WARNING: All log messages before absl::InitializeLog() is called are written to STDERR
I0000 00:00:1785317962.617907 1885903 cudart_stub.cc:31] Could not find cuda drivers on your machine, GPU will not be used.
WARNING: All log messages before absl::InitializeLog() is called are written to STDERR
I0000 00:00:1785317962.617938 2943141 cudart_stub.cc:31] Could not find cuda drivers on your machine, GPU will not be used.
WARNING: All log messages before absl::InitializeLog() is called are written to STDERR
I0000 00:00:1785317962.617767  726390 cudart_stub.cc:31] Could not find cuda drivers on your machine, GPU will not be used.
WARNING: All log messages before absl::InitializeLog() is called are written to STDERR
I0000 00:00:1785317962.617926 1885904 cudart_stub.cc:31] Could not find cuda drivers on your machine, GPU will not be used.
WARNING: All log messages before absl::InitializeLog() is called are written to STDERR
I0000 00:00:1785317962.617923 2943142 cudart_stub.cc:31] Could not find cuda drivers on your machine, GPU will not be used.
WARNING: All log messages before absl::InitializeLog() is called are written to STDERR
I0000 00:00:1785317962.617832  726383 cudart_stub.cc:31] Could not find cuda drivers on your machine, GPU will not be used.
WARNING: All log messages before absl::InitializeLog() is called are written to STDERR
I0000 00:00:1785317962.617902 1885905 cudart_stub.cc:31] Could not find cuda drivers on your machine, GPU will not be used.
WARNING: All log messages before absl::InitializeLog() is called are written to STDERR
I0000 00:00:1785317962.617905 2943143 cudart_stub.cc:31] Could not find cuda drivers on your machine, GPU will not be used.
WARNING: All log messages before absl::InitializeLog() is called are written to STDERR
I0000 00:00:1785317962.617918 1885906 cudart_stub.cc:31] Could not find cuda drivers on your machine, GPU will not be used.
WARNING: All log messages before absl::InitializeLog() is called are written to STDERR
I0000 00:00:1785317962.618108 1474984 cudart_stub.cc:31] Could not find cuda drivers on your machine, GPU will not be used.
WARNING: All log messages before absl::InitializeLog() is called are written to STDERR
I0000 00:00:1785317962.617936 1885907 cudart_stub.cc:31] Could not find cuda drivers on your machine, GPU will not be used.
WARNING: All log messages before absl::InitializeLog() is called are written to STDERR
I0000 00:00:1785317962.618121 1474986 cudart_stub.cc:31] Could not find cuda drivers on your machine, GPU will not be used.
WARNING: All log messages before absl::InitializeLog() is called are written to STDERR
I0000 00:00:1785317962.618082 1474987 cudart_stub.cc:31] Could not find cuda drivers on your machine, GPU will not be used.
WARNING: All log messages before absl::InitializeLog() is called are written to STDERR
I0000 00:00:1785317962.618103 1474988 cudart_stub.cc:31] Could not find cuda drivers on your machine, GPU will not be used.
WARNING: All log messages before absl::InitializeLog() is called are written to STDERR
I0000 00:00:1785317962.618094 1474989 cudart_stub.cc:31] Could not find cuda drivers on your machine, GPU will not be used.
WARNING: All log messages before absl::InitializeLog() is called are written to STDERR
I0000 00:00:1785317962.618078 1474990 cudart_stub.cc:31] Could not find cuda drivers on your machine, GPU will not be used.
WARNING: All log messages before absl::InitializeLog() is called are written to STDERR
I0000 00:00:1785317962.618161 1474985 cudart_stub.cc:31] Could not find cuda drivers on your machine, GPU will not be used.
WARNING: All log messages before absl::InitializeLog() is called are written to STDERR
I0000 00:00:1785317962.618139 1474991 cudart_stub.cc:31] Could not find cuda drivers on your machine, GPU will not be used.
[W729 05:39:26.742952872 socket.cpp:764] [c10d] The client socket cannot be initialized to connect to [frontier06903.frontier.olcf.ornl.gov]:15705 (errno: 97 - Address family not supported by protocol).
[W729 05:39:26.742950918 socket.cpp:764] [c10d] The client socket cannot be initialized to connect to [frontier06903.frontier.olcf.ornl.gov]:15705 (errno: 97 - Address family not supported by protocol).
[W729 05:39:26.743010962 socket.cpp:764] [c10d] The client socket cannot be initialized to connect to [frontier06903.frontier.olcf.ornl.gov]:15705 (errno: 97 - Address family not supported by protocol).
[W729 05:39:26.743018757 socket.cpp:764] [c10d] The client socket cannot be initialized to connect to [frontier06903.frontier.olcf.ornl.gov]:15705 (errno: 97 - Address family not supported by protocol).
[W729 05:39:26.743026432 socket.cpp:764] [c10d] The client socket cannot be initialized to connect to [frontier06903.frontier.olcf.ornl.gov]:15705 (errno: 97 - Address family not supported by protocol).
[W729 05:39:26.743032423 socket.cpp:764] [c10d] The client socket cannot be initialized to connect to [frontier06903.frontier.olcf.ornl.gov]:15705 (errno: 97 - Address family not supported by protocol).
[W729 05:39:26.743037773 socket.cpp:764] [c10d] The client socket cannot be initialized to connect to [frontier06903.frontier.olcf.ornl.gov]:15705 (errno: 97 - Address family not supported by protocol).
Distributed data parallel: nccl master at 10.128.107.240:15705
[W729 05:39:26.767747365 socket.cpp:764] [c10d] The client socket cannot be initialized to connect to [frontier06903.frontier.olcf.ornl.gov]:15705 (errno: 97 - Address family not supported by protocol).
[W729 05:39:26.823150601 socket.cpp:764] [c10d] The client socket cannot be initialized to connect to [frontier06903.frontier.olcf.ornl.gov]:15705 (errno: 97 - Address family not supported by protocol).
[W729 05:39:26.830983878 socket.cpp:764] [c10d] The client socket cannot be initialized to connect to [frontier06903.frontier.olcf.ornl.gov]:15705 (errno: 97 - Address family not supported by protocol).
[W729 05:39:26.751134887 socket.cpp:764] [c10d] The client socket cannot be initialized to connect to [frontier06903.frontier.olcf.ornl.gov]:15705 (errno: 97 - Address family not supported by protocol).
[W729 05:39:26.751140117 socket.cpp:764] [c10d] The client socket cannot be initialized to connect to [frontier06903.frontier.olcf.ornl.gov]:15705 (errno: 97 - Address family not supported by protocol).
[W729 05:39:26.751129396 socket.cpp:764] [c10d] The client socket cannot be initialized to connect to [frontier06903.frontier.olcf.ornl.gov]:15705 (errno: 97 - Address family not supported by protocol).
[W729 05:39:26.838987735 socket.cpp:764] [c10d] The client socket cannot be initialized to connect to [frontier06903.frontier.olcf.ornl.gov]:15705 (errno: 97 - Address family not supported by protocol).
[W729 05:39:26.766883832 socket.cpp:764] [c10d] The client socket cannot be initialized to connect to [frontier06903.frontier.olcf.ornl.gov]:15705 (errno: 97 - Address family not supported by protocol).
[W729 05:39:26.850387454 socket.cpp:764] [c10d] The client socket cannot be initialized to connect to [frontier06903.frontier.olcf.ornl.gov]:15705 (errno: 97 - Address family not supported by protocol).
[W729 05:39:26.854405118 socket.cpp:764] [c10d] The client socket cannot be initialized to connect to [frontier06903.frontier.olcf.ornl.gov]:15705 (errno: 97 - Address family not supported by protocol).
[W729 05:39:26.774893292 socket.cpp:764] [c10d] The client socket cannot be initialized to connect to [frontier06903.frontier.olcf.ornl.gov]:15705 (errno: 97 - Address family not supported by protocol).
[W729 05:39:26.856544642 socket.cpp:764] [c10d] The client socket cannot be initialized to connect to [frontier06903.frontier.olcf.ornl.gov]:15705 (errno: 97 - Address family not supported by protocol).
[W729 05:39:26.304686211 socket.cpp:764] [c10d] The client socket cannot be initialized to connect to [frontier06903.frontier.olcf.ornl.gov]:15705 (errno: 97 - Address family not supported by protocol).
[W729 05:39:26.857229576 socket.cpp:764] [c10d] The client socket cannot be initialized to connect to [frontier06903.frontier.olcf.ornl.gov]:15705 (errno: 97 - Address family not supported by protocol).
[W729 05:39:26.858431448 socket.cpp:764] [c10d] The client socket cannot be initialized to connect to [frontier06903.frontier.olcf.ornl.gov]:15705 (errno: 97 - Address family not supported by protocol).
[W729 05:39:26.308653874 socket.cpp:764] [c10d] The client socket cannot be initialized to connect to [frontier06903.frontier.olcf.ornl.gov]:15705 (errno: 97 - Address family not supported by protocol).
[W729 05:39:26.311832449 socket.cpp:764] [c10d] The client socket cannot be initialized to connect to [frontier06903.frontier.olcf.ornl.gov]:15705 (errno: 97 - Address family not supported by protocol).
[W729 05:39:26.314958442 socket.cpp:764] [c10d] The client socket cannot be initialized to connect to [frontier06903.frontier.olcf.ornl.gov]:15705 (errno: 97 - Address family not supported by protocol).
[W729 05:39:26.790896972 socket.cpp:764] [c10d] The client socket cannot be initialized to connect to [frontier06903.frontier.olcf.ornl.gov]:15705 (errno: 97 - Address family not supported by protocol).
[W729 05:39:26.791480984 socket.cpp:764] [c10d] The client socket cannot be initialized to connect to [frontier06903.frontier.olcf.ornl.gov]:15705 (errno: 97 - Address family not supported by protocol).
[W729 05:39:26.791755988 socket.cpp:764] [c10d] The client socket cannot be initialized to connect to [frontier06903.frontier.olcf.ornl.gov]:15705 (errno: 97 - Address family not supported by protocol).
[W729 05:39:26.320739736 socket.cpp:764] [c10d] The client socket cannot be initialized to connect to [frontier06903.frontier.olcf.ornl.gov]:15705 (errno: 97 - Address family not supported by protocol).
[W729 05:39:26.328237904 socket.cpp:764] [c10d] The client socket cannot be initialized to connect to [frontier06903.frontier.olcf.ornl.gov]:15705 (errno: 97 - Address family not supported by protocol).
[W729 05:39:26.328451848 socket.cpp:764] [c10d] The client socket cannot be initialized to connect to [frontier06903.frontier.olcf.ornl.gov]:15705 (errno: 97 - Address family not supported by protocol).
[W729 05:39:26.328589936 socket.cpp:764] [c10d] The client socket cannot be initialized to connect to [frontier06903.frontier.olcf.ornl.gov]:15705 (errno: 97 - Address family not supported by protocol).
INFO (rank 17): trainset,valset,testset size: 13500 750 750
INFO (rank 19): trainset,valset,testset size: 13500 750 750
INFO (rank 23): trainset,valset,testset size: 13500 750 750
INFO (rank 21): trainset,valset,testset size: 13500 750 750
INFO (rank 1): trainset,valset,testset size: 13500 750 750
INFO (rank 18): trainset,valset,testset size: 13500 750 750
INFO (rank 20): trainset,valset,testset size: 13500 750 750
INFO (rank 2): trainset,valset,testset size: 13500 750 750
INFO (rank 24): trainset,valset,testset size: 13500 750 750
INFO (rank 22): trainset,valset,testset size: 13500 750 750
INFO (rank 3): trainset,valset,testset size: 13500 750 750
INFO (rank 25): trainset,valset,testset size: 13500 750 750
INFO (rank 16): trainset,valset,testset size: 13500 750 750
INFO (rank 4): trainset,valset,testset size: 13500 750 750
INFO (rank 26): trainset,valset,testset size: 13500 750 750
INFO (rank 7): trainset,valset,testset size: 13500 750 750
INFO (rank 30): trainset,valset,testset size: 13500 750 750
INFO (rank 6): trainset,valset,testset size: 13500 750 750
INFO (rank 28): trainset,valset,testset size: 13500 750 750
INFO (rank 5): trainset,valset,testset size: 13500 750 750
INFO (rank 29): trainset,valset,testset size: 13500 750 750
INFO (rank 27): trainset,valset,testset size: 13500 750 750
INFO (rank 31): trainset,valset,testset size: 13500 750 750
INFO (rank 9): trainset,valset,testset size: 13500 750 750
INFO (rank 11): trainset,valset,testset size: 13500 750 750
INFO (rank 15): trainset,valset,testset size: 13500 750 750
INFO (rank 13): trainset,valset,testset size: 13500 750 750
INFO (rank 8): trainset,valset,testset size: 13500 750 750
INFO (rank 12): trainset,valset,testset size: 13500 750 750
INFO (rank 14): trainset,valset,testset size: 13500 750 750
INFO (rank 10): trainset,valset,testset size: 13500 750 750
INFO (rank 0): HDF5 training mode: skipping OPF case discovery/download/split preparation.
INFO (rank 0): trainset,valset,testset size: 13500 750 750
0: Using GPU
Using FSDP: False Version: 1 Sharding: ShardingStrategy.FULL_SHARD
Using FSDP: False Version: 1 Sharding: ShardingStrategy.FULL_SHARD
Using FSDP: False Version: 1 Sharding: ShardingStrategy.FULL_SHARD
Using FSDP: False Version: 1 Sharding: ShardingStrategy.FULL_SHARD
Using FSDP: False Version: 1 Sharding: ShardingStrategy.FULL_SHARD
Using FSDP: False Version: 1 Sharding: ShardingStrategy.FULL_SHARD
Using FSDP: False Version: 1 Sharding: ShardingStrategy.FULL_SHARD
Using FSDP: False Version: 1 Sharding: ShardingStrategy.FULL_SHARD
Using FSDP: False Version: 1 Sharding: ShardingStrategy.FULL_SHARD
Using FSDP: False Version: 1 Sharding: ShardingStrategy.FULL_SHARD
Using FSDP: False Version: 1 Sharding: ShardingStrategy.FULL_SHARD
Using FSDP: False Version: 1 Sharding: ShardingStrategy.FULL_SHARD
Using FSDP: False Version: 1 Sharding: ShardingStrategy.FULL_SHARD
Using FSDP: False Version: 1 Sharding: ShardingStrategy.FULL_SHARD
Using FSDP: False Version: 1 Sharding: ShardingStrategy.FULL_SHARD
Using FSDP: False Version: 1 Sharding: ShardingStrategy.FULL_SHARD
Using FSDP: False Version: 1 Sharding: ShardingStrategy.FULL_SHARD
Using FSDP: False Version: 1 Sharding: ShardingStrategy.FULL_SHARD
Using FSDP: False Version: 1 Sharding: ShardingStrategy.FULL_SHARD
Using FSDP: False Version: 1 Sharding: ShardingStrategy.FULL_SHARD
Using FSDP: False Version: 1 Sharding: ShardingStrategy.FULL_SHARD
Using FSDP: False Version: 1 Sharding: ShardingStrategy.FULL_SHARD
Using FSDP: False Version: 1 Sharding: ShardingStrategy.FULL_SHARD
Using FSDP: False Version: 1 Sharding: ShardingStrategy.FULL_SHARD
Using FSDP: False Version: 1 Sharding: ShardingStrategy.FULL_SHARD
Using FSDP: False Version: 1 Sharding: ShardingStrategy.FULL_SHARD
Using FSDP: False Version: 1 Sharding: ShardingStrategy.FULL_SHARD
Using FSDP: False Version: 1 Sharding: ShardingStrategy.FULL_SHARD
Using FSDP: False Version: 1 Sharding: ShardingStrategy.FULL_SHARD
Using FSDP: False Version: 1 Sharding: ShardingStrategy.FULL_SHARD
0: CPUs, NVIDIA, and AMD GPUs do not need optimize wrapper
Using FSDP: False Version: 1 Sharding: ShardingStrategy.FULL_SHARD
0: Using GPU
Using FSDP: False Version: 1 Sharding: ShardingStrategy.FULL_SHARD
[diag][rank 0][1117548.404] Entering print_model
0: module.graph_convs.0.convs.<bus___ac_line___bus>.eps	                 [1]	         1
0: module.graph_convs.0.convs.<bus___ac_line___bus>.nn.0.weight	            [64, 64]	      4096
0: module.graph_convs.0.convs.<bus___ac_line___bus>.nn.0.bias	                [64]	        64
0: module.graph_convs.0.convs.<bus___ac_line___bus>.nn.2.weight	            [64, 64]	      4096
0: module.graph_convs.0.convs.<bus___ac_line___bus>.nn.2.bias	                [64]	        64
0: module.graph_convs.0.convs.<bus___transformer___bus>.eps	                 [1]	         1
0: module.graph_convs.0.convs.<bus___transformer___bus>.nn.0.weight	            [64, 64]	      4096
0: module.graph_convs.0.convs.<bus___transformer___bus>.nn.0.bias	                [64]	        64
0: module.graph_convs.0.convs.<bus___transformer___bus>.nn.2.weight	            [64, 64]	      4096
0: module.graph_convs.0.convs.<bus___transformer___bus>.nn.2.bias	                [64]	        64
0: module.graph_convs.0.convs.<generator___generator_link___bus>.eps	                 [1]	         1
0: module.graph_convs.0.convs.<generator___generator_link___bus>.nn.0.weight	            [64, 64]	      4096
0: module.graph_convs.0.convs.<generator___generator_link___bus>.nn.0.bias	                [64]	        64
0: module.graph_convs.0.convs.<generator___generator_link___bus>.nn.2.weight	            [64, 64]	      4096
0: module.graph_convs.0.convs.<generator___generator_link___bus>.nn.2.bias	                [64]	        64
0: module.graph_convs.0.convs.<bus___generator_link___generator>.eps	                 [1]	         1
0: module.graph_convs.0.convs.<bus___generator_link___generator>.nn.0.weight	            [64, 64]	      4096
0: module.graph_convs.0.convs.<bus___generator_link___generator>.nn.0.bias	                [64]	        64
0: module.graph_convs.0.convs.<bus___generator_link___generator>.nn.2.weight	            [64, 64]	      4096
0: module.graph_convs.0.convs.<bus___generator_link___generator>.nn.2.bias	                [64]	        64
0: module.graph_convs.0.convs.<load___load_link___bus>.eps	                 [1]	         1
0: module.graph_convs.0.convs.<load___load_link___bus>.nn.0.weight	            [64, 64]	      4096
0: module.graph_convs.0.convs.<load___load_link___bus>.nn.0.bias	                [64]	        64
0: module.graph_convs.0.convs.<load___load_link___bus>.nn.2.weight	            [64, 64]	      4096
0: module.graph_convs.0.convs.<load___load_link___bus>.nn.2.bias	                [64]	        64
0: module.graph_convs.0.convs.<bus___load_link___load>.eps	                 [1]	         1
0: module.graph_convs.0.convs.<bus___load_link___load>.nn.0.weight	            [64, 64]	      4096
0: module.graph_convs.0.convs.<bus___load_link___load>.nn.0.bias	                [64]	        64
0: module.graph_convs.0.convs.<bus___load_link___load>.nn.2.weight	            [64, 64]	      4096
0: module.graph_convs.0.convs.<bus___load_link___load>.nn.2.bias	                [64]	        64
0: module.graph_convs.0.convs.<shunt___shunt_link___bus>.eps	                 [1]	         1
0: module.graph_convs.0.convs.<shunt___shunt_link___bus>.nn.0.weight	            [64, 64]	      4096
0: module.graph_convs.0.convs.<shunt___shunt_link___bus>.nn.0.bias	                [64]	        64
0: module.graph_convs.0.convs.<shunt___shunt_link___bus>.nn.2.weight	            [64, 64]	      4096
0: module.graph_convs.0.convs.<shunt___shunt_link___bus>.nn.2.bias	                [64]	        64
0: module.graph_convs.0.convs.<bus___shunt_link___shunt>.eps	                 [1]	         1
0: module.graph_convs.0.convs.<bus___shunt_link___shunt>.nn.0.weight	            [64, 64]	      4096
0: module.graph_convs.0.convs.<bus___shunt_link___shunt>.nn.0.bias	                [64]	        64
0: module.graph_convs.0.convs.<bus___shunt_link___shunt>.nn.2.weight	            [64, 64]	      4096
0: module.graph_convs.0.convs.<bus___shunt_link___shunt>.nn.2.bias	                [64]	        64
0: module.graph_convs.1.convs.<bus___ac_line___bus>.eps	                 [1]	         1
0: module.graph_convs.1.convs.<bus___ac_line___bus>.nn.0.weight	            [64, 64]	      4096
0: module.graph_convs.1.convs.<bus___ac_line___bus>.nn.0.bias	                [64]	        64
0: module.graph_convs.1.convs.<bus___ac_line___bus>.nn.2.weight	            [64, 64]	      4096
0: module.graph_convs.1.convs.<bus___ac_line___bus>.nn.2.bias	                [64]	        64
0: module.graph_convs.1.convs.<bus___transformer___bus>.eps	                 [1]	         1
0: module.graph_convs.1.convs.<bus___transformer___bus>.nn.0.weight	            [64, 64]	      4096
0: module.graph_convs.1.convs.<bus___transformer___bus>.nn.0.bias	                [64]	        64
0: module.graph_convs.1.convs.<bus___transformer___bus>.nn.2.weight	            [64, 64]	      4096
0: module.graph_convs.1.convs.<bus___transformer___bus>.nn.2.bias	                [64]	        64
0: module.graph_convs.1.convs.<generator___generator_link___bus>.eps	                 [1]	         1
0: module.graph_convs.1.convs.<generator___generator_link___bus>.nn.0.weight	            [64, 64]	      4096
0: module.graph_convs.1.convs.<generator___generator_link___bus>.nn.0.bias	                [64]	        64
0: module.graph_convs.1.convs.<generator___generator_link___bus>.nn.2.weight	            [64, 64]	      4096
0: module.graph_convs.1.convs.<generator___generator_link___bus>.nn.2.bias	                [64]	        64
0: module.graph_convs.1.convs.<bus___generator_link___generator>.eps	                 [1]	         1
0: module.graph_convs.1.convs.<bus___generator_link___generator>.nn.0.weight	            [64, 64]	      4096
0: module.graph_convs.1.convs.<bus___generator_link___generator>.nn.0.bias	                [64]	        64
0: module.graph_convs.1.convs.<bus___generator_link___generator>.nn.2.weight	            [64, 64]	      4096
0: module.graph_convs.1.convs.<bus___generator_link___generator>.nn.2.bias	                [64]	        64
0: module.graph_convs.1.convs.<load___load_link___bus>.eps	                 [1]	         1
0: module.graph_convs.1.convs.<load___load_link___bus>.nn.0.weight	            [64, 64]	      4096
0: module.graph_convs.1.convs.<load___load_link___bus>.nn.0.bias	                [64]	        64
0: module.graph_convs.1.convs.<load___load_link___bus>.nn.2.weight	            [64, 64]	      4096
0: module.graph_convs.1.convs.<load___load_link___bus>.nn.2.bias	                [64]	        64
0: module.graph_convs.1.convs.<bus___load_link___load>.eps	                 [1]	         1
0: module.graph_convs.1.convs.<bus___load_link___load>.nn.0.weight	            [64, 64]	      4096
0: module.graph_convs.1.convs.<bus___load_link___load>.nn.0.bias	                [64]	        64
0: module.graph_convs.1.convs.<bus___load_link___load>.nn.2.weight	            [64, 64]	      4096
0: module.graph_convs.1.convs.<bus___load_link___load>.nn.2.bias	                [64]	        64
0: module.graph_convs.1.convs.<shunt___shunt_link___bus>.eps	                 [1]	         1
0: module.graph_convs.1.convs.<shunt___shunt_link___bus>.nn.0.weight	            [64, 64]	      4096
0: module.graph_convs.1.convs.<shunt___shunt_link___bus>.nn.0.bias	                [64]	        64
0: module.graph_convs.1.convs.<shunt___shunt_link___bus>.nn.2.weight	            [64, 64]	      4096
0: module.graph_convs.1.convs.<shunt___shunt_link___bus>.nn.2.bias	                [64]	        64
0: module.graph_convs.1.convs.<bus___shunt_link___shunt>.eps	                 [1]	         1
0: module.graph_convs.1.convs.<bus___shunt_link___shunt>.nn.0.weight	            [64, 64]	      4096
0: module.graph_convs.1.convs.<bus___shunt_link___shunt>.nn.0.bias	                [64]	        64
0: module.graph_convs.1.convs.<bus___shunt_link___shunt>.nn.2.weight	            [64, 64]	      4096
0: module.graph_convs.1.convs.<bus___shunt_link___shunt>.nn.2.bias	                [64]	        64
0: module.graph_convs.2.convs.<bus___ac_line___bus>.eps	                 [1]	         1
0: module.graph_convs.2.convs.<bus___ac_line___bus>.nn.0.weight	            [64, 64]	      4096
0: module.graph_convs.2.convs.<bus___ac_line___bus>.nn.0.bias	                [64]	        64
0: module.graph_convs.2.convs.<bus___ac_line___bus>.nn.2.weight	            [64, 64]	      4096
0: module.graph_convs.2.convs.<bus___ac_line___bus>.nn.2.bias	                [64]	        64
0: module.graph_convs.2.convs.<bus___transformer___bus>.eps	                 [1]	         1
0: module.graph_convs.2.convs.<bus___transformer___bus>.nn.0.weight	            [64, 64]	      4096
0: module.graph_convs.2.convs.<bus___transformer___bus>.nn.0.bias	                [64]	        64
0: module.graph_convs.2.convs.<bus___transformer___bus>.nn.2.weight	            [64, 64]	      4096
0: module.graph_convs.2.convs.<bus___transformer___bus>.nn.2.bias	                [64]	        64
0: module.graph_convs.2.convs.<generator___generator_link___bus>.eps	                 [1]	         1
0: module.graph_convs.2.convs.<generator___generator_link___bus>.nn.0.weight	            [64, 64]	      4096
0: module.graph_convs.2.convs.<generator___generator_link___bus>.nn.0.bias	                [64]	        64
0: module.graph_convs.2.convs.<generator___generator_link___bus>.nn.2.weight	            [64, 64]	      4096
0: module.graph_convs.2.convs.<generator___generator_link___bus>.nn.2.bias	                [64]	        64
0: module.graph_convs.2.convs.<bus___generator_link___generator>.eps	                 [1]	         1
0: module.graph_convs.2.convs.<bus___generator_link___generator>.nn.0.weight	            [64, 64]	      4096
0: module.graph_convs.2.convs.<bus___generator_link___generator>.nn.0.bias	                [64]	        64
0: module.graph_convs.2.convs.<bus___generator_link___generator>.nn.2.weight	            [64, 64]	      4096
0: module.graph_convs.2.convs.<bus___generator_link___generator>.nn.2.bias	                [64]	        64
0: module.graph_convs.2.convs.<load___load_link___bus>.eps	                 [1]	         1
0: module.graph_convs.2.convs.<load___load_link___bus>.nn.0.weight	            [64, 64]	      4096
0: module.graph_convs.2.convs.<load___load_link___bus>.nn.0.bias	                [64]	        64
0: module.graph_convs.2.convs.<load___load_link___bus>.nn.2.weight	            [64, 64]	      4096
0: module.graph_convs.2.convs.<load___load_link___bus>.nn.2.bias	                [64]	        64
0: module.graph_convs.2.convs.<bus___load_link___load>.eps	                 [1]	         1
0: module.graph_convs.2.convs.<bus___load_link___load>.nn.0.weight	            [64, 64]	      4096
0: module.graph_convs.2.convs.<bus___load_link___load>.nn.0.bias	                [64]	        64
0: module.graph_convs.2.convs.<bus___load_link___load>.nn.2.weight	            [64, 64]	      4096
0: module.graph_convs.2.convs.<bus___load_link___load>.nn.2.bias	                [64]	        64
0: module.graph_convs.2.convs.<shunt___shunt_link___bus>.eps	                 [1]	         1
0: module.graph_convs.2.convs.<shunt___shunt_link___bus>.nn.0.weight	            [64, 64]	      4096
0: module.graph_convs.2.convs.<shunt___shunt_link___bus>.nn.0.bias	                [64]	        64
0: module.graph_convs.2.convs.<shunt___shunt_link___bus>.nn.2.weight	            [64, 64]	      4096
0: module.graph_convs.2.convs.<shunt___shunt_link___bus>.nn.2.bias	                [64]	        64
0: module.graph_convs.2.convs.<bus___shunt_link___shunt>.eps	                 [1]	         1
0: module.graph_convs.2.convs.<bus___shunt_link___shunt>.nn.0.weight	            [64, 64]	      4096
0: module.graph_convs.2.convs.<bus___shunt_link___shunt>.nn.0.bias	                [64]	        64
0: module.graph_convs.2.convs.<bus___shunt_link___shunt>.nn.2.weight	            [64, 64]	      4096
0: module.graph_convs.2.convs.<bus___shunt_link___shunt>.nn.2.bias	                [64]	        64
0: module.graph_convs.3.convs.<bus___ac_line___bus>.eps	                 [1]	         1
0: module.graph_convs.3.convs.<bus___ac_line___bus>.nn.0.weight	            [64, 64]	      4096
0: module.graph_convs.3.convs.<bus___ac_line___bus>.nn.0.bias	                [64]	        64
0: module.graph_convs.3.convs.<bus___ac_line___bus>.nn.2.weight	            [64, 64]	      4096
0: module.graph_convs.3.convs.<bus___ac_line___bus>.nn.2.bias	                [64]	        64
0: module.graph_convs.3.convs.<bus___transformer___bus>.eps	                 [1]	         1
0: module.graph_convs.3.convs.<bus___transformer___bus>.nn.0.weight	            [64, 64]	      4096
0: module.graph_convs.3.convs.<bus___transformer___bus>.nn.0.bias	                [64]	        64
0: module.graph_convs.3.convs.<bus___transformer___bus>.nn.2.weight	            [64, 64]	      4096
0: module.graph_convs.3.convs.<bus___transformer___bus>.nn.2.bias	                [64]	        64
0: module.graph_convs.3.convs.<generator___generator_link___bus>.eps	                 [1]	         1
0: module.graph_convs.3.convs.<generator___generator_link___bus>.nn.0.weight	            [64, 64]	      4096
0: module.graph_convs.3.convs.<generator___generator_link___bus>.nn.0.bias	                [64]	        64
0: module.graph_convs.3.convs.<generator___generator_link___bus>.nn.2.weight	            [64, 64]	      4096
0: module.graph_convs.3.convs.<generator___generator_link___bus>.nn.2.bias	                [64]	        64
0: module.graph_convs.3.convs.<bus___generator_link___generator>.eps	                 [1]	         1
0: module.graph_convs.3.convs.<bus___generator_link___generator>.nn.0.weight	            [64, 64]	      4096
0: module.graph_convs.3.convs.<bus___generator_link___generator>.nn.0.bias	                [64]	        64
0: module.graph_convs.3.convs.<bus___generator_link___generator>.nn.2.weight	            [64, 64]	      4096
0: module.graph_convs.3.convs.<bus___generator_link___generator>.nn.2.bias	                [64]	        64
0: module.graph_convs.3.convs.<load___load_link___bus>.eps	                 [1]	         1
0: module.graph_convs.3.convs.<load___load_link___bus>.nn.0.weight	            [64, 64]	      4096
0: module.graph_convs.3.convs.<load___load_link___bus>.nn.0.bias	                [64]	        64
0: module.graph_convs.3.convs.<load___load_link___bus>.nn.2.weight	            [64, 64]	      4096
0: module.graph_convs.3.convs.<load___load_link___bus>.nn.2.bias	                [64]	        64
0: module.graph_convs.3.convs.<bus___load_link___load>.eps	                 [1]	         1
0: module.graph_convs.3.convs.<bus___load_link___load>.nn.0.weight	            [64, 64]	      4096
0: module.graph_convs.3.convs.<bus___load_link___load>.nn.0.bias	                [64]	        64
0: module.graph_convs.3.convs.<bus___load_link___load>.nn.2.weight	            [64, 64]	      4096
0: module.graph_convs.3.convs.<bus___load_link___load>.nn.2.bias	                [64]	        64
0: module.graph_convs.3.convs.<shunt___shunt_link___bus>.eps	                 [1]	         1
0: module.graph_convs.3.convs.<shunt___shunt_link___bus>.nn.0.weight	            [64, 64]	      4096
0: module.graph_convs.3.convs.<shunt___shunt_link___bus>.nn.0.bias	                [64]	        64
0: module.graph_convs.3.convs.<shunt___shunt_link___bus>.nn.2.weight	            [64, 64]	      4096
0: module.graph_convs.3.convs.<shunt___shunt_link___bus>.nn.2.bias	                [64]	        64
0: module.graph_convs.3.convs.<bus___shunt_link___shunt>.eps	                 [1]	         1
0: module.graph_convs.3.convs.<bus___shunt_link___shunt>.nn.0.weight	            [64, 64]	      4096
0: module.graph_convs.3.convs.<bus___shunt_link___shunt>.nn.0.bias	                [64]	        64
0: module.graph_convs.3.convs.<bus___shunt_link___shunt>.nn.2.weight	            [64, 64]	      4096
0: module.graph_convs.3.convs.<bus___shunt_link___shunt>.nn.2.bias	                [64]	        64
0:          module.feature_layers.0.bus.module.weight	                [64]	        64
0:            module.feature_layers.0.bus.module.bias	                [64]	        64
0:    module.feature_layers.0.bus.module.running_mean	                [64]	        64
0:     module.feature_layers.0.bus.module.running_var	                [64]	        64
0: module.feature_layers.0.bus.module.num_batches_tracked	                  []	         1
0:    module.feature_layers.0.generator.module.weight	                [64]	        64
0:      module.feature_layers.0.generator.module.bias	                [64]	        64
0: module.feature_layers.0.generator.module.running_mean	                [64]	        64
0: module.feature_layers.0.generator.module.running_var	                [64]	        64
0: module.feature_layers.0.generator.module.num_batches_tracked	                  []	         1
0:         module.feature_layers.0.load.module.weight	                [64]	        64
0:           module.feature_layers.0.load.module.bias	                [64]	        64
0:   module.feature_layers.0.load.module.running_mean	                [64]	        64
0:    module.feature_layers.0.load.module.running_var	                [64]	        64
0: module.feature_layers.0.load.module.num_batches_tracked	                  []	         1
0:        module.feature_layers.0.shunt.module.weight	                [64]	        64
0:          module.feature_layers.0.shunt.module.bias	                [64]	        64
0:  module.feature_layers.0.shunt.module.running_mean	                [64]	        64
0:   module.feature_layers.0.shunt.module.running_var	                [64]	        64
0: module.feature_layers.0.shunt.module.num_batches_tracked	                  []	         1
0:          module.feature_layers.1.bus.module.weight	                [64]	        64
0:            module.feature_layers.1.bus.module.bias	                [64]	        64
0:    module.feature_layers.1.bus.module.running_mean	                [64]	        64
0:     module.feature_layers.1.bus.module.running_var	                [64]	        64
0: module.feature_layers.1.bus.module.num_batches_tracked	                  []	         1
0:    module.feature_layers.1.generator.module.weight	                [64]	        64
0:      module.feature_layers.1.generator.module.bias	                [64]	        64
0: module.feature_layers.1.generator.module.running_mean	                [64]	        64
0: module.feature_layers.1.generator.module.running_var	                [64]	        64
0: module.feature_layers.1.generator.module.num_batches_tracked	                  []	         1
0:         module.feature_layers.1.load.module.weight	                [64]	        64
0:           module.feature_layers.1.load.module.bias	                [64]	        64
0:   module.feature_layers.1.load.module.running_mean	                [64]	        64
0:    module.feature_layers.1.load.module.running_var	                [64]	        64
0: module.feature_layers.1.load.module.num_batches_tracked	                  []	         1
0:        module.feature_layers.1.shunt.module.weight	                [64]	        64
0:          module.feature_layers.1.shunt.module.bias	                [64]	        64
0:  module.feature_layers.1.shunt.module.running_mean	                [64]	        64
0:   module.feature_layers.1.shunt.module.running_var	                [64]	        64
0: module.feature_layers.1.shunt.module.num_batches_tracked	                  []	         1
0:          module.feature_layers.2.bus.module.weight	                [64]	        64
0:            module.feature_layers.2.bus.module.bias	                [64]	        64
0:    module.feature_layers.2.bus.module.running_mean	                [64]	        64
0:     module.feature_layers.2.bus.module.running_var	                [64]	        64
0: module.feature_layers.2.bus.module.num_batches_tracked	                  []	         1
0:    module.feature_layers.2.generator.module.weight	                [64]	        64
0:      module.feature_layers.2.generator.module.bias	                [64]	        64
0: module.feature_layers.2.generator.module.running_mean	                [64]	        64
0: module.feature_layers.2.generator.module.running_var	                [64]	        64
0: module.feature_layers.2.generator.module.num_batches_tracked	                  []	         1
0:         module.feature_layers.2.load.module.weight	                [64]	        64
0:           module.feature_layers.2.load.module.bias	                [64]	        64
0:   module.feature_layers.2.load.module.running_mean	                [64]	        64
0:    module.feature_layers.2.load.module.running_var	                [64]	        64
0: module.feature_layers.2.load.module.num_batches_tracked	                  []	         1
0:        module.feature_layers.2.shunt.module.weight	                [64]	        64
0:          module.feature_layers.2.shunt.module.bias	                [64]	        64
0:  module.feature_layers.2.shunt.module.running_mean	                [64]	        64
0:   module.feature_layers.2.shunt.module.running_var	                [64]	        64
0: module.feature_layers.2.shunt.module.num_batches_tracked	                  []	         1
0:          module.feature_layers.3.bus.module.weight	                [64]	        64
0:            module.feature_layers.3.bus.module.bias	                [64]	        64
0:    module.feature_layers.3.bus.module.running_mean	                [64]	        64
0:     module.feature_layers.3.bus.module.running_var	                [64]	        64
0: module.feature_layers.3.bus.module.num_batches_tracked	                  []	         1
0:    module.feature_layers.3.generator.module.weight	                [64]	        64
0:      module.feature_layers.3.generator.module.bias	                [64]	        64
0: module.feature_layers.3.generator.module.running_mean	                [64]	        64
0: module.feature_layers.3.generator.module.running_var	                [64]	        64
0: module.feature_layers.3.generator.module.num_batches_tracked	                  []	         1
0:         module.feature_layers.3.load.module.weight	                [64]	        64
0:           module.feature_layers.3.load.module.bias	                [64]	        64
0:   module.feature_layers.3.load.module.running_mean	                [64]	        64
0:    module.feature_layers.3.load.module.running_var	                [64]	        64
0: module.feature_layers.3.load.module.num_batches_tracked	                  []	         1
0:        module.feature_layers.3.shunt.module.weight	                [64]	        64
0:          module.feature_layers.3.shunt.module.bias	                [64]	        64
0:  module.feature_layers.3.shunt.module.running_mean	                [64]	        64
0:   module.feature_layers.3.shunt.module.running_var	                [64]	        64
0: module.feature_layers.3.shunt.module.num_batches_tracked	                  []	         1
0:                   module.node_embedders.bus.weight	             [64, 4]	       256
0:                     module.node_embedders.bus.bias	                [64]	        64
0:             module.node_embedders.generator.weight	            [64, 11]	       704
0:               module.node_embedders.generator.bias	                [64]	        64
0:                  module.node_embedders.load.weight	             [64, 2]	       128
0:                    module.node_embedders.load.bias	                [64]	        64
0:                 module.node_embedders.shunt.weight	             [64, 2]	       128
0:                   module.node_embedders.shunt.bias	                [64]	        64
0:          module.heads_NN.0.branch-0.mlp.0.0.weight	            [32, 64]	      2048
0:            module.heads_NN.0.branch-0.mlp.0.0.bias	                [32]	        32
0:          module.heads_NN.0.branch-0.mlp.0.2.weight	            [16, 32]	       512
0:            module.heads_NN.0.branch-0.mlp.0.2.bias	                [16]	        16
0:          module.heads_NN.0.branch-0.mlp.0.4.weight	             [2, 16]	        32
0:            module.heads_NN.0.branch-0.mlp.0.4.bias	                 [2]	         2
0: --------------------------------------------------
0:                                              Total	                    	    274498
0: All (total, MB): 274498 1.04719
[diag][rank 0][1117548.416] Exited print_model
[diag][rank 0][1117548.416] Entering load_existing_model_config
[diag][rank 0][1117548.416] Exited load_existing_model_config
[diag][rank 0][1117548.416] Entering train_validate_test
[precision-diagnostic] requested=fp32 model_param_dtype=torch.float32
[precision-diagnostic] first_batch_float_dtype=torch.float32
[precision-diagnostic] first_optimizer_state_float_dtype=torch.float32
0: Max memory allocated after optimizer step: 1.24361984 GB 1.27926272 GB
0: Max memory allocated after optimizer step: 1.324912128 GB 1.38412032 GB
0: Max memory allocated after optimizer step: 1.324912128 GB 1.38412032 GB
0: Max memory allocated after optimizer step: 1.324912128 GB 1.38412032 GB
0: Max memory allocated after optimizer step: 1.324912128 GB 1.38412032 GB
0: Max memory allocated after optimizer step: 1.324912128 GB 1.38412032 GB
0: Max memory allocated after optimizer step: 1.324912128 GB 1.38412032 GB
0: Max memory allocated after optimizer step: 1.324912128 GB 1.38412032 GB
0: Max memory allocated after optimizer step: 1.324912128 GB 1.386217472 GB
0: Max memory allocated after optimizer step: 1.324912128 GB 1.386217472 GB
0: Max memory allocated after optimizer step: 1.324912128 GB 1.386217472 GB
0: Max memory allocated after optimizer step: 1.324912128 GB 1.386217472 GB
0: Max memory allocated after optimizer step: 1.324912128 GB 1.386217472 GB
0: Max memory allocated after optimizer step: 1.324912128 GB 1.386217472 GB
0: Epoch: 00, Train Loss: 0.60319543, Val Loss: 0.56629896, Test Loss: 0.56657189
0: Tasks Train Loss: [0.6031954288482666]
0: Tasks Val Loss: [0.5662989616394043]
0: Tasks Test Loss: [0.5665718913078308]
/lustre/orion/lrn070/proj-shared/ndelingat/HydraGNN/installation_DOE_supercomputers/HydraGNN-Installation-Frontier/hydragnn_venv/lib/python3.11/site-packages/torch/distributed/c10d_logger.py:83: UserWarning: barrier(): using the device under current context. You can specify `device_id` in `init_process_group` to mute this warning.
  return func(*args, **kwargs)
0: Creating Checkpoint: 0.566299
0: Best Performance Metric: 0.566299
[precision-diagnostic] requested=fp32 model_param_dtype=torch.float32
[precision-diagnostic] first_batch_float_dtype=torch.float32
[precision-diagnostic] first_optimizer_state_float_dtype=torch.float32
0: Max memory allocated after optimizer step: 1.324912128 GB 1.386217472 GB
0: Max memory allocated after optimizer step: 1.3249152 GB 1.386217472 GB
0: Max memory allocated after optimizer step: 1.3249152 GB 1.386217472 GB
0: Max memory allocated after optimizer step: 1.3249152 GB 1.386217472 GB
0: Max memory allocated after optimizer step: 1.3249152 GB 1.386217472 GB
0: Max memory allocated after optimizer step: 1.3249152 GB 1.386217472 GB
0: Max memory allocated after optimizer step: 1.3249152 GB 1.386217472 GB
0: Max memory allocated after optimizer step: 1.3249152 GB 1.386217472 GB
0: Max memory allocated after optimizer step: 1.3249152 GB 1.386217472 GB
0: Max memory allocated after optimizer step: 1.3249152 GB 1.386217472 GB
0: Max memory allocated after optimizer step: 1.3249152 GB 1.386217472 GB
0: Max memory allocated after optimizer step: 1.3249152 GB 1.386217472 GB
0: Max memory allocated after optimizer step: 1.3249152 GB 1.386217472 GB
0: Max memory allocated after optimizer step: 1.3249152 GB 1.386217472 GB
0: Epoch: 01, Train Loss: 0.29792416, Val Loss: 0.20410883, Test Loss: 0.20417805
0: Tasks Train Loss: [0.2979241609573364]
0: Tasks Val Loss: [0.2041088342666626]
0: Tasks Test Loss: [0.20417805016040802]
0: Creating Checkpoint: 0.204109
0: Best Performance Metric: 0.204109
[precision-diagnostic] requested=fp32 model_param_dtype=torch.float32
[precision-diagnostic] first_batch_float_dtype=torch.float32
[precision-diagnostic] first_optimizer_state_float_dtype=torch.float32
0: Max memory allocated after optimizer step: 1.3249152 GB 1.386217472 GB
0: Max memory allocated after optimizer step: 1.3249152 GB 1.386217472 GB
0: Max memory allocated after optimizer step: 1.3249152 GB 1.386217472 GB
0: Max memory allocated after optimizer step: 1.3249152 GB 1.386217472 GB
0: Max memory allocated after optimizer step: 1.3249152 GB 1.386217472 GB
0: Max memory allocated after optimizer step: 1.3249152 GB 1.386217472 GB
0: Max memory allocated after optimizer step: 1.3249152 GB 1.386217472 GB
0: Max memory allocated after optimizer step: 1.3249152 GB 1.386217472 GB
0: Max memory allocated after optimizer step: 1.3249152 GB 1.386217472 GB
0: Max memory allocated after optimizer step: 1.3249152 GB 1.386217472 GB
0: Max memory allocated after optimizer step: 1.3249152 GB 1.386217472 GB
0: Max memory allocated after optimizer step: 1.3249152 GB 1.386217472 GB
0: Max memory allocated after optimizer step: 1.3249152 GB 1.386217472 GB
0: Max memory allocated after optimizer step: 1.3249152 GB 1.386217472 GB
0: Epoch: 02, Train Loss: 0.09345873, Val Loss: 0.05385996, Test Loss: 0.05387520
0: Tasks Train Loss: [0.09345872700214386]
0: Tasks Val Loss: [0.05385996401309967]
0: Tasks Test Loss: [0.05387520417571068]
0: Creating Checkpoint: 0.053860
0: Best Performance Metric: 0.053860
[precision-diagnostic] requested=fp32 model_param_dtype=torch.float32
[precision-diagnostic] first_batch_float_dtype=torch.float32
[precision-diagnostic] first_optimizer_state_float_dtype=torch.float32
0: Max memory allocated after optimizer step: 1.3249152 GB 1.386217472 GB
0: Max memory allocated after optimizer step: 1.3249152 GB 1.386217472 GB
0: Max memory allocated after optimizer step: 1.3249152 GB 1.386217472 GB
0: Max memory allocated after optimizer step: 1.3249152 GB 1.386217472 GB
0: Max memory allocated after optimizer step: 1.3249152 GB 1.386217472 GB
0: Max memory allocated after optimizer step: 1.3249152 GB 1.386217472 GB
0: Max memory allocated after optimizer step: 1.3249152 GB 1.386217472 GB
0: Max memory allocated after optimizer step: 1.3249152 GB 1.386217472 GB
0: Max memory allocated after optimizer step: 1.3249152 GB 1.386217472 GB
0: Max memory allocated after optimizer step: 1.3249152 GB 1.386217472 GB
0: Max memory allocated after optimizer step: 1.3249152 GB 1.386217472 GB
0: Max memory allocated after optimizer step: 1.3249152 GB 1.386217472 GB
0: Max memory allocated after optimizer step: 1.3249152 GB 1.386217472 GB
0: Max memory allocated after optimizer step: 1.3249152 GB 1.386217472 GB
0: Epoch: 03, Train Loss: 0.02066933, Val Loss: 0.02662637, Test Loss: 0.02666742
0: Tasks Train Loss: [0.020669328048825264]
0: Tasks Val Loss: [0.026626374572515488]
0: Tasks Test Loss: [0.02666742354631424]
0: Creating Checkpoint: 0.026626
0: Best Performance Metric: 0.026626
[precision-diagnostic] requested=fp32 model_param_dtype=torch.float32
[precision-diagnostic] first_batch_float_dtype=torch.float32
[precision-diagnostic] first_optimizer_state_float_dtype=torch.float32
0: Max memory allocated after optimizer step: 1.3249152 GB 1.386217472 GB
0: Max memory allocated after optimizer step: 1.3249152 GB 1.386217472 GB
0: Max memory allocated after optimizer step: 1.3249152 GB 1.386217472 GB
0: Max memory allocated after optimizer step: 1.3249152 GB 1.386217472 GB
0: Max memory allocated after optimizer step: 1.3249152 GB 1.386217472 GB
0: Max memory allocated after optimizer step: 1.3249152 GB 1.386217472 GB
0: Max memory allocated after optimizer step: 1.3249152 GB 1.386217472 GB
0: Max memory allocated after optimizer step: 1.3249152 GB 1.386217472 GB
0: Max memory allocated after optimizer step: 1.3249152 GB 1.386217472 GB
0: Max memory allocated after optimizer step: 1.3249152 GB 1.386217472 GB
0: Max memory allocated after optimizer step: 1.3249152 GB 1.386217472 GB
0: Max memory allocated after optimizer step: 1.3249152 GB 1.386217472 GB
0: Max memory allocated after optimizer step: 1.3249152 GB 1.386217472 GB
0: Max memory allocated after optimizer step: 1.3249152 GB 1.386217472 GB
0: Epoch: 04, Train Loss: 0.01473806, Val Loss: 0.01538470, Test Loss: 0.01539881
0: Tasks Train Loss: [0.014738059602677822]
0: Tasks Val Loss: [0.015384698286652565]
0: Tasks Test Loss: [0.015398814342916012]
0: Creating Checkpoint: 0.015385
0: Best Performance Metric: 0.015385
[precision-diagnostic] requested=fp32 model_param_dtype=torch.float32
[precision-diagnostic] first_batch_float_dtype=torch.float32
[precision-diagnostic] first_optimizer_state_float_dtype=torch.float32
0: Max memory allocated after optimizer step: 1.3249152 GB 1.386217472 GB
0: Max memory allocated after optimizer step: 1.3249152 GB 1.386217472 GB
0: Max memory allocated after optimizer step: 1.3249152 GB 1.386217472 GB
0: Max memory allocated after optimizer step: 1.3249152 GB 1.386217472 GB
0: Max memory allocated after optimizer step: 1.3249152 GB 1.386217472 GB
0: Max memory allocated after optimizer step: 1.3249152 GB 1.386217472 GB
0: Max memory allocated after optimizer step: 1.3249152 GB 1.386217472 GB
0: Max memory allocated after optimizer step: 1.3249152 GB 1.386217472 GB
0: Max memory allocated after optimizer step: 1.3249152 GB 1.386217472 GB
0: Max memory allocated after optimizer step: 1.3249152 GB 1.386217472 GB
0: Max memory allocated after optimizer step: 1.3249152 GB 1.386217472 GB
0: Max memory allocated after optimizer step: 1.3249152 GB 1.386217472 GB
0: Max memory allocated after optimizer step: 1.3249152 GB 1.386217472 GB
0: Max memory allocated after optimizer step: 1.3249152 GB 1.386217472 GB
0: Epoch: 05, Train Loss: 0.01407529, Val Loss: 0.01403490, Test Loss: 0.01406816
0: Tasks Train Loss: [0.014075294137001038]
0: Tasks Val Loss: [0.014034898951649666]
0: Tasks Test Loss: [0.014068164862692356]
0: Creating Checkpoint: 0.014035
0: Best Performance Metric: 0.014035
[precision-diagnostic] requested=fp32 model_param_dtype=torch.float32
[precision-diagnostic] first_batch_float_dtype=torch.float32
[precision-diagnostic] first_optimizer_state_float_dtype=torch.float32
0: Max memory allocated after optimizer step: 1.3249152 GB 1.386217472 GB
0: Max memory allocated after optimizer step: 1.3249152 GB 1.386217472 GB
0: Max memory allocated after optimizer step: 1.3249152 GB 1.386217472 GB
0: Max memory allocated after optimizer step: 1.3249152 GB 1.386217472 GB
0: Max memory allocated after optimizer step: 1.3249152 GB 1.386217472 GB
0: Max memory allocated after optimizer step: 1.3249152 GB 1.386217472 GB
0: Max memory allocated after optimizer step: 1.3249152 GB 1.386217472 GB
0: Max memory allocated after optimizer step: 1.3249152 GB 1.386217472 GB
0: Max memory allocated after optimizer step: 1.3249152 GB 1.386217472 GB
0: Max memory allocated after optimizer step: 1.3249152 GB 1.386217472 GB
0: Max memory allocated after optimizer step: 1.3249152 GB 1.386217472 GB
0: Max memory allocated after optimizer step: 1.3249152 GB 1.386217472 GB
0: Max memory allocated after optimizer step: 1.3249152 GB 1.386217472 GB
0: Max memory allocated after optimizer step: 1.3249152 GB 1.386217472 GB
0: Epoch: 06, Train Loss: 0.01382300, Val Loss: 0.01383585, Test Loss: 0.01385548
0: Tasks Train Loss: [0.01382299792021513]
0: Tasks Val Loss: [0.013835852034389973]
0: Tasks Test Loss: [0.01385547500103712]
0: Creating Checkpoint: 0.013836
0: Best Performance Metric: 0.013836
[precision-diagnostic] requested=fp32 model_param_dtype=torch.float32
[precision-diagnostic] first_batch_float_dtype=torch.float32
[precision-diagnostic] first_optimizer_state_float_dtype=torch.float32
0: Max memory allocated after optimizer step: 1.3249152 GB 1.386217472 GB
0: Max memory allocated after optimizer step: 1.3249152 GB 1.386217472 GB
0: Max memory allocated after optimizer step: 1.3249152 GB 1.386217472 GB
0: Max memory allocated after optimizer step: 1.3249152 GB 1.386217472 GB
0: Max memory allocated after optimizer step: 1.3249152 GB 1.386217472 GB
0: Max memory allocated after optimizer step: 1.3249152 GB 1.386217472 GB
0: Max memory allocated after optimizer step: 1.3249152 GB 1.386217472 GB
0: Max memory allocated after optimizer step: 1.3249152 GB 1.386217472 GB
0: Max memory allocated after optimizer step: 1.3249152 GB 1.386217472 GB
0: Max memory allocated after optimizer step: 1.3249152 GB 1.386217472 GB
0: Max memory allocated after optimizer step: 1.3249152 GB 1.386217472 GB
0: Max memory allocated after optimizer step: 1.3249152 GB 1.386217472 GB
0: Max memory allocated after optimizer step: 1.3249152 GB 1.386217472 GB
0: Max memory allocated after optimizer step: 1.3249152 GB 1.386217472 GB
0: Epoch: 07, Train Loss: 0.01376056, Val Loss: 0.01394556, Test Loss: 0.01397152
0: Tasks Train Loss: [0.013760555535554886]
0: Tasks Val Loss: [0.01394556276500225]
0: Tasks Test Loss: [0.013971516862511635]
0: Best Performance Metric: 0.013836
[precision-diagnostic] requested=fp32 model_param_dtype=torch.float32
[precision-diagnostic] first_batch_float_dtype=torch.float32
[precision-diagnostic] first_optimizer_state_float_dtype=torch.float32
0: Max memory allocated after optimizer step: 1.3249152 GB 1.386217472 GB
0: Max memory allocated after optimizer step: 1.3249152 GB 1.386217472 GB
0: Max memory allocated after optimizer step: 1.3249152 GB 1.386217472 GB
0: Max memory allocated after optimizer step: 1.3249152 GB 1.386217472 GB
0: Max memory allocated after optimizer step: 1.3249152 GB 1.386217472 GB
0: Max memory allocated after optimizer step: 1.3249152 GB 1.386217472 GB
0: Max memory allocated after optimizer step: 1.3249152 GB 1.386217472 GB
0: Max memory allocated after optimizer step: 1.3249152 GB 1.386217472 GB
0: Max memory allocated after optimizer step: 1.3249152 GB 1.386217472 GB
0: Max memory allocated after optimizer step: 1.3249152 GB 1.386217472 GB
0: Max memory allocated after optimizer step: 1.3249152 GB 1.386217472 GB
0: Max memory allocated after optimizer step: 1.3249152 GB 1.386217472 GB
0: Max memory allocated after optimizer step: 1.3249152 GB 1.386217472 GB
0: Max memory allocated after optimizer step: 1.3249152 GB 1.386217472 GB
0: Epoch: 08, Train Loss: 0.01372269, Val Loss: 0.01411400, Test Loss: 0.01414958
0: Tasks Train Loss: [0.013722693547606468]
0: Tasks Val Loss: [0.014113999903202057]
0: Tasks Test Loss: [0.014149580150842667]
0: Best Performance Metric: 0.013836
[precision-diagnostic] requested=fp32 model_param_dtype=torch.float32
[precision-diagnostic] first_batch_float_dtype=torch.float32
[precision-diagnostic] first_optimizer_state_float_dtype=torch.float32
0: Max memory allocated after optimizer step: 1.3249152 GB 1.386217472 GB
0: Max memory allocated after optimizer step: 1.3249152 GB 1.386217472 GB
0: Max memory allocated after optimizer step: 1.3249152 GB 1.386217472 GB
0: Max memory allocated after optimizer step: 1.3249152 GB 1.386217472 GB
0: Max memory allocated after optimizer step: 1.3249152 GB 1.386217472 GB
0: Max memory allocated after optimizer step: 1.3249152 GB 1.386217472 GB
0: Max memory allocated after optimizer step: 1.3249152 GB 1.386217472 GB
0: Max memory allocated after optimizer step: 1.3249152 GB 1.386217472 GB
0: Max memory allocated after optimizer step: 1.3249152 GB 1.386217472 GB
0: Max memory allocated after optimizer step: 1.3249152 GB 1.386217472 GB
0: Max memory allocated after optimizer step: 1.3249152 GB 1.386217472 GB
0: Max memory allocated after optimizer step: 1.3249152 GB 1.386217472 GB
0: Max memory allocated after optimizer step: 1.3249152 GB 1.386217472 GB
0: Max memory allocated after optimizer step: 1.3249152 GB 1.386217472 GB
0: Epoch: 09, Train Loss: 0.01368268, Val Loss: 0.01643595, Test Loss: 0.01648774
0: Tasks Train Loss: [0.013682682998478413]
0: Tasks Val Loss: [0.016435952857136726]
0: Tasks Test Loss: [0.016487741842865944]
0: Best Performance Metric: 0.013836
[precision-diagnostic] requested=fp32 model_param_dtype=torch.float32
[precision-diagnostic] first_batch_float_dtype=torch.float32
[precision-diagnostic] first_optimizer_state_float_dtype=torch.float32
0: Max memory allocated after optimizer step: 1.3249152 GB 1.386217472 GB
0: Max memory allocated after optimizer step: 1.3249152 GB 1.386217472 GB
0: Max memory allocated after optimizer step: 1.3249152 GB 1.386217472 GB
0: Max memory allocated after optimizer step: 1.3249152 GB 1.386217472 GB
0: Max memory allocated after optimizer step: 1.3249152 GB 1.386217472 GB
0: Max memory allocated after optimizer step: 1.3249152 GB 1.386217472 GB
0: Max memory allocated after optimizer step: 1.3249152 GB 1.386217472 GB
0: Max memory allocated after optimizer step: 1.3249152 GB 1.386217472 GB
0: Max memory allocated after optimizer step: 1.3249152 GB 1.386217472 GB
0: Max memory allocated after optimizer step: 1.3249152 GB 1.386217472 GB
0: Max memory allocated after optimizer step: 1.3249152 GB 1.386217472 GB
0: Max memory allocated after optimizer step: 1.3249152 GB 1.386217472 GB
0: Max memory allocated after optimizer step: 1.3249152 GB 1.386217472 GB
0: Max memory allocated after optimizer step: 1.3249152 GB 1.386217472 GB
0: Epoch: 10, Train Loss: 0.01365966, Val Loss: 0.01431472, Test Loss: 0.01434293
0: Tasks Train Loss: [0.013659658841788769]
0: Tasks Val Loss: [0.014314718544483185]
0: Tasks Test Loss: [0.014342929236590862]
0: Best Performance Metric: 0.013836
[precision-diagnostic] requested=fp32 model_param_dtype=torch.float32
[precision-diagnostic] first_batch_float_dtype=torch.float32
[precision-diagnostic] first_optimizer_state_float_dtype=torch.float32
0: Max memory allocated after optimizer step: 1.3249152 GB 1.386217472 GB
0: Max memory allocated after optimizer step: 1.3249152 GB 1.386217472 GB
0: Max memory allocated after optimizer step: 1.3249152 GB 1.386217472 GB
0: Max memory allocated after optimizer step: 1.3249152 GB 1.386217472 GB
0: Max memory allocated after optimizer step: 1.3249152 GB 1.386217472 GB
0: Max memory allocated after optimizer step: 1.3249152 GB 1.386217472 GB
0: Max memory allocated after optimizer step: 1.3249152 GB 1.386217472 GB
0: Max memory allocated after optimizer step: 1.3249152 GB 1.386217472 GB
0: Max memory allocated after optimizer step: 1.3249152 GB 1.386217472 GB
0: Max memory allocated after optimizer step: 1.3249152 GB 1.386217472 GB
0: Max memory allocated after optimizer step: 1.3249152 GB 1.386217472 GB
0: Max memory allocated after optimizer step: 1.3249152 GB 1.386217472 GB
0: Max memory allocated after optimizer step: 1.3249152 GB 1.386217472 GB
0: Max memory allocated after optimizer step: 1.3249152 GB 1.386217472 GB
0: Epoch: 11, Train Loss: 0.01359394, Val Loss: 0.01388601, Test Loss: 0.01391655
0: Tasks Train Loss: [0.013593937270343304]
0: Tasks Val Loss: [0.013886011205613613]
0: Tasks Test Loss: [0.013916554860770702]
0: Best Performance Metric: 0.013836
[precision-diagnostic] requested=fp32 model_param_dtype=torch.float32
[precision-diagnostic] first_batch_float_dtype=torch.float32
[precision-diagnostic] first_optimizer_state_float_dtype=torch.float32
0: Max memory allocated after optimizer step: 1.3249152 GB 1.386217472 GB
0: Max memory allocated after optimizer step: 1.3249152 GB 1.386217472 GB
0: Max memory allocated after optimizer step: 1.3249152 GB 1.386217472 GB
0: Max memory allocated after optimizer step: 1.3249152 GB 1.386217472 GB
0: Max memory allocated after optimizer step: 1.3249152 GB 1.386217472 GB
0: Max memory allocated after optimizer step: 1.3249152 GB 1.386217472 GB
0: Max memory allocated after optimizer step: 1.3249152 GB 1.386217472 GB
0: Max memory allocated after optimizer step: 1.3249152 GB 1.386217472 GB
0: Max memory allocated after optimizer step: 1.3249152 GB 1.386217472 GB
0: Max memory allocated after optimizer step: 1.3249152 GB 1.386217472 GB
0: Max memory allocated after optimizer step: 1.3249152 GB 1.386217472 GB
0: Max memory allocated after optimizer step: 1.3249152 GB 1.386217472 GB
0: Max memory allocated after optimizer step: 1.3249152 GB 1.386217472 GB
0: Max memory allocated after optimizer step: 1.3249152 GB 1.386217472 GB
0: Epoch: 12, Train Loss: 0.01353782, Val Loss: 0.01686533, Test Loss: 0.01688068
0: Tasks Train Loss: [0.013537818565964699]
0: Tasks Val Loss: [0.016865327954292297]
0: Tasks Test Loss: [0.01688067987561226]
0: Best Performance Metric: 0.013836
[precision-diagnostic] requested=fp32 model_param_dtype=torch.float32
[precision-diagnostic] first_batch_float_dtype=torch.float32
[precision-diagnostic] first_optimizer_state_float_dtype=torch.float32
0: Max memory allocated after optimizer step: 1.3249152 GB 1.386217472 GB
0: Max memory allocated after optimizer step: 1.3249152 GB 1.386217472 GB
0: Max memory allocated after optimizer step: 1.3249152 GB 1.386217472 GB
0: Max memory allocated after optimizer step: 1.3249152 GB 1.386217472 GB
0: Max memory allocated after optimizer step: 1.3249152 GB 1.386217472 GB
0: Max memory allocated after optimizer step: 1.3249152 GB 1.386217472 GB
0: Max memory allocated after optimizer step: 1.3249152 GB 1.386217472 GB
0: Max memory allocated after optimizer step: 1.3249152 GB 1.386217472 GB
0: Max memory allocated after optimizer step: 1.3249152 GB 1.386217472 GB
0: Max memory allocated after optimizer step: 1.3249152 GB 1.386217472 GB
0: Max memory allocated after optimizer step: 1.3249152 GB 1.386217472 GB
0: Max memory allocated after optimizer step: 1.3249152 GB 1.386217472 GB
0: Max memory allocated after optimizer step: 1.3249152 GB 1.386217472 GB
0: Max memory allocated after optimizer step: 1.3249152 GB 1.386217472 GB
0: Epoch: 13, Train Loss: 0.01347386, Val Loss: 0.01374850, Test Loss: 0.01377316
0: Tasks Train Loss: [0.013473856262862682]
0: Tasks Val Loss: [0.013748503290116787]
0: Tasks Test Loss: [0.013773160986602306]
0: Creating Checkpoint: 0.013748
0: Best Performance Metric: 0.013748
[precision-diagnostic] requested=fp32 model_param_dtype=torch.float32
[precision-diagnostic] first_batch_float_dtype=torch.float32
[precision-diagnostic] first_optimizer_state_float_dtype=torch.float32
0: Max memory allocated after optimizer step: 1.3249152 GB 1.386217472 GB
0: Max memory allocated after optimizer step: 1.3249152 GB 1.386217472 GB
0: Max memory allocated after optimizer step: 1.3249152 GB 1.386217472 GB
0: Max memory allocated after optimizer step: 1.3249152 GB 1.386217472 GB
0: Max memory allocated after optimizer step: 1.3249152 GB 1.386217472 GB
0: Max memory allocated after optimizer step: 1.3249152 GB 1.386217472 GB
0: Max memory allocated after optimizer step: 1.3249152 GB 1.386217472 GB
0: Max memory allocated after optimizer step: 1.3249152 GB 1.386217472 GB
0: Max memory allocated after optimizer step: 1.3249152 GB 1.386217472 GB
0: Max memory allocated after optimizer step: 1.3249152 GB 1.386217472 GB
0: Max memory allocated after optimizer step: 1.3249152 GB 1.386217472 GB
0: Max memory allocated after optimizer step: 1.3249152 GB 1.386217472 GB
0: Max memory allocated after optimizer step: 1.3249152 GB 1.386217472 GB
0: Max memory allocated after optimizer step: 1.3249152 GB 1.386217472 GB
0: Epoch: 14, Train Loss: 0.01341137, Val Loss: 0.01390387, Test Loss: 0.01391861
0: Tasks Train Loss: [0.013411369174718857]
0: Tasks Val Loss: [0.013903874903917313]
0: Tasks Test Loss: [0.013918614946305752]
0: Best Performance Metric: 0.013748
[precision-diagnostic] requested=fp32 model_param_dtype=torch.float32
[precision-diagnostic] first_batch_float_dtype=torch.float32
[precision-diagnostic] first_optimizer_state_float_dtype=torch.float32
0: Max memory allocated after optimizer step: 1.3249152 GB 1.386217472 GB
0: Max memory allocated after optimizer step: 1.3249152 GB 1.386217472 GB
0: Max memory allocated after optimizer step: 1.3249152 GB 1.386217472 GB
0: Max memory allocated after optimizer step: 1.3249152 GB 1.386217472 GB
0: Max memory allocated after optimizer step: 1.3249152 GB 1.386217472 GB
0: Max memory allocated after optimizer step: 1.3249152 GB 1.386217472 GB
0: Max memory allocated after optimizer step: 1.3249152 GB 1.386217472 GB
0: Max memory allocated after optimizer step: 1.3249152 GB 1.386217472 GB
0: Max memory allocated after optimizer step: 1.3249152 GB 1.386217472 GB
0: Max memory allocated after optimizer step: 1.3249152 GB 1.386217472 GB
0: Max memory allocated after optimizer step: 1.3249152 GB 1.386217472 GB
0: Max memory allocated after optimizer step: 1.3249152 GB 1.386217472 GB
0: Max memory allocated after optimizer step: 1.3249152 GB 1.386217472 GB
0: Max memory allocated after optimizer step: 1.3249152 GB 1.386217472 GB
0: Epoch: 15, Train Loss: 0.01333705, Val Loss: 0.01417892, Test Loss: 0.01419827
0: Tasks Train Loss: [0.013337048701941967]
0: Tasks Val Loss: [0.014178921468555927]
0: Tasks Test Loss: [0.014198273420333862]
0: Best Performance Metric: 0.013748
[precision-diagnostic] requested=fp32 model_param_dtype=torch.float32
[precision-diagnostic] first_batch_float_dtype=torch.float32
[precision-diagnostic] first_optimizer_state_float_dtype=torch.float32
0: Max memory allocated after optimizer step: 1.3249152 GB 1.386217472 GB
0: Max memory allocated after optimizer step: 1.3249152 GB 1.386217472 GB
0: Max memory allocated after optimizer step: 1.3249152 GB 1.386217472 GB
0: Max memory allocated after optimizer step: 1.3249152 GB 1.386217472 GB
0: Max memory allocated after optimizer step: 1.3249152 GB 1.386217472 GB
0: Max memory allocated after optimizer step: 1.3249152 GB 1.386217472 GB
0: Max memory allocated after optimizer step: 1.3249152 GB 1.386217472 GB
0: Max memory allocated after optimizer step: 1.3249152 GB 1.386217472 GB
0: Max memory allocated after optimizer step: 1.3249152 GB 1.386217472 GB
0: Max memory allocated after optimizer step: 1.3249152 GB 1.386217472 GB
0: Max memory allocated after optimizer step: 1.3249152 GB 1.386217472 GB
0: Max memory allocated after optimizer step: 1.3249152 GB 1.386217472 GB
0: Max memory allocated after optimizer step: 1.3249152 GB 1.386217472 GB
0: Max memory allocated after optimizer step: 1.3249152 GB 1.386217472 GB
0: Epoch: 16, Train Loss: 0.01330824, Val Loss: 0.01464091, Test Loss: 0.01465985
0: Tasks Train Loss: [0.013308243826031685]
0: Tasks Val Loss: [0.014640909619629383]
0: Tasks Test Loss: [0.014659847132861614]
0: Best Performance Metric: 0.013748
[precision-diagnostic] requested=fp32 model_param_dtype=torch.float32
[precision-diagnostic] first_batch_float_dtype=torch.float32
[precision-diagnostic] first_optimizer_state_float_dtype=torch.float32
0: Max memory allocated after optimizer step: 1.3249152 GB 1.386217472 GB
0: Max memory allocated after optimizer step: 1.3249152 GB 1.386217472 GB
0: Max memory allocated after optimizer step: 1.3249152 GB 1.386217472 GB
0: Max memory allocated after optimizer step: 1.3249152 GB 1.386217472 GB
0: Max memory allocated after optimizer step: 1.3249152 GB 1.386217472 GB
0: Max memory allocated after optimizer step: 1.3249152 GB 1.386217472 GB
0: Max memory allocated after optimizer step: 1.3249152 GB 1.386217472 GB
0: Max memory allocated after optimizer step: 1.3249152 GB 1.386217472 GB
0: Max memory allocated after optimizer step: 1.3249152 GB 1.386217472 GB
0: Max memory allocated after optimizer step: 1.3249152 GB 1.386217472 GB
0: Max memory allocated after optimizer step: 1.3249152 GB 1.386217472 GB
0: Max memory allocated after optimizer step: 1.3249152 GB 1.386217472 GB
0: Max memory allocated after optimizer step: 1.3249152 GB 1.386217472 GB
0: Max memory allocated after optimizer step: 1.3249152 GB 1.386217472 GB
0: Epoch: 17, Train Loss: 0.01323775, Val Loss: 0.01758984, Test Loss: 0.01758470
0: Tasks Train Loss: [0.013237747363746166]
0: Tasks Val Loss: [0.017589841037988663]
0: Tasks Test Loss: [0.017584703862667084]
0: Best Performance Metric: 0.013748
[precision-diagnostic] requested=fp32 model_param_dtype=torch.float32
[precision-diagnostic] first_batch_float_dtype=torch.float32
[precision-diagnostic] first_optimizer_state_float_dtype=torch.float32
0: Max memory allocated after optimizer step: 1.3249152 GB 1.386217472 GB
0: Max memory allocated after optimizer step: 1.3249152 GB 1.386217472 GB
0: Max memory allocated after optimizer step: 1.3249152 GB 1.386217472 GB
0: Max memory allocated after optimizer step: 1.3249152 GB 1.386217472 GB
0: Max memory allocated after optimizer step: 1.3249152 GB 1.386217472 GB
0: Max memory allocated after optimizer step: 1.3249152 GB 1.386217472 GB
0: Max memory allocated after optimizer step: 1.3249152 GB 1.386217472 GB
0: Max memory allocated after optimizer step: 1.3249152 GB 1.386217472 GB
0: Max memory allocated after optimizer step: 1.3249152 GB 1.386217472 GB
0: Max memory allocated after optimizer step: 1.3249152 GB 1.386217472 GB
0: Max memory allocated after optimizer step: 1.3249152 GB 1.386217472 GB
0: Max memory allocated after optimizer step: 1.3249152 GB 1.386217472 GB
0: Max memory allocated after optimizer step: 1.3249152 GB 1.386217472 GB
0: Max memory allocated after optimizer step: 1.3249152 GB 1.386217472 GB
0: Epoch: 18, Train Loss: 0.01328094, Val Loss: 0.01687580, Test Loss: 0.01686580
0: Tasks Train Loss: [0.013280941173434258]
0: Tasks Val Loss: [0.016875796020030975]
0: Tasks Test Loss: [0.016865799203515053]
0: Best Performance Metric: 0.013748
[precision-diagnostic] requested=fp32 model_param_dtype=torch.float32
[precision-diagnostic] first_batch_float_dtype=torch.float32
[precision-diagnostic] first_optimizer_state_float_dtype=torch.float32
0: Max memory allocated after optimizer step: 1.3249152 GB 1.386217472 GB
0: Max memory allocated after optimizer step: 1.3249152 GB 1.386217472 GB
0: Max memory allocated after optimizer step: 1.3249152 GB 1.386217472 GB
0: Max memory allocated after optimizer step: 1.3249152 GB 1.386217472 GB
0: Max memory allocated after optimizer step: 1.3249152 GB 1.386217472 GB
0: Max memory allocated after optimizer step: 1.3249152 GB 1.386217472 GB
0: Max memory allocated after optimizer step: 1.3249152 GB 1.386217472 GB
0: Max memory allocated after optimizer step: 1.3249152 GB 1.386217472 GB
0: Max memory allocated after optimizer step: 1.3249152 GB 1.386217472 GB
0: Max memory allocated after optimizer step: 1.3249152 GB 1.386217472 GB
0: Max memory allocated after optimizer step: 1.3249152 GB 1.386217472 GB
0: Max memory allocated after optimizer step: 1.3249152 GB 1.386217472 GB
0: Max memory allocated after optimizer step: 1.3249152 GB 1.386217472 GB
0: Max memory allocated after optimizer step: 1.3249152 GB 1.386217472 GB
0: Epoch: 19, Train Loss: 0.01303376, Val Loss: 0.02240750, Test Loss: 0.02243351
0: Tasks Train Loss: [0.013033764436841011]
0: Tasks Val Loss: [0.022407500073313713]
0: Tasks Test Loss: [0.022433513775467873]
0: Best Performance Metric: 0.013748
[precision-diagnostic] requested=fp32 model_param_dtype=torch.float32
[precision-diagnostic] first_batch_float_dtype=torch.float32
[precision-diagnostic] first_optimizer_state_float_dtype=torch.float32
0: Max memory allocated after optimizer step: 1.3249152 GB 1.386217472 GB
0: Max memory allocated after optimizer step: 1.3249152 GB 1.386217472 GB
0: Max memory allocated after optimizer step: 1.3249152 GB 1.386217472 GB
0: Max memory allocated after optimizer step: 1.3249152 GB 1.386217472 GB
0: Max memory allocated after optimizer step: 1.3249152 GB 1.386217472 GB
0: Max memory allocated after optimizer step: 1.3249152 GB 1.386217472 GB
0: Max memory allocated after optimizer step: 1.3249152 GB 1.386217472 GB
0: Max memory allocated after optimizer step: 1.3249152 GB 1.386217472 GB
0: Max memory allocated after optimizer step: 1.3249152 GB 1.386217472 GB
0: Max memory allocated after optimizer step: 1.3249152 GB 1.386217472 GB
0: Max memory allocated after optimizer step: 1.3249152 GB 1.386217472 GB
0: Max memory allocated after optimizer step: 1.3249152 GB 1.386217472 GB
0: Max memory allocated after optimizer step: 1.3249152 GB 1.386217472 GB
0: Max memory allocated after optimizer step: 1.3249152 GB 1.386217472 GB
0: Epoch: 20, Train Loss: 0.01276841, Val Loss: 0.03688626, Test Loss: 0.03685449
0: Tasks Train Loss: [0.01276840828359127]
0: Tasks Val Loss: [0.03688625618815422]
0: Tasks Test Loss: [0.036854494363069534]
0: Best Performance Metric: 0.013748
[precision-diagnostic] requested=fp32 model_param_dtype=torch.float32
[precision-diagnostic] first_batch_float_dtype=torch.float32
[precision-diagnostic] first_optimizer_state_float_dtype=torch.float32
0: Max memory allocated after optimizer step: 1.3249152 GB 1.386217472 GB
0: Max memory allocated after optimizer step: 1.3249152 GB 1.386217472 GB
0: Max memory allocated after optimizer step: 1.3249152 GB 1.386217472 GB
0: Max memory allocated after optimizer step: 1.3249152 GB 1.386217472 GB
0: Max memory allocated after optimizer step: 1.3249152 GB 1.386217472 GB
0: Max memory allocated after optimizer step: 1.3249152 GB 1.386217472 GB
0: Max memory allocated after optimizer step: 1.3249152 GB 1.386217472 GB
0: Max memory allocated after optimizer step: 1.3249152 GB 1.386217472 GB
0: Max memory allocated after optimizer step: 1.3249152 GB 1.386217472 GB
0: Max memory allocated after optimizer step: 1.3249152 GB 1.386217472 GB
0: Max memory allocated after optimizer step: 1.3249152 GB 1.386217472 GB
0: Max memory allocated after optimizer step: 1.3249152 GB 1.386217472 GB
0: Max memory allocated after optimizer step: 1.3249152 GB 1.386217472 GB
0: Max memory allocated after optimizer step: 1.3249152 GB 1.386217472 GB
0: Epoch: 21, Train Loss: 0.01264536, Val Loss: 0.01617415, Test Loss: 0.01616573
0: Tasks Train Loss: [0.01264535915106535]
0: Tasks Val Loss: [0.01617414876818657]
0: Tasks Test Loss: [0.016165733337402344]
0: Best Performance Metric: 0.013748
[precision-diagnostic] requested=fp32 model_param_dtype=torch.float32
[precision-diagnostic] first_batch_float_dtype=torch.float32
[precision-diagnostic] first_optimizer_state_float_dtype=torch.float32
0: Max memory allocated after optimizer step: 1.3249152 GB 1.386217472 GB
0: Max memory allocated after optimizer step: 1.3249152 GB 1.386217472 GB
0: Max memory allocated after optimizer step: 1.3249152 GB 1.386217472 GB
0: Max memory allocated after optimizer step: 1.3249152 GB 1.386217472 GB
0: Max memory allocated after optimizer step: 1.3249152 GB 1.386217472 GB
0: Max memory allocated after optimizer step: 1.3249152 GB 1.386217472 GB
0: Max memory allocated after optimizer step: 1.3249152 GB 1.386217472 GB
0: Max memory allocated after optimizer step: 1.3249152 GB 1.386217472 GB
0: Max memory allocated after optimizer step: 1.3249152 GB 1.386217472 GB
0: Max memory allocated after optimizer step: 1.3249152 GB 1.386217472 GB
0: Max memory allocated after optimizer step: 1.3249152 GB 1.386217472 GB
0: Max memory allocated after optimizer step: 1.3249152 GB 1.386217472 GB
0: Max memory allocated after optimizer step: 1.3249152 GB 1.386217472 GB
0: Max memory allocated after optimizer step: 1.3249152 GB 1.386217472 GB
0: Epoch: 22, Train Loss: 0.01235272, Val Loss: 0.01318010, Test Loss: 0.01321008
0: Tasks Train Loss: [0.0123527180403471]
0: Tasks Val Loss: [0.013180098496377468]
0: Tasks Test Loss: [0.013210083357989788]
0: Creating Checkpoint: 0.013180
0: Best Performance Metric: 0.013180
[precision-diagnostic] requested=fp32 model_param_dtype=torch.float32
[precision-diagnostic] first_batch_float_dtype=torch.float32
[precision-diagnostic] first_optimizer_state_float_dtype=torch.float32
0: Max memory allocated after optimizer step: 1.3249152 GB 1.386217472 GB
0: Max memory allocated after optimizer step: 1.3249152 GB 1.386217472 GB
0: Max memory allocated after optimizer step: 1.3249152 GB 1.386217472 GB
0: Max memory allocated after optimizer step: 1.3249152 GB 1.386217472 GB
0: Max memory allocated after optimizer step: 1.3249152 GB 1.386217472 GB
0: Max memory allocated after optimizer step: 1.3249152 GB 1.386217472 GB
0: Max memory allocated after optimizer step: 1.3249152 GB 1.386217472 GB
0: Max memory allocated after optimizer step: 1.3249152 GB 1.386217472 GB
0: Max memory allocated after optimizer step: 1.3249152 GB 1.386217472 GB
0: Max memory allocated after optimizer step: 1.3249152 GB 1.386217472 GB
0: Max memory allocated after optimizer step: 1.3249152 GB 1.386217472 GB
0: Max memory allocated after optimizer step: 1.3249152 GB 1.386217472 GB
0: Max memory allocated after optimizer step: 1.3249152 GB 1.386217472 GB
0: Max memory allocated after optimizer step: 1.3249152 GB 1.386217472 GB
0: Epoch: 23, Train Loss: 0.01214253, Val Loss: 0.01694580, Test Loss: 0.01693320
0: Tasks Train Loss: [0.012142526917159557]
0: Tasks Val Loss: [0.01694580353796482]
0: Tasks Test Loss: [0.016933197155594826]
0: Best Performance Metric: 0.013180
[precision-diagnostic] requested=fp32 model_param_dtype=torch.float32
[precision-diagnostic] first_batch_float_dtype=torch.float32
[precision-diagnostic] first_optimizer_state_float_dtype=torch.float32
0: Max memory allocated after optimizer step: 1.3249152 GB 1.386217472 GB
0: Max memory allocated after optimizer step: 1.3249152 GB 1.386217472 GB
0: Max memory allocated after optimizer step: 1.3249152 GB 1.386217472 GB
0: Max memory allocated after optimizer step: 1.3249152 GB 1.386217472 GB
0: Max memory allocated after optimizer step: 1.3249152 GB 1.386217472 GB
0: Max memory allocated after optimizer step: 1.3249152 GB 1.386217472 GB
0: Max memory allocated after optimizer step: 1.3249152 GB 1.386217472 GB
0: Max memory allocated after optimizer step: 1.3249152 GB 1.386217472 GB
0: Max memory allocated after optimizer step: 1.3249152 GB 1.386217472 GB
0: Max memory allocated after optimizer step: 1.3249152 GB 1.386217472 GB
0: Max memory allocated after optimizer step: 1.3249152 GB 1.386217472 GB
0: Max memory allocated after optimizer step: 1.3249152 GB 1.386217472 GB
0: Max memory allocated after optimizer step: 1.3249152 GB 1.386217472 GB
0: Max memory allocated after optimizer step: 1.3249152 GB 1.386217472 GB
0: Epoch: 24, Train Loss: 0.01196634, Val Loss: 0.02582173, Test Loss: 0.02591597
0: Tasks Train Loss: [0.011966344900429249]
0: Tasks Val Loss: [0.025821728631854057]
0: Tasks Test Loss: [0.0259159654378891]
0: Best Performance Metric: 0.013180
[precision-diagnostic] requested=fp32 model_param_dtype=torch.float32
[precision-diagnostic] first_batch_float_dtype=torch.float32
[precision-diagnostic] first_optimizer_state_float_dtype=torch.float32
0: Max memory allocated after optimizer step: 1.3249152 GB 1.386217472 GB
0: Max memory allocated after optimizer step: 1.3249152 GB 1.386217472 GB
0: Max memory allocated after optimizer step: 1.3249152 GB 1.386217472 GB
0: Max memory allocated after optimizer step: 1.3249152 GB 1.386217472 GB
0: Max memory allocated after optimizer step: 1.3249152 GB 1.386217472 GB
0: Max memory allocated after optimizer step: 1.3249152 GB 1.386217472 GB
0: Max memory allocated after optimizer step: 1.3249152 GB 1.386217472 GB
0: Max memory allocated after optimizer step: 1.3249152 GB 1.386217472 GB
0: Max memory allocated after optimizer step: 1.3249152 GB 1.386217472 GB
0: Max memory allocated after optimizer step: 1.3249152 GB 1.386217472 GB
0: Max memory allocated after optimizer step: 1.3249152 GB 1.386217472 GB
0: Max memory allocated after optimizer step: 1.3249152 GB 1.386217472 GB
0: Max memory allocated after optimizer step: 1.3249152 GB 1.386217472 GB
0: Max memory allocated after optimizer step: 1.3249152 GB 1.386217472 GB
0: Epoch: 25, Train Loss: 0.01185118, Val Loss: 0.01724493, Test Loss: 0.01722566
0: Tasks Train Loss: [0.011851177550852299]
0: Tasks Val Loss: [0.01724492944777012]
0: Tasks Test Loss: [0.017225658521056175]
0: Best Performance Metric: 0.013180
[precision-diagnostic] requested=fp32 model_param_dtype=torch.float32
[precision-diagnostic] first_batch_float_dtype=torch.float32
[precision-diagnostic] first_optimizer_state_float_dtype=torch.float32
0: Max memory allocated after optimizer step: 1.3249152 GB 1.386217472 GB
0: Max memory allocated after optimizer step: 1.3249152 GB 1.386217472 GB
0: Max memory allocated after optimizer step: 1.3249152 GB 1.386217472 GB
0: Max memory allocated after optimizer step: 1.3249152 GB 1.386217472 GB
0: Max memory allocated after optimizer step: 1.3249152 GB 1.386217472 GB
0: Max memory allocated after optimizer step: 1.3249152 GB 1.386217472 GB
0: Max memory allocated after optimizer step: 1.3249152 GB 1.386217472 GB
0: Max memory allocated after optimizer step: 1.3249152 GB 1.386217472 GB
0: Max memory allocated after optimizer step: 1.3249152 GB 1.386217472 GB
0: Max memory allocated after optimizer step: 1.3249152 GB 1.386217472 GB
0: Max memory allocated after optimizer step: 1.3249152 GB 1.386217472 GB
0: Max memory allocated after optimizer step: 1.3249152 GB 1.386217472 GB
0: Max memory allocated after optimizer step: 1.3249152 GB 1.386217472 GB
0: Max memory allocated after optimizer step: 1.3249152 GB 1.386217472 GB
0: Epoch: 26, Train Loss: 0.01177557, Val Loss: 0.01241401, Test Loss: 0.01243882
0: Tasks Train Loss: [0.011775572784245014]
0: Tasks Val Loss: [0.012414012104272842]
0: Tasks Test Loss: [0.012438816018402576]
0: Creating Checkpoint: 0.012414
0: Best Performance Metric: 0.012414
[precision-diagnostic] requested=fp32 model_param_dtype=torch.float32
[precision-diagnostic] first_batch_float_dtype=torch.float32
[precision-diagnostic] first_optimizer_state_float_dtype=torch.float32
0: Max memory allocated after optimizer step: 1.3249152 GB 1.386217472 GB
0: Max memory allocated after optimizer step: 1.3249152 GB 1.386217472 GB
0: Max memory allocated after optimizer step: 1.3249152 GB 1.386217472 GB
0: Max memory allocated after optimizer step: 1.3249152 GB 1.386217472 GB
0: Max memory allocated after optimizer step: 1.3249152 GB 1.386217472 GB
0: Max memory allocated after optimizer step: 1.3249152 GB 1.386217472 GB
0: Max memory allocated after optimizer step: 1.3249152 GB 1.386217472 GB
0: Max memory allocated after optimizer step: 1.3249152 GB 1.386217472 GB
0: Max memory allocated after optimizer step: 1.3249152 GB 1.386217472 GB
0: Max memory allocated after optimizer step: 1.3249152 GB 1.386217472 GB
0: Max memory allocated after optimizer step: 1.3249152 GB 1.386217472 GB
0: Max memory allocated after optimizer step: 1.3249152 GB 1.386217472 GB
0: Max memory allocated after optimizer step: 1.3249152 GB 1.386217472 GB
0: Max memory allocated after optimizer step: 1.3249152 GB 1.386217472 GB
0: Epoch: 27, Train Loss: 0.01158180, Val Loss: 0.02090908, Test Loss: 0.02100843
0: Tasks Train Loss: [0.011581804603338242]
0: Tasks Val Loss: [0.020909084007143974]
0: Tasks Test Loss: [0.021008431911468506]
0: Best Performance Metric: 0.012414
[precision-diagnostic] requested=fp32 model_param_dtype=torch.float32
[precision-diagnostic] first_batch_float_dtype=torch.float32
[precision-diagnostic] first_optimizer_state_float_dtype=torch.float32
0: Max memory allocated after optimizer step: 1.3249152 GB 1.386217472 GB
0: Max memory allocated after optimizer step: 1.3249152 GB 1.386217472 GB
0: Max memory allocated after optimizer step: 1.3249152 GB 1.386217472 GB
0: Max memory allocated after optimizer step: 1.3249152 GB 1.386217472 GB
0: Max memory allocated after optimizer step: 1.3249152 GB 1.386217472 GB
0: Max memory allocated after optimizer step: 1.3249152 GB 1.386217472 GB
0: Max memory allocated after optimizer step: 1.3249152 GB 1.386217472 GB
0: Max memory allocated after optimizer step: 1.3249152 GB 1.386217472 GB
0: Max memory allocated after optimizer step: 1.3249152 GB 1.386217472 GB
0: Max memory allocated after optimizer step: 1.3249152 GB 1.386217472 GB
0: Max memory allocated after optimizer step: 1.3249152 GB 1.386217472 GB
0: Max memory allocated after optimizer step: 1.3249152 GB 1.386217472 GB
0: Max memory allocated after optimizer step: 1.3249152 GB 1.386217472 GB
0: Max memory allocated after optimizer step: 1.3249152 GB 1.386217472 GB
0: Epoch: 28, Train Loss: 0.01170853, Val Loss: 0.01435246, Test Loss: 0.01434821
0: Tasks Train Loss: [0.011708525940775871]
0: Tasks Val Loss: [0.014352462254464626]
0: Tasks Test Loss: [0.014348205178976059]
0: Best Performance Metric: 0.012414
[precision-diagnostic] requested=fp32 model_param_dtype=torch.float32
[precision-diagnostic] first_batch_float_dtype=torch.float32
[precision-diagnostic] first_optimizer_state_float_dtype=torch.float32
0: Max memory allocated after optimizer step: 1.3249152 GB 1.386217472 GB
0: Max memory allocated after optimizer step: 1.3249152 GB 1.386217472 GB
0: Max memory allocated after optimizer step: 1.3249152 GB 1.386217472 GB
0: Max memory allocated after optimizer step: 1.3249152 GB 1.386217472 GB
0: Max memory allocated after optimizer step: 1.3249152 GB 1.386217472 GB
0: Max memory allocated after optimizer step: 1.3249152 GB 1.386217472 GB
0: Max memory allocated after optimizer step: 1.3249152 GB 1.386217472 GB
0: Max memory allocated after optimizer step: 1.3249152 GB 1.386217472 GB
0: Max memory allocated after optimizer step: 1.3249152 GB 1.386217472 GB
0: Max memory allocated after optimizer step: 1.3249152 GB 1.386217472 GB
0: Max memory allocated after optimizer step: 1.3249152 GB 1.386217472 GB
0: Max memory allocated after optimizer step: 1.3249152 GB 1.386217472 GB
0: Max memory allocated after optimizer step: 1.3249152 GB 1.386217472 GB
0: Max memory allocated after optimizer step: 1.3249152 GB 1.386217472 GB
0: Epoch: 29, Train Loss: 0.01144814, Val Loss: 0.02160247, Test Loss: 0.02168194
0: Tasks Train Loss: [0.011448136530816555]
0: Tasks Val Loss: [0.02160247415304184]
0: Tasks Test Loss: [0.02168193645775318]
0: Best Performance Metric: 0.012414
[precision-diagnostic] requested=fp32 model_param_dtype=torch.float32
[precision-diagnostic] first_batch_float_dtype=torch.float32
[precision-diagnostic] first_optimizer_state_float_dtype=torch.float32
0: Max memory allocated after optimizer step: 1.3249152 GB 1.386217472 GB
0: Max memory allocated after optimizer step: 1.3249152 GB 1.386217472 GB
0: Max memory allocated after optimizer step: 1.3249152 GB 1.386217472 GB
0: Max memory allocated after optimizer step: 1.3249152 GB 1.386217472 GB
0: Max memory allocated after optimizer step: 1.3249152 GB 1.386217472 GB
0: Max memory allocated after optimizer step: 1.3249152 GB 1.386217472 GB
0: Max memory allocated after optimizer step: 1.3249152 GB 1.386217472 GB
0: Max memory allocated after optimizer step: 1.3249152 GB 1.386217472 GB
0: Max memory allocated after optimizer step: 1.3249152 GB 1.386217472 GB
0: Max memory allocated after optimizer step: 1.3249152 GB 1.386217472 GB
0: Max memory allocated after optimizer step: 1.3249152 GB 1.386217472 GB
0: Max memory allocated after optimizer step: 1.3249152 GB 1.386217472 GB
0: Max memory allocated after optimizer step: 1.3249152 GB 1.386217472 GB
0: Max memory allocated after optimizer step: 1.3249152 GB 1.386217472 GB
0: Epoch: 30, Train Loss: 0.01129919, Val Loss: 0.01477350, Test Loss: 0.01478022
0: Tasks Train Loss: [0.011299191042780876]
0: Tasks Val Loss: [0.014773495495319366]
0: Tasks Test Loss: [0.014780222438275814]
0: Best Performance Metric: 0.012414
[precision-diagnostic] requested=fp32 model_param_dtype=torch.float32
[precision-diagnostic] first_batch_float_dtype=torch.float32
[precision-diagnostic] first_optimizer_state_float_dtype=torch.float32
0: Max memory allocated after optimizer step: 1.3249152 GB 1.386217472 GB
0: Max memory allocated after optimizer step: 1.3249152 GB 1.386217472 GB
0: Max memory allocated after optimizer step: 1.3249152 GB 1.386217472 GB
0: Max memory allocated after optimizer step: 1.3249152 GB 1.386217472 GB
0: Max memory allocated after optimizer step: 1.3249152 GB 1.386217472 GB
0: Max memory allocated after optimizer step: 1.3249152 GB 1.386217472 GB
0: Max memory allocated after optimizer step: 1.3249152 GB 1.386217472 GB
0: Max memory allocated after optimizer step: 1.3249152 GB 1.386217472 GB
0: Max memory allocated after optimizer step: 1.3249152 GB 1.386217472 GB
0: Max memory allocated after optimizer step: 1.3249152 GB 1.386217472 GB
0: Max memory allocated after optimizer step: 1.3249152 GB 1.386217472 GB
0: Max memory allocated after optimizer step: 1.3249152 GB 1.386217472 GB
0: Max memory allocated after optimizer step: 1.3249152 GB 1.386217472 GB
0: Max memory allocated after optimizer step: 1.3249152 GB 1.386217472 GB
0: Epoch: 31, Train Loss: 0.01127593, Val Loss: 0.01409425, Test Loss: 0.01408807
0: Tasks Train Loss: [0.011275927536189556]
0: Tasks Val Loss: [0.014094253070652485]
0: Tasks Test Loss: [0.014088069088757038]
0: Best Performance Metric: 0.012414
[precision-diagnostic] requested=fp32 model_param_dtype=torch.float32
[precision-diagnostic] first_batch_float_dtype=torch.float32
[precision-diagnostic] first_optimizer_state_float_dtype=torch.float32
0: Max memory allocated after optimizer step: 1.3249152 GB 1.386217472 GB
0: Max memory allocated after optimizer step: 1.3249152 GB 1.386217472 GB
0: Max memory allocated after optimizer step: 1.3249152 GB 1.386217472 GB
0: Max memory allocated after optimizer step: 1.3249152 GB 1.386217472 GB
0: Max memory allocated after optimizer step: 1.3249152 GB 1.386217472 GB
0: Max memory allocated after optimizer step: 1.3249152 GB 1.386217472 GB
0: Max memory allocated after optimizer step: 1.3249152 GB 1.386217472 GB
0: Max memory allocated after optimizer step: 1.3249152 GB 1.386217472 GB
0: Max memory allocated after optimizer step: 1.3249152 GB 1.386217472 GB
0: Max memory allocated after optimizer step: 1.3249152 GB 1.386217472 GB
0: Max memory allocated after optimizer step: 1.3249152 GB 1.386217472 GB
0: Max memory allocated after optimizer step: 1.3249152 GB 1.386217472 GB
0: Max memory allocated after optimizer step: 1.3249152 GB 1.386217472 GB
0: Max memory allocated after optimizer step: 1.3249152 GB 1.386217472 GB
0: Epoch: 32, Train Loss: 0.01109695, Val Loss: 0.01321173, Test Loss: 0.01325811
0: Tasks Train Loss: [0.011096949689090252]
0: Tasks Val Loss: [0.01321172621101141]
0: Tasks Test Loss: [0.01325810793787241]
0: Best Performance Metric: 0.012414
[precision-diagnostic] requested=fp32 model_param_dtype=torch.float32
[precision-diagnostic] first_batch_float_dtype=torch.float32
[precision-diagnostic] first_optimizer_state_float_dtype=torch.float32
0: Max memory allocated after optimizer step: 1.3249152 GB 1.386217472 GB
0: Max memory allocated after optimizer step: 1.3249152 GB 1.386217472 GB
0: Max memory allocated after optimizer step: 1.3249152 GB 1.386217472 GB
0: Max memory allocated after optimizer step: 1.3249152 GB 1.386217472 GB
0: Max memory allocated after optimizer step: 1.3249152 GB 1.386217472 GB
0: Max memory allocated after optimizer step: 1.3249152 GB 1.386217472 GB
0: Max memory allocated after optimizer step: 1.3249152 GB 1.386217472 GB
0: Max memory allocated after optimizer step: 1.3249152 GB 1.386217472 GB
0: Max memory allocated after optimizer step: 1.3249152 GB 1.386217472 GB
0: Max memory allocated after optimizer step: 1.3249152 GB 1.386217472 GB
0: Max memory allocated after optimizer step: 1.3249152 GB 1.386217472 GB
0: Max memory allocated after optimizer step: 1.3249152 GB 1.386217472 GB
0: Max memory allocated after optimizer step: 1.3249152 GB 1.386217472 GB
0: Max memory allocated after optimizer step: 1.3249152 GB 1.386217472 GB
0: Epoch: 33, Train Loss: 0.01099150, Val Loss: 0.01146361, Test Loss: 0.01149148
0: Tasks Train Loss: [0.01099149789661169]
0: Tasks Val Loss: [0.011463606730103493]
0: Tasks Test Loss: [0.011491482146084309]
0: Creating Checkpoint: 0.011464
0: Best Performance Metric: 0.011464
[precision-diagnostic] requested=fp32 model_param_dtype=torch.float32
[precision-diagnostic] first_batch_float_dtype=torch.float32
[precision-diagnostic] first_optimizer_state_float_dtype=torch.float32
0: Max memory allocated after optimizer step: 1.3249152 GB 1.386217472 GB
0: Max memory allocated after optimizer step: 1.3249152 GB 1.386217472 GB
0: Max memory allocated after optimizer step: 1.3249152 GB 1.386217472 GB
0: Max memory allocated after optimizer step: 1.3249152 GB 1.386217472 GB
0: Max memory allocated after optimizer step: 1.3249152 GB 1.386217472 GB
0: Max memory allocated after optimizer step: 1.3249152 GB 1.386217472 GB
0: Max memory allocated after optimizer step: 1.3249152 GB 1.386217472 GB
0: Max memory allocated after optimizer step: 1.3249152 GB 1.386217472 GB
0: Max memory allocated after optimizer step: 1.3249152 GB 1.386217472 GB
0: Max memory allocated after optimizer step: 1.3249152 GB 1.386217472 GB
0: Max memory allocated after optimizer step: 1.3249152 GB 1.386217472 GB
0: Max memory allocated after optimizer step: 1.3249152 GB 1.386217472 GB
0: Max memory allocated after optimizer step: 1.3249152 GB 1.386217472 GB
0: Max memory allocated after optimizer step: 1.3249152 GB 1.386217472 GB
0: Epoch: 34, Train Loss: 0.01085261, Val Loss: 0.01782319, Test Loss: 0.01789040
0: Tasks Train Loss: [0.010852613486349583]
0: Tasks Val Loss: [0.01782318577170372]
0: Tasks Test Loss: [0.01789040118455887]
0: Best Performance Metric: 0.011464
[precision-diagnostic] requested=fp32 model_param_dtype=torch.float32
[precision-diagnostic] first_batch_float_dtype=torch.float32
[precision-diagnostic] first_optimizer_state_float_dtype=torch.float32
0: Max memory allocated after optimizer step: 1.3249152 GB 1.386217472 GB
0: Max memory allocated after optimizer step: 1.3249152 GB 1.386217472 GB
0: Max memory allocated after optimizer step: 1.3249152 GB 1.386217472 GB
0: Max memory allocated after optimizer step: 1.3249152 GB 1.386217472 GB
0: Max memory allocated after optimizer step: 1.3249152 GB 1.386217472 GB
0: Max memory allocated after optimizer step: 1.3249152 GB 1.386217472 GB
0: Max memory allocated after optimizer step: 1.3249152 GB 1.386217472 GB
0: Max memory allocated after optimizer step: 1.3249152 GB 1.386217472 GB
0: Max memory allocated after optimizer step: 1.3249152 GB 1.386217472 GB
0: Max memory allocated after optimizer step: 1.3249152 GB 1.386217472 GB
0: Max memory allocated after optimizer step: 1.3249152 GB 1.386217472 GB
0: Max memory allocated after optimizer step: 1.3249152 GB 1.386217472 GB
0: Max memory allocated after optimizer step: 1.3249152 GB 1.386217472 GB
0: Max memory allocated after optimizer step: 1.3249152 GB 1.386217472 GB
0: Epoch: 35, Train Loss: 0.01073410, Val Loss: 0.01744758, Test Loss: 0.01750411
0: Tasks Train Loss: [0.010734101757407188]
0: Tasks Val Loss: [0.01744757778942585]
0: Tasks Test Loss: [0.01750410534441471]
0: Best Performance Metric: 0.011464
[precision-diagnostic] requested=fp32 model_param_dtype=torch.float32
[precision-diagnostic] first_batch_float_dtype=torch.float32
[precision-diagnostic] first_optimizer_state_float_dtype=torch.float32
0: Max memory allocated after optimizer step: 1.3249152 GB 1.386217472 GB
0: Max memory allocated after optimizer step: 1.3249152 GB 1.386217472 GB
0: Max memory allocated after optimizer step: 1.3249152 GB 1.386217472 GB
0: Max memory allocated after optimizer step: 1.3249152 GB 1.386217472 GB
0: Max memory allocated after optimizer step: 1.3249152 GB 1.386217472 GB
0: Max memory allocated after optimizer step: 1.3249152 GB 1.386217472 GB
0: Max memory allocated after optimizer step: 1.3249152 GB 1.386217472 GB
0: Max memory allocated after optimizer step: 1.3249152 GB 1.386217472 GB
0: Max memory allocated after optimizer step: 1.3249152 GB 1.386217472 GB
0: Max memory allocated after optimizer step: 1.3249152 GB 1.386217472 GB
0: Max memory allocated after optimizer step: 1.3249152 GB 1.386217472 GB
0: Max memory allocated after optimizer step: 1.3249152 GB 1.386217472 GB
0: Max memory allocated after optimizer step: 1.3249152 GB 1.386217472 GB
0: Max memory allocated after optimizer step: 1.3249152 GB 1.386217472 GB
0: Epoch: 36, Train Loss: 0.01073736, Val Loss: 0.01427492, Test Loss: 0.01429566
0: Tasks Train Loss: [0.010737359523773193]
0: Tasks Val Loss: [0.014274920336902142]
0: Tasks Test Loss: [0.014295659959316254]
0: Best Performance Metric: 0.011464
[precision-diagnostic] requested=fp32 model_param_dtype=torch.float32
[precision-diagnostic] first_batch_float_dtype=torch.float32
[precision-diagnostic] first_optimizer_state_float_dtype=torch.float32
0: Max memory allocated after optimizer step: 1.3249152 GB 1.386217472 GB
0: Max memory allocated after optimizer step: 1.3249152 GB 1.386217472 GB
0: Max memory allocated after optimizer step: 1.3249152 GB 1.386217472 GB
0: Max memory allocated after optimizer step: 1.3249152 GB 1.386217472 GB
0: Max memory allocated after optimizer step: 1.3249152 GB 1.386217472 GB
0: Max memory allocated after optimizer step: 1.3249152 GB 1.386217472 GB
0: Max memory allocated after optimizer step: 1.3249152 GB 1.386217472 GB
0: Max memory allocated after optimizer step: 1.3249152 GB 1.386217472 GB
0: Max memory allocated after optimizer step: 1.3249152 GB 1.386217472 GB
0: Max memory allocated after optimizer step: 1.3249152 GB 1.386217472 GB
0: Max memory allocated after optimizer step: 1.3249152 GB 1.386217472 GB
0: Max memory allocated after optimizer step: 1.3249152 GB 1.386217472 GB
0: Max memory allocated after optimizer step: 1.3249152 GB 1.386217472 GB
0: Max memory allocated after optimizer step: 1.3249152 GB 1.386217472 GB
0: Epoch: 37, Train Loss: 0.01076836, Val Loss: 0.01520997, Test Loss: 0.01519723
0: Tasks Train Loss: [0.01076835859566927]
0: Tasks Val Loss: [0.015209969133138657]
0: Tasks Test Loss: [0.015197229571640491]
0: Best Performance Metric: 0.011464
[precision-diagnostic] requested=fp32 model_param_dtype=torch.float32
[precision-diagnostic] first_batch_float_dtype=torch.float32
[precision-diagnostic] first_optimizer_state_float_dtype=torch.float32
0: Max memory allocated after optimizer step: 1.3249152 GB 1.386217472 GB
0: Max memory allocated after optimizer step: 1.3249152 GB 1.386217472 GB
0: Max memory allocated after optimizer step: 1.3249152 GB 1.386217472 GB
0: Max memory allocated after optimizer step: 1.3249152 GB 1.386217472 GB
0: Max memory allocated after optimizer step: 1.3249152 GB 1.386217472 GB
0: Max memory allocated after optimizer step: 1.3249152 GB 1.386217472 GB
0: Max memory allocated after optimizer step: 1.3249152 GB 1.386217472 GB
0: Max memory allocated after optimizer step: 1.3249152 GB 1.386217472 GB
0: Max memory allocated after optimizer step: 1.3249152 GB 1.386217472 GB
0: Max memory allocated after optimizer step: 1.3249152 GB 1.386217472 GB
0: Max memory allocated after optimizer step: 1.3249152 GB 1.386217472 GB
0: Max memory allocated after optimizer step: 1.3249152 GB 1.386217472 GB
0: Max memory allocated after optimizer step: 1.3249152 GB 1.386217472 GB
0: Max memory allocated after optimizer step: 1.3249152 GB 1.386217472 GB
0: Epoch: 38, Train Loss: 0.01073436, Val Loss: 0.01311349, Test Loss: 0.01313069
0: Tasks Train Loss: [0.010734363459050655]
0: Tasks Val Loss: [0.013113493099808693]
0: Tasks Test Loss: [0.01313068624585867]
0: Best Performance Metric: 0.011464
[precision-diagnostic] requested=fp32 model_param_dtype=torch.float32
[precision-diagnostic] first_batch_float_dtype=torch.float32
[precision-diagnostic] first_optimizer_state_float_dtype=torch.float32
0: Max memory allocated after optimizer step: 1.3249152 GB 1.386217472 GB
0: Max memory allocated after optimizer step: 1.3249152 GB 1.386217472 GB
0: Max memory allocated after optimizer step: 1.3249152 GB 1.386217472 GB
0: Max memory allocated after optimizer step: 1.3249152 GB 1.386217472 GB
0: Max memory allocated after optimizer step: 1.3249152 GB 1.386217472 GB
0: Max memory allocated after optimizer step: 1.3249152 GB 1.386217472 GB
0: Max memory allocated after optimizer step: 1.3249152 GB 1.386217472 GB
0: Max memory allocated after optimizer step: 1.3249152 GB 1.386217472 GB
0: Max memory allocated after optimizer step: 1.3249152 GB 1.386217472 GB
0: Max memory allocated after optimizer step: 1.3249152 GB 1.386217472 GB
0: Max memory allocated after optimizer step: 1.3249152 GB 1.386217472 GB
0: Max memory allocated after optimizer step: 1.3249152 GB 1.386217472 GB
0: Max memory allocated after optimizer step: 1.3249152 GB 1.386217472 GB
0: Max memory allocated after optimizer step: 1.3249152 GB 1.386217472 GB
0: Epoch: 39, Train Loss: 0.01058874, Val Loss: 0.01482332, Test Loss: 0.01484534
0: Tasks Train Loss: [0.010588739067316055]
0: Tasks Val Loss: [0.014823315665125847]
0: Tasks Test Loss: [0.014845340512692928]
0: Best Performance Metric: 0.011464
[precision-diagnostic] requested=fp32 model_param_dtype=torch.float32
[precision-diagnostic] first_batch_float_dtype=torch.float32
[precision-diagnostic] first_optimizer_state_float_dtype=torch.float32
0: Max memory allocated after optimizer step: 1.3249152 GB 1.386217472 GB
0: Max memory allocated after optimizer step: 1.3249152 GB 1.386217472 GB
0: Max memory allocated after optimizer step: 1.3249152 GB 1.386217472 GB
0: Max memory allocated after optimizer step: 1.3249152 GB 1.386217472 GB
0: Max memory allocated after optimizer step: 1.3249152 GB 1.386217472 GB
0: Max memory allocated after optimizer step: 1.3249152 GB 1.386217472 GB
0: Max memory allocated after optimizer step: 1.3249152 GB 1.386217472 GB
0: Max memory allocated after optimizer step: 1.3249152 GB 1.386217472 GB
0: Max memory allocated after optimizer step: 1.3249152 GB 1.386217472 GB
0: Max memory allocated after optimizer step: 1.3249152 GB 1.386217472 GB
0: Max memory allocated after optimizer step: 1.3249152 GB 1.386217472 GB
0: Max memory allocated after optimizer step: 1.3249152 GB 1.386217472 GB
0: Max memory allocated after optimizer step: 1.3249152 GB 1.386217472 GB
0: Max memory allocated after optimizer step: 1.3249152 GB 1.386217472 GB
0: Epoch: 40, Train Loss: 0.01048059, Val Loss: 0.01151965, Test Loss: 0.01155314
0: Tasks Train Loss: [0.010480586439371109]
0: Tasks Val Loss: [0.011519650928676128]
0: Tasks Test Loss: [0.011553144082427025]
0: Best Performance Metric: 0.011464
[precision-diagnostic] requested=fp32 model_param_dtype=torch.float32
[precision-diagnostic] first_batch_float_dtype=torch.float32
[precision-diagnostic] first_optimizer_state_float_dtype=torch.float32
0: Max memory allocated after optimizer step: 1.3249152 GB 1.386217472 GB
0: Max memory allocated after optimizer step: 1.3249152 GB 1.386217472 GB
0: Max memory allocated after optimizer step: 1.3249152 GB 1.386217472 GB
0: Max memory allocated after optimizer step: 1.3249152 GB 1.386217472 GB
0: Max memory allocated after optimizer step: 1.3249152 GB 1.386217472 GB
0: Max memory allocated after optimizer step: 1.3249152 GB 1.386217472 GB
0: Max memory allocated after optimizer step: 1.3249152 GB 1.386217472 GB
0: Max memory allocated after optimizer step: 1.3249152 GB 1.386217472 GB
0: Max memory allocated after optimizer step: 1.3249152 GB 1.386217472 GB
0: Max memory allocated after optimizer step: 1.3249152 GB 1.386217472 GB
0: Max memory allocated after optimizer step: 1.3249152 GB 1.386217472 GB
0: Max memory allocated after optimizer step: 1.3249152 GB 1.386217472 GB
0: Max memory allocated after optimizer step: 1.3249152 GB 1.386217472 GB
0: Max memory allocated after optimizer step: 1.3249152 GB 1.386217472 GB
0: Epoch: 41, Train Loss: 0.01043041, Val Loss: 0.01127260, Test Loss: 0.01130457
0: Tasks Train Loss: [0.010430412366986275]
0: Tasks Val Loss: [0.011272603645920753]
0: Tasks Test Loss: [0.011304570361971855]
0: Creating Checkpoint: 0.011273
0: Best Performance Metric: 0.011273
[precision-diagnostic] requested=fp32 model_param_dtype=torch.float32
[precision-diagnostic] first_batch_float_dtype=torch.float32
[precision-diagnostic] first_optimizer_state_float_dtype=torch.float32
0: Max memory allocated after optimizer step: 1.3249152 GB 1.386217472 GB
0: Max memory allocated after optimizer step: 1.3249152 GB 1.386217472 GB
0: Max memory allocated after optimizer step: 1.3249152 GB 1.386217472 GB
0: Max memory allocated after optimizer step: 1.3249152 GB 1.386217472 GB
0: Max memory allocated after optimizer step: 1.3249152 GB 1.386217472 GB
0: Max memory allocated after optimizer step: 1.3249152 GB 1.386217472 GB
0: Max memory allocated after optimizer step: 1.3249152 GB 1.386217472 GB
0: Max memory allocated after optimizer step: 1.3249152 GB 1.386217472 GB
0: Max memory allocated after optimizer step: 1.3249152 GB 1.386217472 GB
0: Max memory allocated after optimizer step: 1.3249152 GB 1.386217472 GB
0: Max memory allocated after optimizer step: 1.3249152 GB 1.386217472 GB
0: Max memory allocated after optimizer step: 1.3249152 GB 1.386217472 GB
0: Max memory allocated after optimizer step: 1.3249152 GB 1.386217472 GB
0: Max memory allocated after optimizer step: 1.3249152 GB 1.386217472 GB
0: Epoch: 42, Train Loss: 0.01038535, Val Loss: 0.01090956, Test Loss: 0.01094147
0: Tasks Train Loss: [0.010385354980826378]
0: Tasks Val Loss: [0.010909558273851871]
0: Tasks Test Loss: [0.010941472835838795]
0: Creating Checkpoint: 0.010910
0: Best Performance Metric: 0.010910
[precision-diagnostic] requested=fp32 model_param_dtype=torch.float32
[precision-diagnostic] first_batch_float_dtype=torch.float32
[precision-diagnostic] first_optimizer_state_float_dtype=torch.float32
0: Max memory allocated after optimizer step: 1.3249152 GB 1.386217472 GB
0: Max memory allocated after optimizer step: 1.3249152 GB 1.386217472 GB
0: Max memory allocated after optimizer step: 1.3249152 GB 1.386217472 GB
0: Max memory allocated after optimizer step: 1.3249152 GB 1.386217472 GB
0: Max memory allocated after optimizer step: 1.3249152 GB 1.386217472 GB
0: Max memory allocated after optimizer step: 1.3249152 GB 1.386217472 GB
0: Max memory allocated after optimizer step: 1.3249152 GB 1.386217472 GB
0: Max memory allocated after optimizer step: 1.3249152 GB 1.386217472 GB
0: Max memory allocated after optimizer step: 1.3249152 GB 1.386217472 GB
0: Max memory allocated after optimizer step: 1.3249152 GB 1.386217472 GB
0: Max memory allocated after optimizer step: 1.3249152 GB 1.386217472 GB
0: Max memory allocated after optimizer step: 1.3249152 GB 1.386217472 GB
0: Max memory allocated after optimizer step: 1.3249152 GB 1.386217472 GB
0: Max memory allocated after optimizer step: 1.3249152 GB 1.386217472 GB
0: Epoch: 43, Train Loss: 0.01035989, Val Loss: 0.01127362, Test Loss: 0.01130729
0: Tasks Train Loss: [0.010359887965023518]
0: Tasks Val Loss: [0.011273624375462532]
0: Tasks Test Loss: [0.011307286098599434]
0: Best Performance Metric: 0.010910
[precision-diagnostic] requested=fp32 model_param_dtype=torch.float32
[precision-diagnostic] first_batch_float_dtype=torch.float32
[precision-diagnostic] first_optimizer_state_float_dtype=torch.float32
0: Max memory allocated after optimizer step: 1.3249152 GB 1.386217472 GB
0: Max memory allocated after optimizer step: 1.3249152 GB 1.386217472 GB
0: Max memory allocated after optimizer step: 1.3249152 GB 1.386217472 GB
0: Max memory allocated after optimizer step: 1.3249152 GB 1.386217472 GB
0: Max memory allocated after optimizer step: 1.3249152 GB 1.386217472 GB
0: Max memory allocated after optimizer step: 1.3249152 GB 1.386217472 GB
0: Max memory allocated after optimizer step: 1.3249152 GB 1.386217472 GB
0: Max memory allocated after optimizer step: 1.3249152 GB 1.386217472 GB
0: Max memory allocated after optimizer step: 1.3249152 GB 1.386217472 GB
0: Max memory allocated after optimizer step: 1.3249152 GB 1.386217472 GB
0: Max memory allocated after optimizer step: 1.3249152 GB 1.386217472 GB
0: Max memory allocated after optimizer step: 1.3249152 GB 1.386217472 GB
0: Max memory allocated after optimizer step: 1.3249152 GB 1.386217472 GB
0: Max memory allocated after optimizer step: 1.3249152 GB 1.386217472 GB
0: Epoch: 44, Train Loss: 0.01036583, Val Loss: 0.01075495, Test Loss: 0.01078174
0: Tasks Train Loss: [0.010365830734372139]
0: Tasks Val Loss: [0.01075495034456253]
0: Tasks Test Loss: [0.010781736113131046]
0: Creating Checkpoint: 0.010755
0: Best Performance Metric: 0.010755
[precision-diagnostic] requested=fp32 model_param_dtype=torch.float32
[precision-diagnostic] first_batch_float_dtype=torch.float32
[precision-diagnostic] first_optimizer_state_float_dtype=torch.float32
0: Max memory allocated after optimizer step: 1.3249152 GB 1.386217472 GB
0: Max memory allocated after optimizer step: 1.3249152 GB 1.386217472 GB
0: Max memory allocated after optimizer step: 1.3249152 GB 1.386217472 GB
0: Max memory allocated after optimizer step: 1.3249152 GB 1.386217472 GB
0: Max memory allocated after optimizer step: 1.3249152 GB 1.386217472 GB
0: Max memory allocated after optimizer step: 1.3249152 GB 1.386217472 GB
0: Max memory allocated after optimizer step: 1.3249152 GB 1.386217472 GB
0: Max memory allocated after optimizer step: 1.3249152 GB 1.386217472 GB
0: Max memory allocated after optimizer step: 1.3249152 GB 1.386217472 GB
0: Max memory allocated after optimizer step: 1.3249152 GB 1.386217472 GB
0: Max memory allocated after optimizer step: 1.3249152 GB 1.386217472 GB
0: Max memory allocated after optimizer step: 1.3249152 GB 1.386217472 GB
0: Max memory allocated after optimizer step: 1.3249152 GB 1.386217472 GB
0: Max memory allocated after optimizer step: 1.3249152 GB 1.386217472 GB
0: Epoch: 45, Train Loss: 0.01030454, Val Loss: 0.01071160, Test Loss: 0.01073783
0: Tasks Train Loss: [0.010304538533091545]
0: Tasks Val Loss: [0.010711596347391605]
0: Tasks Test Loss: [0.010737826116383076]
0: Creating Checkpoint: 0.010712
0: Best Performance Metric: 0.010712
[precision-diagnostic] requested=fp32 model_param_dtype=torch.float32
[precision-diagnostic] first_batch_float_dtype=torch.float32
[precision-diagnostic] first_optimizer_state_float_dtype=torch.float32
0: Max memory allocated after optimizer step: 1.3249152 GB 1.386217472 GB
0: Max memory allocated after optimizer step: 1.3249152 GB 1.386217472 GB
0: Max memory allocated after optimizer step: 1.3249152 GB 1.386217472 GB
0: Max memory allocated after optimizer step: 1.3249152 GB 1.386217472 GB
0: Max memory allocated after optimizer step: 1.3249152 GB 1.386217472 GB
0: Max memory allocated after optimizer step: 1.3249152 GB 1.386217472 GB
0: Max memory allocated after optimizer step: 1.3249152 GB 1.386217472 GB
0: Max memory allocated after optimizer step: 1.3249152 GB 1.386217472 GB
0: Max memory allocated after optimizer step: 1.3249152 GB 1.386217472 GB
0: Max memory allocated after optimizer step: 1.3249152 GB 1.386217472 GB
0: Max memory allocated after optimizer step: 1.3249152 GB 1.386217472 GB
0: Max memory allocated after optimizer step: 1.3249152 GB 1.386217472 GB
0: Max memory allocated after optimizer step: 1.3249152 GB 1.386217472 GB
0: Max memory allocated after optimizer step: 1.3249152 GB 1.386217472 GB
0: Epoch: 46, Train Loss: 0.01025147, Val Loss: 0.01126382, Test Loss: 0.01129624
0: Tasks Train Loss: [0.010251468978822231]
0: Tasks Val Loss: [0.011263815686106682]
0: Tasks Test Loss: [0.011296242475509644]
0: Best Performance Metric: 0.010712
[precision-diagnostic] requested=fp32 model_param_dtype=torch.float32
[precision-diagnostic] first_batch_float_dtype=torch.float32
[precision-diagnostic] first_optimizer_state_float_dtype=torch.float32
0: Max memory allocated after optimizer step: 1.3249152 GB 1.386217472 GB
0: Max memory allocated after optimizer step: 1.3249152 GB 1.386217472 GB
0: Max memory allocated after optimizer step: 1.3249152 GB 1.386217472 GB
0: Max memory allocated after optimizer step: 1.3249152 GB 1.386217472 GB
0: Max memory allocated after optimizer step: 1.3249152 GB 1.386217472 GB
0: Max memory allocated after optimizer step: 1.3249152 GB 1.386217472 GB
0: Max memory allocated after optimizer step: 1.3249152 GB 1.386217472 GB
0: Max memory allocated after optimizer step: 1.3249152 GB 1.386217472 GB
0: Max memory allocated after optimizer step: 1.3249152 GB 1.386217472 GB
0: Max memory allocated after optimizer step: 1.3249152 GB 1.386217472 GB
0: Max memory allocated after optimizer step: 1.3249152 GB 1.386217472 GB
0: Max memory allocated after optimizer step: 1.3249152 GB 1.386217472 GB
0: Max memory allocated after optimizer step: 1.3249152 GB 1.386217472 GB
0: Max memory allocated after optimizer step: 1.3249152 GB 1.386217472 GB
0: Epoch: 47, Train Loss: 0.01025655, Val Loss: 0.01071683, Test Loss: 0.01074589
0: Tasks Train Loss: [0.010256546549499035]
0: Tasks Val Loss: [0.010716833174228668]
0: Tasks Test Loss: [0.010745889507234097]
0: Best Performance Metric: 0.010712
[precision-diagnostic] requested=fp32 model_param_dtype=torch.float32
[precision-diagnostic] first_batch_float_dtype=torch.float32
[precision-diagnostic] first_optimizer_state_float_dtype=torch.float32
0: Max memory allocated after optimizer step: 1.3249152 GB 1.386217472 GB
0: Max memory allocated after optimizer step: 1.3249152 GB 1.386217472 GB
0: Max memory allocated after optimizer step: 1.3249152 GB 1.386217472 GB
0: Max memory allocated after optimizer step: 1.3249152 GB 1.386217472 GB
0: Max memory allocated after optimizer step: 1.3249152 GB 1.386217472 GB
0: Max memory allocated after optimizer step: 1.3249152 GB 1.386217472 GB
0: Max memory allocated after optimizer step: 1.3249152 GB 1.386217472 GB
0: Max memory allocated after optimizer step: 1.3249152 GB 1.386217472 GB
0: Max memory allocated after optimizer step: 1.3249152 GB 1.386217472 GB
0: Max memory allocated after optimizer step: 1.3249152 GB 1.386217472 GB
0: Max memory allocated after optimizer step: 1.3249152 GB 1.386217472 GB
0: Max memory allocated after optimizer step: 1.3249152 GB 1.386217472 GB
0: Max memory allocated after optimizer step: 1.3249152 GB 1.386217472 GB
0: Max memory allocated after optimizer step: 1.3249152 GB 1.386217472 GB
0: Epoch: 48, Train Loss: 0.01029653, Val Loss: 0.01053044, Test Loss: 0.01054668
0: Tasks Train Loss: [0.0102965347468853]
0: Tasks Val Loss: [0.010530437342822552]
0: Tasks Test Loss: [0.010546683333814144]
0: Creating Checkpoint: 0.010530
0: Best Performance Metric: 0.010530
[precision-diagnostic] requested=fp32 model_param_dtype=torch.float32
[precision-diagnostic] first_batch_float_dtype=torch.float32
[precision-diagnostic] first_optimizer_state_float_dtype=torch.float32
0: Max memory allocated after optimizer step: 1.3249152 GB 1.386217472 GB
0: Max memory allocated after optimizer step: 1.3249152 GB 1.386217472 GB
0: Max memory allocated after optimizer step: 1.3249152 GB 1.386217472 GB
0: Max memory allocated after optimizer step: 1.3249152 GB 1.386217472 GB
0: Max memory allocated after optimizer step: 1.3249152 GB 1.386217472 GB
0: Max memory allocated after optimizer step: 1.3249152 GB 1.386217472 GB
0: Max memory allocated after optimizer step: 1.3249152 GB 1.386217472 GB
0: Max memory allocated after optimizer step: 1.3249152 GB 1.386217472 GB
0: Max memory allocated after optimizer step: 1.3249152 GB 1.386217472 GB
0: Max memory allocated after optimizer step: 1.3249152 GB 1.386217472 GB
0: Max memory allocated after optimizer step: 1.3249152 GB 1.386217472 GB
0: Max memory allocated after optimizer step: 1.3249152 GB 1.386217472 GB
0: Max memory allocated after optimizer step: 1.3249152 GB 1.386217472 GB
0: Max memory allocated after optimizer step: 1.3249152 GB 1.386217472 GB
0: Epoch: 49, Train Loss: 0.01021785, Val Loss: 0.01037730, Test Loss: 0.01039758
0: Tasks Train Loss: [0.010217850096523762]
0: Tasks Val Loss: [0.010377299040555954]
0: Tasks Test Loss: [0.010397577658295631]
0: Creating Checkpoint: 0.010377
0: Best Performance Metric: 0.010377
[diag][rank 0][1117674.893] Exited train_validate_test
0: Process 0 - Local timer:  train_validate_test  :  126.46
0: Process 0 - Local timer:  create_model  :  0.07
0: Minimum timers: 
0: train_validate_test  :  126.41
0: create_model  :  0.07
0: Maximum timers: 
0: train_validate_test  :  126.47
0: create_model  :  0.07
0: Average timers: 
0: train_validate_test  :  126.44
0: create_model  :  0.07
0: Number of calls to timers: 
0: {'create_model': 1, 'train_validate_test': 1}
