Running "module reset". Resetting modules to system default. The following $MODULEPATH directories have been removed: None
-------------------------------------------------------------------------------
There are messages associated with the following module(s):
-------------------------------------------------------------------------------

DefApps:
   ROCm/5.x modules and HPE/Cray Programming Environment (CPE) versions <=
   23.12 were removed on July 1, 2026. For more information regarding the
   removal, please see https://docs.olcf.ornl.gov/software/software-news.html#frontier-software-changes-july-1-2026

-------------------------------------------------------------------------------


The following have been reloaded with a version change:
  1) PrgEnv-cray/8.6.0 => PrgEnv-cray/8.5.0
  2) cce/18.0.1 => cce/18.0.0
  3) cray-libsci/24.11.0 => cray-libsci/24.07.0
  4) cray-mpich/8.1.31 => cray-mpich/8.1.30
  5) cray-pmi/6.1.15 => cray-pmi/6.1.15.21
  6) craype/2.7.33 => craype/2.7.32
  7) darshan-runtime/3.4.6-mpi => darshan-runtime/3.4.4-mpi
  8) perftools-base/24.11.0 => perftools-base/24.07.0

Lmod Warning:
================================================================================

    Mixed compiler modules are being deprecated in a future release.
    For more information run: module help amd-mixed

================================================================================


While processing the following module(s):
    Module fullname  Module Filename
    ---------------  ---------------
    amd-mixed/7.1.1  /opt/cray/pe/lmod/modulefiles/mix_compilers/amd-mixed/7.1.1.lua


Lmod is automatically replacing "cce/18.0.0" with "gcc-native/13.2".


Lmod is automatically replacing "PrgEnv-cray/8.5.0" with "PrgEnv-gnu/8.5.0".

Lmod Warning:
================================================================================

    Mixed compiler modules are being deprecated in a future release.
    For more information run: module help amd-mixed

================================================================================


While processing the following module(s):
    Module fullname  Module Filename
    ---------------  ---------------
    amd-mixed/7.1.1  /opt/cray/pe/lmod/modulefiles/mix_compilers/amd-mixed/7.1.1.lua


Due to MODULEPATH changes, the following have been reloaded:
  1) cray-libsci/24.07.0     2) cray-mpich/8.1.30     3) darshan-runtime/3.4.4-mpi

Lmod Warning:
================================================================================

    Mixed compiler modules are being deprecated in a future release.
    For more information run: module help amd-mixed

================================================================================


While processing the following module(s):
    Module fullname  Module Filename
    ---------------  ---------------
    amd-mixed/7.1.1  /opt/cray/pe/lmod/modulefiles/mix_compilers/amd-mixed/7.1.1.lua

/lustre/orion/lrn070/proj-shared/ndelingat/HydraGNN/installation_DOE_supercomputers/HydraGNN-Installation-Frontier/hydragnn_venv/bin/python3.11
2.10.2 /lustre/orion/lrn070/proj-shared/ndelingat/HydraGNN/installation_DOE_supercomputers/HydraGNN-Installation-Frontier/hydragnn_venv/lib/python3.11/site-packages/adios2/__init__.py
2.12.1+rocm7.1 /lustre/orion/lrn070/proj-shared/ndelingat/HydraGNN/installation_DOE_supercomputers/HydraGNN-Installation-Frontier/hydragnn_venv/lib/python3.11/site-packages/torch/__init__.py

Note: the module "darshan-runtime" cannot be unloaded because it was not
loaded.

Lmod Warning:
================================================================================

    Mixed compiler modules are being deprecated in a future release.
    For more information run: module help amd-mixed

================================================================================


While processing the following module(s):
    Module fullname  Module Filename
    ---------------  ---------------
    amd-mixed/7.1.1  /opt/cray/pe/lmod/modulefiles/mix_compilers/amd-mixed/7.1.1.lua


Currently Loaded Modules:
  1) craype-x86-trento                13) rocm/7.1.1
  2) libfabric/2.3.1                  14) amd-mixed/7.1.1
  3) craype-network-ofi               15) craype-accel-amd-gfx90a
  4) xpmem/1.0.1-1.5_1_gfb6998056825  16) gcc-native/13.2
  5) Core/25.03                       17) craype/2.7.32
  6) tmux/3.4                         18) cray-dsmml/0.3.0
  7) hsi/default                      19) cray-mpich/8.1.30
  8) lfs-wrapper/0.0.1                20) cray-libsci/24.07.0
  9) DefApps                          21) PrgEnv-gnu/8.5.0
 10) cray-pmi/6.1.15.21               22) miniforge3/23.11.0-0
 11) perftools-base/24.07.0           23) git-lfs/3.5.1
 12) cpe/24.07

 

/opt/rocm-7.1.1/lib
/opt/rocm-7.1.1/llvm/lib
/opt/rocm-7.1.1/lib/roctracer
/opt/rocm-7.1.1/lib/rocprofiler
/opt/cray/pe/papi/7.1.0.2/lib64
/opt/cray/libfabric/2.3.1/lib64
PE_PRODUCT_LIST=CRAYPE:CRAY_PMI:CRAYPE_X86_TRENTO:PERFTOOLS:CRAYPAT:CRAY_ROCM:CRAY_ACCEL
ROCM_PATH=/opt/rocm-7.1.1
CRAY_ROCM_POST_LINK_OPTS= -L/opt/rocm-7.1.1/lib -L/opt/rocm-7.1.1/lib/rocprofiler -L/opt/rocm-7.1.1/lib/roctracer -lamdhip64
CRAY_ROCM_PREFIX=/opt/rocm-7.1.1
CRAY_ROCM_DIR=/opt/rocm-7.1.1
CRAY_ROCM_VERSION=7.1.1
CRAY_ROCM_INCLUDE_OPTS=-I/opt/rocm-7.1.1/include -I/opt/rocm-7.1.1/include/rocprofiler -I/opt/rocm-7.1.1/include/roctracer -I/opt/rocm-7.1.1/include/hip -D__HIP_PLATFORM_AMD__
__LMOD_REF_COUNT_PE_PRODUCT_LIST=CRAYPE:1;CRAY_PMI:1;CRAYPE_X86_TRENTO:1;PERFTOOLS:1;CRAYPAT:1;CRAY_ROCM:1;CRAY_ACCEL:1
MINICOM=-c on
MPICH_OFI_NIC_POLICY=NUMA
MPICH_DIR=/opt/cray/pe/mpich/8.1.30/ofi/gnu/12.3
HYDRA_LAUNCHER_EXTRA_ARGS=--external-launcher
HYDRA_BOOTSTRAP=slurm
/lustre/orion/lrn070/proj-shared/ndelingat/HydraGNN/installation_DOE_supercomputers/HydraGNN-Installation-Frontier/hydragnn_venv/bin/python3.11
1.26.4

============================================================
 HydraGNN oversmoothing array training
 Array task  : 0 / 2
 Config      : oversmoothing_configs/15_heterosage_attention_only_gps.json
 Run name    : 15_heterosage_attention_only_gps-5038605-0
 Case        : pglib_opf_case14_ieee
 Nodes       : 2
 GPUs/ranks  : 16
 Epochs      : 2
 Batch size  : 32
============================================================

WARNING: All log messages before absl::InitializeLog() is called are written to STDERR
I0000 00:00:1784575336.350764 4068921 cudart_stub.cc:31] Could not find cuda drivers on your machine, GPU will not be used.
WARNING: All log messages before absl::InitializeLog() is called are written to STDERR
I0000 00:00:1784575336.350707 4068924 cudart_stub.cc:31] Could not find cuda drivers on your machine, GPU will not be used.
WARNING: All log messages before absl::InitializeLog() is called are written to STDERR
I0000 00:00:1784575336.350714 4068925 cudart_stub.cc:31] Could not find cuda drivers on your machine, GPU will not be used.
WARNING: All log messages before absl::InitializeLog() is called are written to STDERR
I0000 00:00:1784575336.350719 4068926 cudart_stub.cc:31] Could not find cuda drivers on your machine, GPU will not be used.
WARNING: All log messages before absl::InitializeLog() is called are written to STDERR
I0000 00:00:1784575336.350766 4068919 cudart_stub.cc:31] Could not find cuda drivers on your machine, GPU will not be used.
WARNING: All log messages before absl::InitializeLog() is called are written to STDERR
I0000 00:00:1784575336.350736 4068920 cudart_stub.cc:31] Could not find cuda drivers on your machine, GPU will not be used.
WARNING: All log messages before absl::InitializeLog() is called are written to STDERR
I0000 00:00:1784575336.350748 4068922 cudart_stub.cc:31] Could not find cuda drivers on your machine, GPU will not be used.
WARNING: All log messages before absl::InitializeLog() is called are written to STDERR
I0000 00:00:1784575336.350731 4068923 cudart_stub.cc:31] Could not find cuda drivers on your machine, GPU will not be used.
I0000 00:00:1784575336.684783 4068919 cpu_feature_guard.cc:227] This TensorFlow binary is optimized to use available CPU instructions in performance-critical operations.
To enable the following instructions: AVX2 FMA, in other operations, rebuild TensorFlow with the appropriate compiler flags.
I0000 00:00:1784575336.684790 4068921 cpu_feature_guard.cc:227] This TensorFlow binary is optimized to use available CPU instructions in performance-critical operations.
To enable the following instructions: AVX2 FMA, in other operations, rebuild TensorFlow with the appropriate compiler flags.
I0000 00:00:1784575336.684803 4068923 cpu_feature_guard.cc:227] This TensorFlow binary is optimized to use available CPU instructions in performance-critical operations.
To enable the following instructions: AVX2 FMA, in other operations, rebuild TensorFlow with the appropriate compiler flags.
I0000 00:00:1784575336.684796 4068925 cpu_feature_guard.cc:227] This TensorFlow binary is optimized to use available CPU instructions in performance-critical operations.
To enable the following instructions: AVX2 FMA, in other operations, rebuild TensorFlow with the appropriate compiler flags.
I0000 00:00:1784575336.684811 4068920 cpu_feature_guard.cc:227] This TensorFlow binary is optimized to use available CPU instructions in performance-critical operations.
To enable the following instructions: AVX2 FMA, in other operations, rebuild TensorFlow with the appropriate compiler flags.
I0000 00:00:1784575336.684836 4068922 cpu_feature_guard.cc:227] This TensorFlow binary is optimized to use available CPU instructions in performance-critical operations.
To enable the following instructions: AVX2 FMA, in other operations, rebuild TensorFlow with the appropriate compiler flags.
I0000 00:00:1784575336.684825 4068924 cpu_feature_guard.cc:227] This TensorFlow binary is optimized to use available CPU instructions in performance-critical operations.
To enable the following instructions: AVX2 FMA, in other operations, rebuild TensorFlow with the appropriate compiler flags.
I0000 00:00:1784575336.684852 4068926 cpu_feature_guard.cc:227] This TensorFlow binary is optimized to use available CPU instructions in performance-critical operations.
To enable the following instructions: AVX2 FMA, in other operations, rebuild TensorFlow with the appropriate compiler flags.
WARNING: All log messages before absl::InitializeLog() is called are written to STDERR
I0000 00:00:1784575339.326721  551822 cudart_stub.cc:31] Could not find cuda drivers on your machine, GPU will not be used.
WARNING: All log messages before absl::InitializeLog() is called are written to STDERR
I0000 00:00:1784575339.326740  551823 cudart_stub.cc:31] Could not find cuda drivers on your machine, GPU will not be used.
WARNING: All log messages before absl::InitializeLog() is called are written to STDERR
I0000 00:00:1784575339.326725  551824 cudart_stub.cc:31] Could not find cuda drivers on your machine, GPU will not be used.
WARNING: All log messages before absl::InitializeLog() is called are written to STDERR
I0000 00:00:1784575339.326761  551825 cudart_stub.cc:31] Could not find cuda drivers on your machine, GPU will not be used.
WARNING: All log messages before absl::InitializeLog() is called are written to STDERR
I0000 00:00:1784575339.326736  551826 cudart_stub.cc:31] Could not find cuda drivers on your machine, GPU will not be used.
WARNING: All log messages before absl::InitializeLog() is called are written to STDERR
I0000 00:00:1784575339.326755  551827 cudart_stub.cc:31] Could not find cuda drivers on your machine, GPU will not be used.
WARNING: All log messages before absl::InitializeLog() is called are written to STDERR
I0000 00:00:1784575339.326774  551828 cudart_stub.cc:31] Could not find cuda drivers on your machine, GPU will not be used.
WARNING: All log messages before absl::InitializeLog() is called are written to STDERR
I0000 00:00:1784575339.326749  551829 cudart_stub.cc:31] Could not find cuda drivers on your machine, GPU will not be used.
WARNING: All log messages before absl::InitializeLog() is called are written to STDERR
I0000 00:00:1784575339.957758 4068919 cudart_stub.cc:31] Could not find cuda drivers on your machine, GPU will not be used.
WARNING: All log messages before absl::InitializeLog() is called are written to STDERR
I0000 00:00:1784575339.957749 4068920 cudart_stub.cc:31] Could not find cuda drivers on your machine, GPU will not be used.
WARNING: All log messages before absl::InitializeLog() is called are written to STDERR
I0000 00:00:1784575339.957774 4068921 cudart_stub.cc:31] Could not find cuda drivers on your machine, GPU will not be used.
WARNING: All log messages before absl::InitializeLog() is called are written to STDERR
I0000 00:00:1784575339.957792 4068922 cudart_stub.cc:31] Could not find cuda drivers on your machine, GPU will not be used.
WARNING: All log messages before absl::InitializeLog() is called are written to STDERR
I0000 00:00:1784575339.957766 4068923 cudart_stub.cc:31] Could not find cuda drivers on your machine, GPU will not be used.
WARNING: All log messages before absl::InitializeLog() is called are written to STDERR
I0000 00:00:1784575339.957783 4068924 cudart_stub.cc:31] Could not find cuda drivers on your machine, GPU will not be used.
WARNING: All log messages before absl::InitializeLog() is called are written to STDERR
I0000 00:00:1784575339.957819 4068925 cudart_stub.cc:31] Could not find cuda drivers on your machine, GPU will not be used.
WARNING: All log messages before absl::InitializeLog() is called are written to STDERR
I0000 00:00:1784575339.957838 4068926 cudart_stub.cc:31] Could not find cuda drivers on your machine, GPU will not be used.
I0000 00:00:1784575340.185333  551822 cpu_feature_guard.cc:227] This TensorFlow binary is optimized to use available CPU instructions in performance-critical operations.
To enable the following instructions: AVX2 FMA, in other operations, rebuild TensorFlow with the appropriate compiler flags.
I0000 00:00:1784575340.185347  551823 cpu_feature_guard.cc:227] This TensorFlow binary is optimized to use available CPU instructions in performance-critical operations.
To enable the following instructions: AVX2 FMA, in other operations, rebuild TensorFlow with the appropriate compiler flags.
I0000 00:00:1784575340.185352  551824 cpu_feature_guard.cc:227] This TensorFlow binary is optimized to use available CPU instructions in performance-critical operations.
To enable the following instructions: AVX2 FMA, in other operations, rebuild TensorFlow with the appropriate compiler flags.
I0000 00:00:1784575340.185363  551825 cpu_feature_guard.cc:227] This TensorFlow binary is optimized to use available CPU instructions in performance-critical operations.
To enable the following instructions: AVX2 FMA, in other operations, rebuild TensorFlow with the appropriate compiler flags.
I0000 00:00:1784575340.185359  551829 cpu_feature_guard.cc:227] This TensorFlow binary is optimized to use available CPU instructions in performance-critical operations.
To enable the following instructions: AVX2 FMA, in other operations, rebuild TensorFlow with the appropriate compiler flags.
I0000 00:00:1784575340.185383  551826 cpu_feature_guard.cc:227] This TensorFlow binary is optimized to use available CPU instructions in performance-critical operations.
To enable the following instructions: AVX2 FMA, in other operations, rebuild TensorFlow with the appropriate compiler flags.
I0000 00:00:1784575340.185368  551827 cpu_feature_guard.cc:227] This TensorFlow binary is optimized to use available CPU instructions in performance-critical operations.
To enable the following instructions: AVX2 FMA, in other operations, rebuild TensorFlow with the appropriate compiler flags.
I0000 00:00:1784575340.185378  551828 cpu_feature_guard.cc:227] This TensorFlow binary is optimized to use available CPU instructions in performance-critical operations.
To enable the following instructions: AVX2 FMA, in other operations, rebuild TensorFlow with the appropriate compiler flags.
Distributed data parallel: nccl master at 10.128.112.228:48606
[W720 15:22:22.451494197 socket.cpp:764] [c10d] The client socket cannot be initialized to connect to [frontier07220.frontier.olcf.ornl.gov]:48606 (errno: 97 - Address family not supported by protocol).
[W720 15:22:22.451510629 socket.cpp:764] [c10d] The client socket cannot be initialized to connect to [frontier07220.frontier.olcf.ornl.gov]:48606 (errno: 97 - Address family not supported by protocol).
[W720 15:22:22.451517352 socket.cpp:764] [c10d] The client socket cannot be initialized to connect to [frontier07220.frontier.olcf.ornl.gov]:48606 (errno: 97 - Address family not supported by protocol).
[W720 15:22:22.451506471 socket.cpp:764] [c10d] The client socket cannot be initialized to connect to [frontier07220.frontier.olcf.ornl.gov]:48606 (errno: 97 - Address family not supported by protocol).
[W720 15:22:22.454717550 socket.cpp:764] [c10d] The client socket cannot be initialized to connect to [frontier07220.frontier.olcf.ornl.gov]:48606 (errno: 97 - Address family not supported by protocol).
[W720 15:22:22.454711859 socket.cpp:764] [c10d] The client socket cannot be initialized to connect to [frontier07220.frontier.olcf.ornl.gov]:48606 (errno: 97 - Address family not supported by protocol).
[W720 15:22:22.457185590 socket.cpp:764] [c10d] The client socket cannot be initialized to connect to [frontier07220.frontier.olcf.ornl.gov]:48606 (errno: 97 - Address family not supported by protocol).
[W720 15:22:22.457951744 socket.cpp:764] [c10d] The client socket cannot be initialized to connect to [frontier07220.frontier.olcf.ornl.gov]:48606 (errno: 97 - Address family not supported by protocol).
INFO (rank 2): trainset,valset,testset size: 270000 15000 15000
INFO (rank 3): trainset,valset,testset size: 270000 15000 15000
INFO (rank 4): trainset,valset,testset size: 270000 15000 15000
INFO (rank 5): trainset,valset,testset size: 270000 15000 15000
INFO (rank 6): trainset,valset,testset size: 270000 15000 15000
INFO (rank 7): trainset,valset,testset size: 270000 15000 15000
INFO (rank 1): trainset,valset,testset size: 270000 15000 15000
WARNING: All log messages before absl::InitializeLog() is called are written to STDERR
I0000 00:00:1784575343.533973  551822 cudart_stub.cc:31] Could not find cuda drivers on your machine, GPU will not be used.
WARNING: All log messages before absl::InitializeLog() is called are written to STDERR
I0000 00:00:1784575343.534008  551823 cudart_stub.cc:31] Could not find cuda drivers on your machine, GPU will not be used.
WARNING: All log messages before absl::InitializeLog() is called are written to STDERR
I0000 00:00:1784575343.534038  551824 cudart_stub.cc:31] Could not find cuda drivers on your machine, GPU will not be used.
WARNING: All log messages before absl::InitializeLog() is called are written to STDERR
I0000 00:00:1784575343.534024  551825 cudart_stub.cc:31] Could not find cuda drivers on your machine, GPU will not be used.
WARNING: All log messages before absl::InitializeLog() is called are written to STDERR
I0000 00:00:1784575343.534039  551828 cudart_stub.cc:31] Could not find cuda drivers on your machine, GPU will not be used.
WARNING: All log messages before absl::InitializeLog() is called are written to STDERR
I0000 00:00:1784575343.534066  551826 cudart_stub.cc:31] Could not find cuda drivers on your machine, GPU will not be used.
WARNING: All log messages before absl::InitializeLog() is called are written to STDERR
I0000 00:00:1784575343.534070  551827 cudart_stub.cc:31] Could not find cuda drivers on your machine, GPU will not be used.
WARNING: All log messages before absl::InitializeLog() is called are written to STDERR
I0000 00:00:1784575343.534076  551829 cudart_stub.cc:31] Could not find cuda drivers on your machine, GPU will not be used.
[W720 15:22:26.751700376 socket.cpp:764] [c10d] The client socket cannot be initialized to connect to [frontier07220.frontier.olcf.ornl.gov]:48606 (errno: 97 - Address family not supported by protocol).
[W720 15:22:26.751710295 socket.cpp:764] [c10d] The client socket cannot be initialized to connect to [frontier07220.frontier.olcf.ornl.gov]:48606 (errno: 97 - Address family not supported by protocol).
[W720 15:22:26.754970246 socket.cpp:764] [c10d] The client socket cannot be initialized to connect to [frontier07220.frontier.olcf.ornl.gov]:48606 (errno: 97 - Address family not supported by protocol).
[W720 15:22:26.759297873 socket.cpp:764] [c10d] The client socket cannot be initialized to connect to [frontier07220.frontier.olcf.ornl.gov]:48606 (errno: 97 - Address family not supported by protocol).
[W720 15:22:26.767156226 socket.cpp:764] [c10d] The client socket cannot be initialized to connect to [frontier07220.frontier.olcf.ornl.gov]:48606 (errno: 97 - Address family not supported by protocol).
[W720 15:22:26.775247881 socket.cpp:764] [c10d] The client socket cannot be initialized to connect to [frontier07220.frontier.olcf.ornl.gov]:48606 (errno: 97 - Address family not supported by protocol).
[W720 15:22:26.783254410 socket.cpp:764] [c10d] The client socket cannot be initialized to connect to [frontier07220.frontier.olcf.ornl.gov]:48606 (errno: 97 - Address family not supported by protocol).
[W720 15:22:26.790294398 socket.cpp:764] [c10d] The client socket cannot be initialized to connect to [frontier07220.frontier.olcf.ornl.gov]:48606 (errno: 97 - Address family not supported by protocol).
INFO (rank 0): HDF5 training mode: skipping OPF case discovery/download/split preparation.
INFO (rank 0): trainset,valset,testset size: 270000 15000 15000
INFO (rank 8): trainset,valset,testset size: 270000 15000 15000
INFO (rank 9): trainset,valset,testset size: 270000 15000 15000
INFO (rank 12): trainset,valset,testset size: 270000 15000 15000
INFO (rank 13): trainset,valset,testset size: 270000 15000 15000
INFO (rank 10): trainset,valset,testset size: 270000 15000 15000
INFO (rank 11): trainset,valset,testset size: 270000 15000 15000
INFO (rank 15): trainset,valset,testset size: 270000 15000 15000
INFO (rank 14): trainset,valset,testset size: 270000 15000 15000
0: Using GPU
Using FSDP: False Version: 1 Sharding: ShardingStrategy.FULL_SHARD
Using FSDP: False Version: 1 Sharding: ShardingStrategy.FULL_SHARD
Using FSDP: False Version: 1 Sharding: ShardingStrategy.FULL_SHARD
Using FSDP: False Version: 1 Sharding: ShardingStrategy.FULL_SHARD
Using FSDP: False Version: 1 Sharding: ShardingStrategy.FULL_SHARD
Using FSDP: False Version: 1 Sharding: ShardingStrategy.FULL_SHARD
Using FSDP: False Version: 1 Sharding: ShardingStrategy.FULL_SHARD
Using FSDP: False Version: 1 Sharding: ShardingStrategy.FULL_SHARD
Using FSDP: False Version: 1 Sharding: ShardingStrategy.FULL_SHARD
INFO (rank 0): [DomainLoss] config (enabled=True): smoothness_weight=0.001, transformer_smoothness_weight=0.001, voltage_bound_weight=0.01, voltage_bound_feature_indices=[2, 3], voltage_output_index=-1
INFO (rank 0): [DomainLoss] Wrapping model with OPFEnhancedModelWrapper.
Using FSDP: False Version: 1 Sharding: ShardingStrategy.FULL_SHARD
Using FSDP: False Version: 1 Sharding: ShardingStrategy.FULL_SHARD
Using FSDP: False Version: 1 Sharding: ShardingStrategy.FULL_SHARD
Using FSDP: False Version: 1 Sharding: ShardingStrategy.FULL_SHARD
Using FSDP: False Version: 1 Sharding: ShardingStrategy.FULL_SHARD
0: CPUs, NVIDIA, and AMD GPUs do not need optimize wrapper
0: EnhancedModelWrapper detected: OPFEnhancedModelWrapper
0: Applying DDP optimizations: find_unused_parameters=True, gradient_as_bucket_view=False
0: Using GPU
Using FSDP: False Version: 1 Sharding: ShardingStrategy.FULL_SHARD
Using FSDP: False Version: 1 Sharding: ShardingStrategy.FULL_SHARD
[diag][rank 0][627200.192] Entering print_model
0:     module.model.graph_convs.0.attn.in_proj_weight	           [192, 64]	     12288
0:       module.model.graph_convs.0.attn.in_proj_bias	               [192]	       192
0:    module.model.graph_convs.0.attn.out_proj.weight	            [64, 64]	      4096
0:      module.model.graph_convs.0.attn.out_proj.bias	                [64]	        64
0:            module.model.graph_convs.0.mlp.0.weight	           [128, 64]	      8192
0:              module.model.graph_convs.0.mlp.0.bias	               [128]	       128
0:            module.model.graph_convs.0.mlp.3.weight	           [64, 128]	      8192
0:              module.model.graph_convs.0.mlp.3.bias	                [64]	        64
0: module.model.graph_convs.0.norm1_dict.bus.module.weight	                [64]	        64
0: module.model.graph_convs.0.norm1_dict.bus.module.bias	                [64]	        64
0: module.model.graph_convs.0.norm1_dict.bus.module.running_mean	                [64]	        64
0: module.model.graph_convs.0.norm1_dict.bus.module.running_var	                [64]	        64
0: module.model.graph_convs.0.norm1_dict.bus.module.num_batches_tracked	                  []	         1
0: module.model.graph_convs.0.norm1_dict.generator.module.weight	                [64]	        64
0: module.model.graph_convs.0.norm1_dict.generator.module.bias	                [64]	        64
0: module.model.graph_convs.0.norm1_dict.generator.module.running_mean	                [64]	        64
0: module.model.graph_convs.0.norm1_dict.generator.module.running_var	                [64]	        64
0: module.model.graph_convs.0.norm1_dict.generator.module.num_batches_tracked	                  []	         1
0: module.model.graph_convs.0.norm1_dict.load.module.weight	                [64]	        64
0: module.model.graph_convs.0.norm1_dict.load.module.bias	                [64]	        64
0: module.model.graph_convs.0.norm1_dict.load.module.running_mean	                [64]	        64
0: module.model.graph_convs.0.norm1_dict.load.module.running_var	                [64]	        64
0: module.model.graph_convs.0.norm1_dict.load.module.num_batches_tracked	                  []	         1
0: module.model.graph_convs.0.norm1_dict.shunt.module.weight	                [64]	        64
0: module.model.graph_convs.0.norm1_dict.shunt.module.bias	                [64]	        64
0: module.model.graph_convs.0.norm1_dict.shunt.module.running_mean	                [64]	        64
0: module.model.graph_convs.0.norm1_dict.shunt.module.running_var	                [64]	        64
0: module.model.graph_convs.0.norm1_dict.shunt.module.num_batches_tracked	                  []	         1
0: module.model.graph_convs.0.norm2_dict.bus.module.weight	                [64]	        64
0: module.model.graph_convs.0.norm2_dict.bus.module.bias	                [64]	        64
0: module.model.graph_convs.0.norm2_dict.bus.module.running_mean	                [64]	        64
0: module.model.graph_convs.0.norm2_dict.bus.module.running_var	                [64]	        64
0: module.model.graph_convs.0.norm2_dict.bus.module.num_batches_tracked	                  []	         1
0: module.model.graph_convs.0.norm2_dict.generator.module.weight	                [64]	        64
0: module.model.graph_convs.0.norm2_dict.generator.module.bias	                [64]	        64
0: module.model.graph_convs.0.norm2_dict.generator.module.running_mean	                [64]	        64
0: module.model.graph_convs.0.norm2_dict.generator.module.running_var	                [64]	        64
0: module.model.graph_convs.0.norm2_dict.generator.module.num_batches_tracked	                  []	         1
0: module.model.graph_convs.0.norm2_dict.load.module.weight	                [64]	        64
0: module.model.graph_convs.0.norm2_dict.load.module.bias	                [64]	        64
0: module.model.graph_convs.0.norm2_dict.load.module.running_mean	                [64]	        64
0: module.model.graph_convs.0.norm2_dict.load.module.running_var	                [64]	        64
0: module.model.graph_convs.0.norm2_dict.load.module.num_batches_tracked	                  []	         1
0: module.model.graph_convs.0.norm2_dict.shunt.module.weight	                [64]	        64
0: module.model.graph_convs.0.norm2_dict.shunt.module.bias	                [64]	        64
0: module.model.graph_convs.0.norm2_dict.shunt.module.running_mean	                [64]	        64
0: module.model.graph_convs.0.norm2_dict.shunt.module.running_var	                [64]	        64
0: module.model.graph_convs.0.norm2_dict.shunt.module.num_batches_tracked	                  []	         1
0: module.model.graph_convs.0.norm3_dict.bus.module.weight	                [64]	        64
0: module.model.graph_convs.0.norm3_dict.bus.module.bias	                [64]	        64
0: module.model.graph_convs.0.norm3_dict.bus.module.running_mean	                [64]	        64
0: module.model.graph_convs.0.norm3_dict.bus.module.running_var	                [64]	        64
0: module.model.graph_convs.0.norm3_dict.bus.module.num_batches_tracked	                  []	         1
0: module.model.graph_convs.0.norm3_dict.generator.module.weight	                [64]	        64
0: module.model.graph_convs.0.norm3_dict.generator.module.bias	                [64]	        64
0: module.model.graph_convs.0.norm3_dict.generator.module.running_mean	                [64]	        64
0: module.model.graph_convs.0.norm3_dict.generator.module.running_var	                [64]	        64
0: module.model.graph_convs.0.norm3_dict.generator.module.num_batches_tracked	                  []	         1
0: module.model.graph_convs.0.norm3_dict.load.module.weight	                [64]	        64
0: module.model.graph_convs.0.norm3_dict.load.module.bias	                [64]	        64
0: module.model.graph_convs.0.norm3_dict.load.module.running_mean	                [64]	        64
0: module.model.graph_convs.0.norm3_dict.load.module.running_var	                [64]	        64
0: module.model.graph_convs.0.norm3_dict.load.module.num_batches_tracked	                  []	         1
0: module.model.graph_convs.0.norm3_dict.shunt.module.weight	                [64]	        64
0: module.model.graph_convs.0.norm3_dict.shunt.module.bias	                [64]	        64
0: module.model.graph_convs.0.norm3_dict.shunt.module.running_mean	                [64]	        64
0: module.model.graph_convs.0.norm3_dict.shunt.module.running_var	                [64]	        64
0: module.model.graph_convs.0.norm3_dict.shunt.module.num_batches_tracked	                  []	         1
0:     module.model.graph_convs.1.attn.in_proj_weight	           [192, 64]	     12288
0:       module.model.graph_convs.1.attn.in_proj_bias	               [192]	       192
0:    module.model.graph_convs.1.attn.out_proj.weight	            [64, 64]	      4096
0:      module.model.graph_convs.1.attn.out_proj.bias	                [64]	        64
0:            module.model.graph_convs.1.mlp.0.weight	           [128, 64]	      8192
0:              module.model.graph_convs.1.mlp.0.bias	               [128]	       128
0:            module.model.graph_convs.1.mlp.3.weight	           [64, 128]	      8192
0:              module.model.graph_convs.1.mlp.3.bias	                [64]	        64
0: module.model.graph_convs.1.norm1_dict.bus.module.weight	                [64]	        64
0: module.model.graph_convs.1.norm1_dict.bus.module.bias	                [64]	        64
0: module.model.graph_convs.1.norm1_dict.bus.module.running_mean	                [64]	        64
0: module.model.graph_convs.1.norm1_dict.bus.module.running_var	                [64]	        64
0: module.model.graph_convs.1.norm1_dict.bus.module.num_batches_tracked	                  []	         1
0: module.model.graph_convs.1.norm1_dict.generator.module.weight	                [64]	        64
0: module.model.graph_convs.1.norm1_dict.generator.module.bias	                [64]	        64
0: module.model.graph_convs.1.norm1_dict.generator.module.running_mean	                [64]	        64
0: module.model.graph_convs.1.norm1_dict.generator.module.running_var	                [64]	        64
0: module.model.graph_convs.1.norm1_dict.generator.module.num_batches_tracked	                  []	         1
0: module.model.graph_convs.1.norm1_dict.load.module.weight	                [64]	        64
0: module.model.graph_convs.1.norm1_dict.load.module.bias	                [64]	        64
0: module.model.graph_convs.1.norm1_dict.load.module.running_mean	                [64]	        64
0: module.model.graph_convs.1.norm1_dict.load.module.running_var	                [64]	        64
0: module.model.graph_convs.1.norm1_dict.load.module.num_batches_tracked	                  []	         1
0: module.model.graph_convs.1.norm1_dict.shunt.module.weight	                [64]	        64
0: module.model.graph_convs.1.norm1_dict.shunt.module.bias	                [64]	        64
0: module.model.graph_convs.1.norm1_dict.shunt.module.running_mean	                [64]	        64
0: module.model.graph_convs.1.norm1_dict.shunt.module.running_var	                [64]	        64
0: module.model.graph_convs.1.norm1_dict.shunt.module.num_batches_tracked	                  []	         1
0: module.model.graph_convs.1.norm2_dict.bus.module.weight	                [64]	        64
0: module.model.graph_convs.1.norm2_dict.bus.module.bias	                [64]	        64
0: module.model.graph_convs.1.norm2_dict.bus.module.running_mean	                [64]	        64
0: module.model.graph_convs.1.norm2_dict.bus.module.running_var	                [64]	        64
0: module.model.graph_convs.1.norm2_dict.bus.module.num_batches_tracked	                  []	         1
0: module.model.graph_convs.1.norm2_dict.generator.module.weight	                [64]	        64
0: module.model.graph_convs.1.norm2_dict.generator.module.bias	                [64]	        64
0: module.model.graph_convs.1.norm2_dict.generator.module.running_mean	                [64]	        64
0: module.model.graph_convs.1.norm2_dict.generator.module.running_var	                [64]	        64
0: module.model.graph_convs.1.norm2_dict.generator.module.num_batches_tracked	                  []	         1
0: module.model.graph_convs.1.norm2_dict.load.module.weight	                [64]	        64
0: module.model.graph_convs.1.norm2_dict.load.module.bias	                [64]	        64
0: module.model.graph_convs.1.norm2_dict.load.module.running_mean	                [64]	        64
0: module.model.graph_convs.1.norm2_dict.load.module.running_var	                [64]	        64
0: module.model.graph_convs.1.norm2_dict.load.module.num_batches_tracked	                  []	         1
0: module.model.graph_convs.1.norm2_dict.shunt.module.weight	                [64]	        64
0: module.model.graph_convs.1.norm2_dict.shunt.module.bias	                [64]	        64
0: module.model.graph_convs.1.norm2_dict.shunt.module.running_mean	                [64]	        64
0: module.model.graph_convs.1.norm2_dict.shunt.module.running_var	                [64]	        64
0: module.model.graph_convs.1.norm2_dict.shunt.module.num_batches_tracked	                  []	         1
0: module.model.graph_convs.1.norm3_dict.bus.module.weight	                [64]	        64
0: module.model.graph_convs.1.norm3_dict.bus.module.bias	                [64]	        64
0: module.model.graph_convs.1.norm3_dict.bus.module.running_mean	                [64]	        64
0: module.model.graph_convs.1.norm3_dict.bus.module.running_var	                [64]	        64
0: module.model.graph_convs.1.norm3_dict.bus.module.num_batches_tracked	                  []	         1
0: module.model.graph_convs.1.norm3_dict.generator.module.weight	                [64]	        64
0: module.model.graph_convs.1.norm3_dict.generator.module.bias	                [64]	        64
0: module.model.graph_convs.1.norm3_dict.generator.module.running_mean	                [64]	        64
0: module.model.graph_convs.1.norm3_dict.generator.module.running_var	                [64]	        64
0: module.model.graph_convs.1.norm3_dict.generator.module.num_batches_tracked	                  []	         1
0: module.model.graph_convs.1.norm3_dict.load.module.weight	                [64]	        64
0: module.model.graph_convs.1.norm3_dict.load.module.bias	                [64]	        64
0: module.model.graph_convs.1.norm3_dict.load.module.running_mean	                [64]	        64
0: module.model.graph_convs.1.norm3_dict.load.module.running_var	                [64]	        64
0: module.model.graph_convs.1.norm3_dict.load.module.num_batches_tracked	                  []	         1
0: module.model.graph_convs.1.norm3_dict.shunt.module.weight	                [64]	        64
0: module.model.graph_convs.1.norm3_dict.shunt.module.bias	                [64]	        64
0: module.model.graph_convs.1.norm3_dict.shunt.module.running_mean	                [64]	        64
0: module.model.graph_convs.1.norm3_dict.shunt.module.running_var	                [64]	        64
0: module.model.graph_convs.1.norm3_dict.shunt.module.num_batches_tracked	                  []	         1
0:     module.model.graph_convs.2.attn.in_proj_weight	           [192, 64]	     12288
0:       module.model.graph_convs.2.attn.in_proj_bias	               [192]	       192
0:    module.model.graph_convs.2.attn.out_proj.weight	            [64, 64]	      4096
0:      module.model.graph_convs.2.attn.out_proj.bias	                [64]	        64
0:            module.model.graph_convs.2.mlp.0.weight	           [128, 64]	      8192
0:              module.model.graph_convs.2.mlp.0.bias	               [128]	       128
0:            module.model.graph_convs.2.mlp.3.weight	           [64, 128]	      8192
0:              module.model.graph_convs.2.mlp.3.bias	                [64]	        64
0: module.model.graph_convs.2.norm1_dict.bus.module.weight	                [64]	        64
0: module.model.graph_convs.2.norm1_dict.bus.module.bias	                [64]	        64
0: module.model.graph_convs.2.norm1_dict.bus.module.running_mean	                [64]	        64
0: module.model.graph_convs.2.norm1_dict.bus.module.running_var	                [64]	        64
0: module.model.graph_convs.2.norm1_dict.bus.module.num_batches_tracked	                  []	         1
0: module.model.graph_convs.2.norm1_dict.generator.module.weight	                [64]	        64
0: module.model.graph_convs.2.norm1_dict.generator.module.bias	                [64]	        64
0: module.model.graph_convs.2.norm1_dict.generator.module.running_mean	                [64]	        64
0: module.model.graph_convs.2.norm1_dict.generator.module.running_var	                [64]	        64
0: module.model.graph_convs.2.norm1_dict.generator.module.num_batches_tracked	                  []	         1
0: module.model.graph_convs.2.norm1_dict.load.module.weight	                [64]	        64
0: module.model.graph_convs.2.norm1_dict.load.module.bias	                [64]	        64
0: module.model.graph_convs.2.norm1_dict.load.module.running_mean	                [64]	        64
0: module.model.graph_convs.2.norm1_dict.load.module.running_var	                [64]	        64
0: module.model.graph_convs.2.norm1_dict.load.module.num_batches_tracked	                  []	         1
0: module.model.graph_convs.2.norm1_dict.shunt.module.weight	                [64]	        64
0: module.model.graph_convs.2.norm1_dict.shunt.module.bias	                [64]	        64
0: module.model.graph_convs.2.norm1_dict.shunt.module.running_mean	                [64]	        64
0: module.model.graph_convs.2.norm1_dict.shunt.module.running_var	                [64]	        64
0: module.model.graph_convs.2.norm1_dict.shunt.module.num_batches_tracked	                  []	         1
0: module.model.graph_convs.2.norm2_dict.bus.module.weight	                [64]	        64
0: module.model.graph_convs.2.norm2_dict.bus.module.bias	                [64]	        64
0: module.model.graph_convs.2.norm2_dict.bus.module.running_mean	                [64]	        64
0: module.model.graph_convs.2.norm2_dict.bus.module.running_var	                [64]	        64
0: module.model.graph_convs.2.norm2_dict.bus.module.num_batches_tracked	                  []	         1
0: module.model.graph_convs.2.norm2_dict.generator.module.weight	                [64]	        64
0: module.model.graph_convs.2.norm2_dict.generator.module.bias	                [64]	        64
0: module.model.graph_convs.2.norm2_dict.generator.module.running_mean	                [64]	        64
0: module.model.graph_convs.2.norm2_dict.generator.module.running_var	                [64]	        64
0: module.model.graph_convs.2.norm2_dict.generator.module.num_batches_tracked	                  []	         1
0: module.model.graph_convs.2.norm2_dict.load.module.weight	                [64]	        64
0: module.model.graph_convs.2.norm2_dict.load.module.bias	                [64]	        64
0: module.model.graph_convs.2.norm2_dict.load.module.running_mean	                [64]	        64
0: module.model.graph_convs.2.norm2_dict.load.module.running_var	                [64]	        64
0: module.model.graph_convs.2.norm2_dict.load.module.num_batches_tracked	                  []	         1
0: module.model.graph_convs.2.norm2_dict.shunt.module.weight	                [64]	        64
0: module.model.graph_convs.2.norm2_dict.shunt.module.bias	                [64]	        64
0: module.model.graph_convs.2.norm2_dict.shunt.module.running_mean	                [64]	        64
0: module.model.graph_convs.2.norm2_dict.shunt.module.running_var	                [64]	        64
0: module.model.graph_convs.2.norm2_dict.shunt.module.num_batches_tracked	                  []	         1
0: module.model.graph_convs.2.norm3_dict.bus.module.weight	                [64]	        64
0: module.model.graph_convs.2.norm3_dict.bus.module.bias	                [64]	        64
0: module.model.graph_convs.2.norm3_dict.bus.module.running_mean	                [64]	        64
0: module.model.graph_convs.2.norm3_dict.bus.module.running_var	                [64]	        64
0: module.model.graph_convs.2.norm3_dict.bus.module.num_batches_tracked	                  []	         1
0: module.model.graph_convs.2.norm3_dict.generator.module.weight	                [64]	        64
0: module.model.graph_convs.2.norm3_dict.generator.module.bias	                [64]	        64
0: module.model.graph_convs.2.norm3_dict.generator.module.running_mean	                [64]	        64
0: module.model.graph_convs.2.norm3_dict.generator.module.running_var	                [64]	        64
0: module.model.graph_convs.2.norm3_dict.generator.module.num_batches_tracked	                  []	         1
0: module.model.graph_convs.2.norm3_dict.load.module.weight	                [64]	        64
0: module.model.graph_convs.2.norm3_dict.load.module.bias	                [64]	        64
0: module.model.graph_convs.2.norm3_dict.load.module.running_mean	                [64]	        64
0: module.model.graph_convs.2.norm3_dict.load.module.running_var	                [64]	        64
0: module.model.graph_convs.2.norm3_dict.load.module.num_batches_tracked	                  []	         1
0: module.model.graph_convs.2.norm3_dict.shunt.module.weight	                [64]	        64
0: module.model.graph_convs.2.norm3_dict.shunt.module.bias	                [64]	        64
0: module.model.graph_convs.2.norm3_dict.shunt.module.running_mean	                [64]	        64
0: module.model.graph_convs.2.norm3_dict.shunt.module.running_var	                [64]	        64
0: module.model.graph_convs.2.norm3_dict.shunt.module.num_batches_tracked	                  []	         1
0:     module.model.graph_convs.3.attn.in_proj_weight	           [192, 64]	     12288
0:       module.model.graph_convs.3.attn.in_proj_bias	               [192]	       192
0:    module.model.graph_convs.3.attn.out_proj.weight	            [64, 64]	      4096
0:      module.model.graph_convs.3.attn.out_proj.bias	                [64]	        64
0:            module.model.graph_convs.3.mlp.0.weight	           [128, 64]	      8192
0:              module.model.graph_convs.3.mlp.0.bias	               [128]	       128
0:            module.model.graph_convs.3.mlp.3.weight	           [64, 128]	      8192
0:              module.model.graph_convs.3.mlp.3.bias	                [64]	        64
0: module.model.graph_convs.3.norm1_dict.bus.module.weight	                [64]	        64
0: module.model.graph_convs.3.norm1_dict.bus.module.bias	                [64]	        64
0: module.model.graph_convs.3.norm1_dict.bus.module.running_mean	                [64]	        64
0: module.model.graph_convs.3.norm1_dict.bus.module.running_var	                [64]	        64
0: module.model.graph_convs.3.norm1_dict.bus.module.num_batches_tracked	                  []	         1
0: module.model.graph_convs.3.norm1_dict.generator.module.weight	                [64]	        64
0: module.model.graph_convs.3.norm1_dict.generator.module.bias	                [64]	        64
0: module.model.graph_convs.3.norm1_dict.generator.module.running_mean	                [64]	        64
0: module.model.graph_convs.3.norm1_dict.generator.module.running_var	                [64]	        64
0: module.model.graph_convs.3.norm1_dict.generator.module.num_batches_tracked	                  []	         1
0: module.model.graph_convs.3.norm1_dict.load.module.weight	                [64]	        64
0: module.model.graph_convs.3.norm1_dict.load.module.bias	                [64]	        64
0: module.model.graph_convs.3.norm1_dict.load.module.running_mean	                [64]	        64
0: module.model.graph_convs.3.norm1_dict.load.module.running_var	                [64]	        64
0: module.model.graph_convs.3.norm1_dict.load.module.num_batches_tracked	                  []	         1
0: module.model.graph_convs.3.norm1_dict.shunt.module.weight	                [64]	        64
0: module.model.graph_convs.3.norm1_dict.shunt.module.bias	                [64]	        64
0: module.model.graph_convs.3.norm1_dict.shunt.module.running_mean	                [64]	        64
0: module.model.graph_convs.3.norm1_dict.shunt.module.running_var	                [64]	        64
0: module.model.graph_convs.3.norm1_dict.shunt.module.num_batches_tracked	                  []	         1
0: module.model.graph_convs.3.norm2_dict.bus.module.weight	                [64]	        64
0: module.model.graph_convs.3.norm2_dict.bus.module.bias	                [64]	        64
0: module.model.graph_convs.3.norm2_dict.bus.module.running_mean	                [64]	        64
0: module.model.graph_convs.3.norm2_dict.bus.module.running_var	                [64]	        64
0: module.model.graph_convs.3.norm2_dict.bus.module.num_batches_tracked	                  []	         1
0: module.model.graph_convs.3.norm2_dict.generator.module.weight	                [64]	        64
0: module.model.graph_convs.3.norm2_dict.generator.module.bias	                [64]	        64
0: module.model.graph_convs.3.norm2_dict.generator.module.running_mean	                [64]	        64
0: module.model.graph_convs.3.norm2_dict.generator.module.running_var	                [64]	        64
0: module.model.graph_convs.3.norm2_dict.generator.module.num_batches_tracked	                  []	         1
0: module.model.graph_convs.3.norm2_dict.load.module.weight	                [64]	        64
0: module.model.graph_convs.3.norm2_dict.load.module.bias	                [64]	        64
0: module.model.graph_convs.3.norm2_dict.load.module.running_mean	                [64]	        64
0: module.model.graph_convs.3.norm2_dict.load.module.running_var	                [64]	        64
0: module.model.graph_convs.3.norm2_dict.load.module.num_batches_tracked	                  []	         1
0: module.model.graph_convs.3.norm2_dict.shunt.module.weight	                [64]	        64
0: module.model.graph_convs.3.norm2_dict.shunt.module.bias	                [64]	        64
0: module.model.graph_convs.3.norm2_dict.shunt.module.running_mean	                [64]	        64
0: module.model.graph_convs.3.norm2_dict.shunt.module.running_var	                [64]	        64
0: module.model.graph_convs.3.norm2_dict.shunt.module.num_batches_tracked	                  []	         1
0: module.model.graph_convs.3.norm3_dict.bus.module.weight	                [64]	        64
0: module.model.graph_convs.3.norm3_dict.bus.module.bias	                [64]	        64
0: module.model.graph_convs.3.norm3_dict.bus.module.running_mean	                [64]	        64
0: module.model.graph_convs.3.norm3_dict.bus.module.running_var	                [64]	        64
0: module.model.graph_convs.3.norm3_dict.bus.module.num_batches_tracked	                  []	         1
0: module.model.graph_convs.3.norm3_dict.generator.module.weight	                [64]	        64
0: module.model.graph_convs.3.norm3_dict.generator.module.bias	                [64]	        64
0: module.model.graph_convs.3.norm3_dict.generator.module.running_mean	                [64]	        64
0: module.model.graph_convs.3.norm3_dict.generator.module.running_var	                [64]	        64
0: module.model.graph_convs.3.norm3_dict.generator.module.num_batches_tracked	                  []	         1
0: module.model.graph_convs.3.norm3_dict.load.module.weight	                [64]	        64
0: module.model.graph_convs.3.norm3_dict.load.module.bias	                [64]	        64
0: module.model.graph_convs.3.norm3_dict.load.module.running_mean	                [64]	        64
0: module.model.graph_convs.3.norm3_dict.load.module.running_var	                [64]	        64
0: module.model.graph_convs.3.norm3_dict.load.module.num_batches_tracked	                  []	         1
0: module.model.graph_convs.3.norm3_dict.shunt.module.weight	                [64]	        64
0: module.model.graph_convs.3.norm3_dict.shunt.module.bias	                [64]	        64
0: module.model.graph_convs.3.norm3_dict.shunt.module.running_mean	                [64]	        64
0: module.model.graph_convs.3.norm3_dict.shunt.module.running_var	                [64]	        64
0: module.model.graph_convs.3.norm3_dict.shunt.module.num_batches_tracked	                  []	         1
0:     module.model.graph_convs.4.attn.in_proj_weight	           [192, 64]	     12288
0:       module.model.graph_convs.4.attn.in_proj_bias	               [192]	       192
0:    module.model.graph_convs.4.attn.out_proj.weight	            [64, 64]	      4096
0:      module.model.graph_convs.4.attn.out_proj.bias	                [64]	        64
0:            module.model.graph_convs.4.mlp.0.weight	           [128, 64]	      8192
0:              module.model.graph_convs.4.mlp.0.bias	               [128]	       128
0:            module.model.graph_convs.4.mlp.3.weight	           [64, 128]	      8192
0:              module.model.graph_convs.4.mlp.3.bias	                [64]	        64
0: module.model.graph_convs.4.norm1_dict.bus.module.weight	                [64]	        64
0: module.model.graph_convs.4.norm1_dict.bus.module.bias	                [64]	        64
0: module.model.graph_convs.4.norm1_dict.bus.module.running_mean	                [64]	        64
0: module.model.graph_convs.4.norm1_dict.bus.module.running_var	                [64]	        64
0: module.model.graph_convs.4.norm1_dict.bus.module.num_batches_tracked	                  []	         1
0: module.model.graph_convs.4.norm1_dict.generator.module.weight	                [64]	        64
0: module.model.graph_convs.4.norm1_dict.generator.module.bias	                [64]	        64
0: module.model.graph_convs.4.norm1_dict.generator.module.running_mean	                [64]	        64
0: module.model.graph_convs.4.norm1_dict.generator.module.running_var	                [64]	        64
0: module.model.graph_convs.4.norm1_dict.generator.module.num_batches_tracked	                  []	         1
0: module.model.graph_convs.4.norm1_dict.load.module.weight	                [64]	        64
0: module.model.graph_convs.4.norm1_dict.load.module.bias	                [64]	        64
0: module.model.graph_convs.4.norm1_dict.load.module.running_mean	                [64]	        64
0: module.model.graph_convs.4.norm1_dict.load.module.running_var	                [64]	        64
0: module.model.graph_convs.4.norm1_dict.load.module.num_batches_tracked	                  []	         1
0: module.model.graph_convs.4.norm1_dict.shunt.module.weight	                [64]	        64
0: module.model.graph_convs.4.norm1_dict.shunt.module.bias	                [64]	        64
0: module.model.graph_convs.4.norm1_dict.shunt.module.running_mean	                [64]	        64
0: module.model.graph_convs.4.norm1_dict.shunt.module.running_var	                [64]	        64
0: module.model.graph_convs.4.norm1_dict.shunt.module.num_batches_tracked	                  []	         1
0: module.model.graph_convs.4.norm2_dict.bus.module.weight	                [64]	        64
0: module.model.graph_convs.4.norm2_dict.bus.module.bias	                [64]	        64
0: module.model.graph_convs.4.norm2_dict.bus.module.running_mean	                [64]	        64
0: module.model.graph_convs.4.norm2_dict.bus.module.running_var	                [64]	        64
0: module.model.graph_convs.4.norm2_dict.bus.module.num_batches_tracked	                  []	         1
0: module.model.graph_convs.4.norm2_dict.generator.module.weight	                [64]	        64
0: module.model.graph_convs.4.norm2_dict.generator.module.bias	                [64]	        64
0: module.model.graph_convs.4.norm2_dict.generator.module.running_mean	                [64]	        64
0: module.model.graph_convs.4.norm2_dict.generator.module.running_var	                [64]	        64
0: module.model.graph_convs.4.norm2_dict.generator.module.num_batches_tracked	                  []	         1
0: module.model.graph_convs.4.norm2_dict.load.module.weight	                [64]	        64
0: module.model.graph_convs.4.norm2_dict.load.module.bias	                [64]	        64
0: module.model.graph_convs.4.norm2_dict.load.module.running_mean	                [64]	        64
0: module.model.graph_convs.4.norm2_dict.load.module.running_var	                [64]	        64
0: module.model.graph_convs.4.norm2_dict.load.module.num_batches_tracked	                  []	         1
0: module.model.graph_convs.4.norm2_dict.shunt.module.weight	                [64]	        64
0: module.model.graph_convs.4.norm2_dict.shunt.module.bias	                [64]	        64
0: module.model.graph_convs.4.norm2_dict.shunt.module.running_mean	                [64]	        64
0: module.model.graph_convs.4.norm2_dict.shunt.module.running_var	                [64]	        64
0: module.model.graph_convs.4.norm2_dict.shunt.module.num_batches_tracked	                  []	         1
0: module.model.graph_convs.4.norm3_dict.bus.module.weight	                [64]	        64
0: module.model.graph_convs.4.norm3_dict.bus.module.bias	                [64]	        64
0: module.model.graph_convs.4.norm3_dict.bus.module.running_mean	                [64]	        64
0: module.model.graph_convs.4.norm3_dict.bus.module.running_var	                [64]	        64
0: module.model.graph_convs.4.norm3_dict.bus.module.num_batches_tracked	                  []	         1
0: module.model.graph_convs.4.norm3_dict.generator.module.weight	                [64]	        64
0: module.model.graph_convs.4.norm3_dict.generator.module.bias	                [64]	        64
0: module.model.graph_convs.4.norm3_dict.generator.module.running_mean	                [64]	        64
0: module.model.graph_convs.4.norm3_dict.generator.module.running_var	                [64]	        64
0: module.model.graph_convs.4.norm3_dict.generator.module.num_batches_tracked	                  []	         1
0: module.model.graph_convs.4.norm3_dict.load.module.weight	                [64]	        64
0: module.model.graph_convs.4.norm3_dict.load.module.bias	                [64]	        64
0: module.model.graph_convs.4.norm3_dict.load.module.running_mean	                [64]	        64
0: module.model.graph_convs.4.norm3_dict.load.module.running_var	                [64]	        64
0: module.model.graph_convs.4.norm3_dict.load.module.num_batches_tracked	                  []	         1
0: module.model.graph_convs.4.norm3_dict.shunt.module.weight	                [64]	        64
0: module.model.graph_convs.4.norm3_dict.shunt.module.bias	                [64]	        64
0: module.model.graph_convs.4.norm3_dict.shunt.module.running_mean	                [64]	        64
0: module.model.graph_convs.4.norm3_dict.shunt.module.running_var	                [64]	        64
0: module.model.graph_convs.4.norm3_dict.shunt.module.num_batches_tracked	                  []	         1
0:     module.model.graph_convs.5.attn.in_proj_weight	           [192, 64]	     12288
0:       module.model.graph_convs.5.attn.in_proj_bias	               [192]	       192
0:    module.model.graph_convs.5.attn.out_proj.weight	            [64, 64]	      4096
0:      module.model.graph_convs.5.attn.out_proj.bias	                [64]	        64
0:            module.model.graph_convs.5.mlp.0.weight	           [128, 64]	      8192
0:              module.model.graph_convs.5.mlp.0.bias	               [128]	       128
0:            module.model.graph_convs.5.mlp.3.weight	           [64, 128]	      8192
0:              module.model.graph_convs.5.mlp.3.bias	                [64]	        64
0: module.model.graph_convs.5.norm1_dict.bus.module.weight	                [64]	        64
0: module.model.graph_convs.5.norm1_dict.bus.module.bias	                [64]	        64
0: module.model.graph_convs.5.norm1_dict.bus.module.running_mean	                [64]	        64
0: module.model.graph_convs.5.norm1_dict.bus.module.running_var	                [64]	        64
0: module.model.graph_convs.5.norm1_dict.bus.module.num_batches_tracked	                  []	         1
0: module.model.graph_convs.5.norm1_dict.generator.module.weight	                [64]	        64
0: module.model.graph_convs.5.norm1_dict.generator.module.bias	                [64]	        64
0: module.model.graph_convs.5.norm1_dict.generator.module.running_mean	                [64]	        64
0: module.model.graph_convs.5.norm1_dict.generator.module.running_var	                [64]	        64
0: module.model.graph_convs.5.norm1_dict.generator.module.num_batches_tracked	                  []	         1
0: module.model.graph_convs.5.norm1_dict.load.module.weight	                [64]	        64
0: module.model.graph_convs.5.norm1_dict.load.module.bias	                [64]	        64
0: module.model.graph_convs.5.norm1_dict.load.module.running_mean	                [64]	        64
0: module.model.graph_convs.5.norm1_dict.load.module.running_var	                [64]	        64
0: module.model.graph_convs.5.norm1_dict.load.module.num_batches_tracked	                  []	         1
0: module.model.graph_convs.5.norm1_dict.shunt.module.weight	                [64]	        64
0: module.model.graph_convs.5.norm1_dict.shunt.module.bias	                [64]	        64
0: module.model.graph_convs.5.norm1_dict.shunt.module.running_mean	                [64]	        64
0: module.model.graph_convs.5.norm1_dict.shunt.module.running_var	                [64]	        64
0: module.model.graph_convs.5.norm1_dict.shunt.module.num_batches_tracked	                  []	         1
0: module.model.graph_convs.5.norm2_dict.bus.module.weight	                [64]	        64
0: module.model.graph_convs.5.norm2_dict.bus.module.bias	                [64]	        64
0: module.model.graph_convs.5.norm2_dict.bus.module.running_mean	                [64]	        64
0: module.model.graph_convs.5.norm2_dict.bus.module.running_var	                [64]	        64
0: module.model.graph_convs.5.norm2_dict.bus.module.num_batches_tracked	                  []	         1
0: module.model.graph_convs.5.norm2_dict.generator.module.weight	                [64]	        64
0: module.model.graph_convs.5.norm2_dict.generator.module.bias	                [64]	        64
0: module.model.graph_convs.5.norm2_dict.generator.module.running_mean	                [64]	        64
0: module.model.graph_convs.5.norm2_dict.generator.module.running_var	                [64]	        64
0: module.model.graph_convs.5.norm2_dict.generator.module.num_batches_tracked	                  []	         1
0: module.model.graph_convs.5.norm2_dict.load.module.weight	                [64]	        64
0: module.model.graph_convs.5.norm2_dict.load.module.bias	                [64]	        64
0: module.model.graph_convs.5.norm2_dict.load.module.running_mean	                [64]	        64
0: module.model.graph_convs.5.norm2_dict.load.module.running_var	                [64]	        64
0: module.model.graph_convs.5.norm2_dict.load.module.num_batches_tracked	                  []	         1
0: module.model.graph_convs.5.norm2_dict.shunt.module.weight	                [64]	        64
0: module.model.graph_convs.5.norm2_dict.shunt.module.bias	                [64]	        64
0: module.model.graph_convs.5.norm2_dict.shunt.module.running_mean	                [64]	        64
0: module.model.graph_convs.5.norm2_dict.shunt.module.running_var	                [64]	        64
0: module.model.graph_convs.5.norm2_dict.shunt.module.num_batches_tracked	                  []	         1
0: module.model.graph_convs.5.norm3_dict.bus.module.weight	                [64]	        64
0: module.model.graph_convs.5.norm3_dict.bus.module.bias	                [64]	        64
0: module.model.graph_convs.5.norm3_dict.bus.module.running_mean	                [64]	        64
0: module.model.graph_convs.5.norm3_dict.bus.module.running_var	                [64]	        64
0: module.model.graph_convs.5.norm3_dict.bus.module.num_batches_tracked	                  []	         1
0: module.model.graph_convs.5.norm3_dict.generator.module.weight	                [64]	        64
0: module.model.graph_convs.5.norm3_dict.generator.module.bias	                [64]	        64
0: module.model.graph_convs.5.norm3_dict.generator.module.running_mean	                [64]	        64
0: module.model.graph_convs.5.norm3_dict.generator.module.running_var	                [64]	        64
0: module.model.graph_convs.5.norm3_dict.generator.module.num_batches_tracked	                  []	         1
0: module.model.graph_convs.5.norm3_dict.load.module.weight	                [64]	        64
0: module.model.graph_convs.5.norm3_dict.load.module.bias	                [64]	        64
0: module.model.graph_convs.5.norm3_dict.load.module.running_mean	                [64]	        64
0: module.model.graph_convs.5.norm3_dict.load.module.running_var	                [64]	        64
0: module.model.graph_convs.5.norm3_dict.load.module.num_batches_tracked	                  []	         1
0: module.model.graph_convs.5.norm3_dict.shunt.module.weight	                [64]	        64
0: module.model.graph_convs.5.norm3_dict.shunt.module.bias	                [64]	        64
0: module.model.graph_convs.5.norm3_dict.shunt.module.running_mean	                [64]	        64
0: module.model.graph_convs.5.norm3_dict.shunt.module.running_var	                [64]	        64
0: module.model.graph_convs.5.norm3_dict.shunt.module.num_batches_tracked	                  []	         1
0:     module.model.graph_convs.6.attn.in_proj_weight	           [192, 64]	     12288
0:       module.model.graph_convs.6.attn.in_proj_bias	               [192]	       192
0:    module.model.graph_convs.6.attn.out_proj.weight	            [64, 64]	      4096
0:      module.model.graph_convs.6.attn.out_proj.bias	                [64]	        64
0:            module.model.graph_convs.6.mlp.0.weight	           [128, 64]	      8192
0:              module.model.graph_convs.6.mlp.0.bias	               [128]	       128
0:            module.model.graph_convs.6.mlp.3.weight	           [64, 128]	      8192
0:              module.model.graph_convs.6.mlp.3.bias	                [64]	        64
0: module.model.graph_convs.6.norm1_dict.bus.module.weight	                [64]	        64
0: module.model.graph_convs.6.norm1_dict.bus.module.bias	                [64]	        64
0: module.model.graph_convs.6.norm1_dict.bus.module.running_mean	                [64]	        64
0: module.model.graph_convs.6.norm1_dict.bus.module.running_var	                [64]	        64
0: module.model.graph_convs.6.norm1_dict.bus.module.num_batches_tracked	                  []	         1
0: module.model.graph_convs.6.norm1_dict.generator.module.weight	                [64]	        64
0: module.model.graph_convs.6.norm1_dict.generator.module.bias	                [64]	        64
0: module.model.graph_convs.6.norm1_dict.generator.module.running_mean	                [64]	        64
0: module.model.graph_convs.6.norm1_dict.generator.module.running_var	                [64]	        64
0: module.model.graph_convs.6.norm1_dict.generator.module.num_batches_tracked	                  []	         1
0: module.model.graph_convs.6.norm1_dict.load.module.weight	                [64]	        64
0: module.model.graph_convs.6.norm1_dict.load.module.bias	                [64]	        64
0: module.model.graph_convs.6.norm1_dict.load.module.running_mean	                [64]	        64
0: module.model.graph_convs.6.norm1_dict.load.module.running_var	                [64]	        64
0: module.model.graph_convs.6.norm1_dict.load.module.num_batches_tracked	                  []	         1
0: module.model.graph_convs.6.norm1_dict.shunt.module.weight	                [64]	        64
0: module.model.graph_convs.6.norm1_dict.shunt.module.bias	                [64]	        64
0: module.model.graph_convs.6.norm1_dict.shunt.module.running_mean	                [64]	        64
0: module.model.graph_convs.6.norm1_dict.shunt.module.running_var	                [64]	        64
0: module.model.graph_convs.6.norm1_dict.shunt.module.num_batches_tracked	                  []	         1
0: module.model.graph_convs.6.norm2_dict.bus.module.weight	                [64]	        64
0: module.model.graph_convs.6.norm2_dict.bus.module.bias	                [64]	        64
0: module.model.graph_convs.6.norm2_dict.bus.module.running_mean	                [64]	        64
0: module.model.graph_convs.6.norm2_dict.bus.module.running_var	                [64]	        64
0: module.model.graph_convs.6.norm2_dict.bus.module.num_batches_tracked	                  []	         1
0: module.model.graph_convs.6.norm2_dict.generator.module.weight	                [64]	        64
0: module.model.graph_convs.6.norm2_dict.generator.module.bias	                [64]	        64
0: module.model.graph_convs.6.norm2_dict.generator.module.running_mean	                [64]	        64
0: module.model.graph_convs.6.norm2_dict.generator.module.running_var	                [64]	        64
0: module.model.graph_convs.6.norm2_dict.generator.module.num_batches_tracked	                  []	         1
0: module.model.graph_convs.6.norm2_dict.load.module.weight	                [64]	        64
0: module.model.graph_convs.6.norm2_dict.load.module.bias	                [64]	        64
0: module.model.graph_convs.6.norm2_dict.load.module.running_mean	                [64]	        64
0: module.model.graph_convs.6.norm2_dict.load.module.running_var	                [64]	        64
0: module.model.graph_convs.6.norm2_dict.load.module.num_batches_tracked	                  []	         1
0: module.model.graph_convs.6.norm2_dict.shunt.module.weight	                [64]	        64
0: module.model.graph_convs.6.norm2_dict.shunt.module.bias	                [64]	        64
0: module.model.graph_convs.6.norm2_dict.shunt.module.running_mean	                [64]	        64
0: module.model.graph_convs.6.norm2_dict.shunt.module.running_var	                [64]	        64
0: module.model.graph_convs.6.norm2_dict.shunt.module.num_batches_tracked	                  []	         1
0: module.model.graph_convs.6.norm3_dict.bus.module.weight	                [64]	        64
0: module.model.graph_convs.6.norm3_dict.bus.module.bias	                [64]	        64
0: module.model.graph_convs.6.norm3_dict.bus.module.running_mean	                [64]	        64
0: module.model.graph_convs.6.norm3_dict.bus.module.running_var	                [64]	        64
0: module.model.graph_convs.6.norm3_dict.bus.module.num_batches_tracked	                  []	         1
0: module.model.graph_convs.6.norm3_dict.generator.module.weight	                [64]	        64
0: module.model.graph_convs.6.norm3_dict.generator.module.bias	                [64]	        64
0: module.model.graph_convs.6.norm3_dict.generator.module.running_mean	                [64]	        64
0: module.model.graph_convs.6.norm3_dict.generator.module.running_var	                [64]	        64
0: module.model.graph_convs.6.norm3_dict.generator.module.num_batches_tracked	                  []	         1
0: module.model.graph_convs.6.norm3_dict.load.module.weight	                [64]	        64
0: module.model.graph_convs.6.norm3_dict.load.module.bias	                [64]	        64
0: module.model.graph_convs.6.norm3_dict.load.module.running_mean	                [64]	        64
0: module.model.graph_convs.6.norm3_dict.load.module.running_var	                [64]	        64
0: module.model.graph_convs.6.norm3_dict.load.module.num_batches_tracked	                  []	         1
0: module.model.graph_convs.6.norm3_dict.shunt.module.weight	                [64]	        64
0: module.model.graph_convs.6.norm3_dict.shunt.module.bias	                [64]	        64
0: module.model.graph_convs.6.norm3_dict.shunt.module.running_mean	                [64]	        64
0: module.model.graph_convs.6.norm3_dict.shunt.module.running_var	                [64]	        64
0: module.model.graph_convs.6.norm3_dict.shunt.module.num_batches_tracked	                  []	         1
0:     module.model.graph_convs.7.attn.in_proj_weight	           [192, 64]	     12288
0:       module.model.graph_convs.7.attn.in_proj_bias	               [192]	       192
0:    module.model.graph_convs.7.attn.out_proj.weight	            [64, 64]	      4096
0:      module.model.graph_convs.7.attn.out_proj.bias	                [64]	        64
0:            module.model.graph_convs.7.mlp.0.weight	           [128, 64]	      8192
0:              module.model.graph_convs.7.mlp.0.bias	               [128]	       128
0:            module.model.graph_convs.7.mlp.3.weight	           [64, 128]	      8192
0:              module.model.graph_convs.7.mlp.3.bias	                [64]	        64
0: module.model.graph_convs.7.norm1_dict.bus.module.weight	                [64]	        64
0: module.model.graph_convs.7.norm1_dict.bus.module.bias	                [64]	        64
0: module.model.graph_convs.7.norm1_dict.bus.module.running_mean	                [64]	        64
0: module.model.graph_convs.7.norm1_dict.bus.module.running_var	                [64]	        64
0: module.model.graph_convs.7.norm1_dict.bus.module.num_batches_tracked	                  []	         1
0: module.model.graph_convs.7.norm1_dict.generator.module.weight	                [64]	        64
0: module.model.graph_convs.7.norm1_dict.generator.module.bias	                [64]	        64
0: module.model.graph_convs.7.norm1_dict.generator.module.running_mean	                [64]	        64
0: module.model.graph_convs.7.norm1_dict.generator.module.running_var	                [64]	        64
0: module.model.graph_convs.7.norm1_dict.generator.module.num_batches_tracked	                  []	         1
0: module.model.graph_convs.7.norm1_dict.load.module.weight	                [64]	        64
0: module.model.graph_convs.7.norm1_dict.load.module.bias	                [64]	        64
0: module.model.graph_convs.7.norm1_dict.load.module.running_mean	                [64]	        64
0: module.model.graph_convs.7.norm1_dict.load.module.running_var	                [64]	        64
0: module.model.graph_convs.7.norm1_dict.load.module.num_batches_tracked	                  []	         1
0: module.model.graph_convs.7.norm1_dict.shunt.module.weight	                [64]	        64
0: module.model.graph_convs.7.norm1_dict.shunt.module.bias	                [64]	        64
0: module.model.graph_convs.7.norm1_dict.shunt.module.running_mean	                [64]	        64
0: module.model.graph_convs.7.norm1_dict.shunt.module.running_var	                [64]	        64
0: module.model.graph_convs.7.norm1_dict.shunt.module.num_batches_tracked	                  []	         1
0: module.model.graph_convs.7.norm2_dict.bus.module.weight	                [64]	        64
0: module.model.graph_convs.7.norm2_dict.bus.module.bias	                [64]	        64
0: module.model.graph_convs.7.norm2_dict.bus.module.running_mean	                [64]	        64
0: module.model.graph_convs.7.norm2_dict.bus.module.running_var	                [64]	        64
0: module.model.graph_convs.7.norm2_dict.bus.module.num_batches_tracked	                  []	         1
0: module.model.graph_convs.7.norm2_dict.generator.module.weight	                [64]	        64
0: module.model.graph_convs.7.norm2_dict.generator.module.bias	                [64]	        64
0: module.model.graph_convs.7.norm2_dict.generator.module.running_mean	                [64]	        64
0: module.model.graph_convs.7.norm2_dict.generator.module.running_var	                [64]	        64
0: module.model.graph_convs.7.norm2_dict.generator.module.num_batches_tracked	                  []	         1
0: module.model.graph_convs.7.norm2_dict.load.module.weight	                [64]	        64
0: module.model.graph_convs.7.norm2_dict.load.module.bias	                [64]	        64
0: module.model.graph_convs.7.norm2_dict.load.module.running_mean	                [64]	        64
0: module.model.graph_convs.7.norm2_dict.load.module.running_var	                [64]	        64
0: module.model.graph_convs.7.norm2_dict.load.module.num_batches_tracked	                  []	         1
0: module.model.graph_convs.7.norm2_dict.shunt.module.weight	                [64]	        64
0: module.model.graph_convs.7.norm2_dict.shunt.module.bias	                [64]	        64
0: module.model.graph_convs.7.norm2_dict.shunt.module.running_mean	                [64]	        64
0: module.model.graph_convs.7.norm2_dict.shunt.module.running_var	                [64]	        64
0: module.model.graph_convs.7.norm2_dict.shunt.module.num_batches_tracked	                  []	         1
0: module.model.graph_convs.7.norm3_dict.bus.module.weight	                [64]	        64
0: module.model.graph_convs.7.norm3_dict.bus.module.bias	                [64]	        64
0: module.model.graph_convs.7.norm3_dict.bus.module.running_mean	                [64]	        64
0: module.model.graph_convs.7.norm3_dict.bus.module.running_var	                [64]	        64
0: module.model.graph_convs.7.norm3_dict.bus.module.num_batches_tracked	                  []	         1
0: module.model.graph_convs.7.norm3_dict.generator.module.weight	                [64]	        64
0: module.model.graph_convs.7.norm3_dict.generator.module.bias	                [64]	        64
0: module.model.graph_convs.7.norm3_dict.generator.module.running_mean	                [64]	        64
0: module.model.graph_convs.7.norm3_dict.generator.module.running_var	                [64]	        64
0: module.model.graph_convs.7.norm3_dict.generator.module.num_batches_tracked	                  []	         1
0: module.model.graph_convs.7.norm3_dict.load.module.weight	                [64]	        64
0: module.model.graph_convs.7.norm3_dict.load.module.bias	                [64]	        64
0: module.model.graph_convs.7.norm3_dict.load.module.running_mean	                [64]	        64
0: module.model.graph_convs.7.norm3_dict.load.module.running_var	                [64]	        64
0: module.model.graph_convs.7.norm3_dict.load.module.num_batches_tracked	                  []	         1
0: module.model.graph_convs.7.norm3_dict.shunt.module.weight	                [64]	        64
0: module.model.graph_convs.7.norm3_dict.shunt.module.bias	                [64]	        64
0: module.model.graph_convs.7.norm3_dict.shunt.module.running_mean	                [64]	        64
0: module.model.graph_convs.7.norm3_dict.shunt.module.running_var	                [64]	        64
0: module.model.graph_convs.7.norm3_dict.shunt.module.num_batches_tracked	                  []	         1
0:     module.model.graph_convs.8.attn.in_proj_weight	           [192, 64]	     12288
0:       module.model.graph_convs.8.attn.in_proj_bias	               [192]	       192
0:    module.model.graph_convs.8.attn.out_proj.weight	            [64, 64]	      4096
0:      module.model.graph_convs.8.attn.out_proj.bias	                [64]	        64
0:            module.model.graph_convs.8.mlp.0.weight	           [128, 64]	      8192
0:              module.model.graph_convs.8.mlp.0.bias	               [128]	       128
0:            module.model.graph_convs.8.mlp.3.weight	           [64, 128]	      8192
0:              module.model.graph_convs.8.mlp.3.bias	                [64]	        64
0: module.model.graph_convs.8.norm1_dict.bus.module.weight	                [64]	        64
0: module.model.graph_convs.8.norm1_dict.bus.module.bias	                [64]	        64
0: module.model.graph_convs.8.norm1_dict.bus.module.running_mean	                [64]	        64
0: module.model.graph_convs.8.norm1_dict.bus.module.running_var	                [64]	        64
0: module.model.graph_convs.8.norm1_dict.bus.module.num_batches_tracked	                  []	         1
0: module.model.graph_convs.8.norm1_dict.generator.module.weight	                [64]	        64
0: module.model.graph_convs.8.norm1_dict.generator.module.bias	                [64]	        64
0: module.model.graph_convs.8.norm1_dict.generator.module.running_mean	                [64]	        64
0: module.model.graph_convs.8.norm1_dict.generator.module.running_var	                [64]	        64
0: module.model.graph_convs.8.norm1_dict.generator.module.num_batches_tracked	                  []	         1
0: module.model.graph_convs.8.norm1_dict.load.module.weight	                [64]	        64
0: module.model.graph_convs.8.norm1_dict.load.module.bias	                [64]	        64
0: module.model.graph_convs.8.norm1_dict.load.module.running_mean	                [64]	        64
0: module.model.graph_convs.8.norm1_dict.load.module.running_var	                [64]	        64
0: module.model.graph_convs.8.norm1_dict.load.module.num_batches_tracked	                  []	         1
0: module.model.graph_convs.8.norm1_dict.shunt.module.weight	                [64]	        64
0: module.model.graph_convs.8.norm1_dict.shunt.module.bias	                [64]	        64
0: module.model.graph_convs.8.norm1_dict.shunt.module.running_mean	                [64]	        64
0: module.model.graph_convs.8.norm1_dict.shunt.module.running_var	                [64]	        64
0: module.model.graph_convs.8.norm1_dict.shunt.module.num_batches_tracked	                  []	         1
0: module.model.graph_convs.8.norm2_dict.bus.module.weight	                [64]	        64
0: module.model.graph_convs.8.norm2_dict.bus.module.bias	                [64]	        64
0: module.model.graph_convs.8.norm2_dict.bus.module.running_mean	                [64]	        64
0: module.model.graph_convs.8.norm2_dict.bus.module.running_var	                [64]	        64
0: module.model.graph_convs.8.norm2_dict.bus.module.num_batches_tracked	                  []	         1
0: module.model.graph_convs.8.norm2_dict.generator.module.weight	                [64]	        64
0: module.model.graph_convs.8.norm2_dict.generator.module.bias	                [64]	        64
0: module.model.graph_convs.8.norm2_dict.generator.module.running_mean	                [64]	        64
0: module.model.graph_convs.8.norm2_dict.generator.module.running_var	                [64]	        64
0: module.model.graph_convs.8.norm2_dict.generator.module.num_batches_tracked	                  []	         1
0: module.model.graph_convs.8.norm2_dict.load.module.weight	                [64]	        64
0: module.model.graph_convs.8.norm2_dict.load.module.bias	                [64]	        64
0: module.model.graph_convs.8.norm2_dict.load.module.running_mean	                [64]	        64
0: module.model.graph_convs.8.norm2_dict.load.module.running_var	                [64]	        64
0: module.model.graph_convs.8.norm2_dict.load.module.num_batches_tracked	                  []	         1
0: module.model.graph_convs.8.norm2_dict.shunt.module.weight	                [64]	        64
0: module.model.graph_convs.8.norm2_dict.shunt.module.bias	                [64]	        64
0: module.model.graph_convs.8.norm2_dict.shunt.module.running_mean	                [64]	        64
0: module.model.graph_convs.8.norm2_dict.shunt.module.running_var	                [64]	        64
0: module.model.graph_convs.8.norm2_dict.shunt.module.num_batches_tracked	                  []	         1
0: module.model.graph_convs.8.norm3_dict.bus.module.weight	                [64]	        64
0: module.model.graph_convs.8.norm3_dict.bus.module.bias	                [64]	        64
0: module.model.graph_convs.8.norm3_dict.bus.module.running_mean	                [64]	        64
0: module.model.graph_convs.8.norm3_dict.bus.module.running_var	                [64]	        64
0: module.model.graph_convs.8.norm3_dict.bus.module.num_batches_tracked	                  []	         1
0: module.model.graph_convs.8.norm3_dict.generator.module.weight	                [64]	        64
0: module.model.graph_convs.8.norm3_dict.generator.module.bias	                [64]	        64
0: module.model.graph_convs.8.norm3_dict.generator.module.running_mean	                [64]	        64
0: module.model.graph_convs.8.norm3_dict.generator.module.running_var	                [64]	        64
0: module.model.graph_convs.8.norm3_dict.generator.module.num_batches_tracked	                  []	         1
0: module.model.graph_convs.8.norm3_dict.load.module.weight	                [64]	        64
0: module.model.graph_convs.8.norm3_dict.load.module.bias	                [64]	        64
0: module.model.graph_convs.8.norm3_dict.load.module.running_mean	                [64]	        64
0: module.model.graph_convs.8.norm3_dict.load.module.running_var	                [64]	        64
0: module.model.graph_convs.8.norm3_dict.load.module.num_batches_tracked	                  []	         1
0: module.model.graph_convs.8.norm3_dict.shunt.module.weight	                [64]	        64
0: module.model.graph_convs.8.norm3_dict.shunt.module.bias	                [64]	        64
0: module.model.graph_convs.8.norm3_dict.shunt.module.running_mean	                [64]	        64
0: module.model.graph_convs.8.norm3_dict.shunt.module.running_var	                [64]	        64
0: module.model.graph_convs.8.norm3_dict.shunt.module.num_batches_tracked	                  []	         1
0:     module.model.graph_convs.9.attn.in_proj_weight	           [192, 64]	     12288
0:       module.model.graph_convs.9.attn.in_proj_bias	               [192]	       192
0:    module.model.graph_convs.9.attn.out_proj.weight	            [64, 64]	      4096
0:      module.model.graph_convs.9.attn.out_proj.bias	                [64]	        64
0:            module.model.graph_convs.9.mlp.0.weight	           [128, 64]	      8192
0:              module.model.graph_convs.9.mlp.0.bias	               [128]	       128
0:            module.model.graph_convs.9.mlp.3.weight	           [64, 128]	      8192
0:              module.model.graph_convs.9.mlp.3.bias	                [64]	        64
0: module.model.graph_convs.9.norm1_dict.bus.module.weight	                [64]	        64
0: module.model.graph_convs.9.norm1_dict.bus.module.bias	                [64]	        64
0: module.model.graph_convs.9.norm1_dict.bus.module.running_mean	                [64]	        64
0: module.model.graph_convs.9.norm1_dict.bus.module.running_var	                [64]	        64
0: module.model.graph_convs.9.norm1_dict.bus.module.num_batches_tracked	                  []	         1
0: module.model.graph_convs.9.norm1_dict.generator.module.weight	                [64]	        64
0: module.model.graph_convs.9.norm1_dict.generator.module.bias	                [64]	        64
0: module.model.graph_convs.9.norm1_dict.generator.module.running_mean	                [64]	        64
0: module.model.graph_convs.9.norm1_dict.generator.module.running_var	                [64]	        64
0: module.model.graph_convs.9.norm1_dict.generator.module.num_batches_tracked	                  []	         1
0: module.model.graph_convs.9.norm1_dict.load.module.weight	                [64]	        64
0: module.model.graph_convs.9.norm1_dict.load.module.bias	                [64]	        64
0: module.model.graph_convs.9.norm1_dict.load.module.running_mean	                [64]	        64
0: module.model.graph_convs.9.norm1_dict.load.module.running_var	                [64]	        64
0: module.model.graph_convs.9.norm1_dict.load.module.num_batches_tracked	                  []	         1
0: module.model.graph_convs.9.norm1_dict.shunt.module.weight	                [64]	        64
0: module.model.graph_convs.9.norm1_dict.shunt.module.bias	                [64]	        64
0: module.model.graph_convs.9.norm1_dict.shunt.module.running_mean	                [64]	        64
0: module.model.graph_convs.9.norm1_dict.shunt.module.running_var	                [64]	        64
0: module.model.graph_convs.9.norm1_dict.shunt.module.num_batches_tracked	                  []	         1
0: module.model.graph_convs.9.norm2_dict.bus.module.weight	                [64]	        64
0: module.model.graph_convs.9.norm2_dict.bus.module.bias	                [64]	        64
0: module.model.graph_convs.9.norm2_dict.bus.module.running_mean	                [64]	        64
0: module.model.graph_convs.9.norm2_dict.bus.module.running_var	                [64]	        64
0: module.model.graph_convs.9.norm2_dict.bus.module.num_batches_tracked	                  []	         1
0: module.model.graph_convs.9.norm2_dict.generator.module.weight	                [64]	        64
0: module.model.graph_convs.9.norm2_dict.generator.module.bias	                [64]	        64
0: module.model.graph_convs.9.norm2_dict.generator.module.running_mean	                [64]	        64
0: module.model.graph_convs.9.norm2_dict.generator.module.running_var	                [64]	        64
0: module.model.graph_convs.9.norm2_dict.generator.module.num_batches_tracked	                  []	         1
0: module.model.graph_convs.9.norm2_dict.load.module.weight	                [64]	        64
0: module.model.graph_convs.9.norm2_dict.load.module.bias	                [64]	        64
0: module.model.graph_convs.9.norm2_dict.load.module.running_mean	                [64]	        64
0: module.model.graph_convs.9.norm2_dict.load.module.running_var	                [64]	        64
0: module.model.graph_convs.9.norm2_dict.load.module.num_batches_tracked	                  []	         1
0: module.model.graph_convs.9.norm2_dict.shunt.module.weight	                [64]	        64
0: module.model.graph_convs.9.norm2_dict.shunt.module.bias	                [64]	        64
0: module.model.graph_convs.9.norm2_dict.shunt.module.running_mean	                [64]	        64
0: module.model.graph_convs.9.norm2_dict.shunt.module.running_var	                [64]	        64
0: module.model.graph_convs.9.norm2_dict.shunt.module.num_batches_tracked	                  []	         1
0: module.model.graph_convs.9.norm3_dict.bus.module.weight	                [64]	        64
0: module.model.graph_convs.9.norm3_dict.bus.module.bias	                [64]	        64
0: module.model.graph_convs.9.norm3_dict.bus.module.running_mean	                [64]	        64
0: module.model.graph_convs.9.norm3_dict.bus.module.running_var	                [64]	        64
0: module.model.graph_convs.9.norm3_dict.bus.module.num_batches_tracked	                  []	         1
0: module.model.graph_convs.9.norm3_dict.generator.module.weight	                [64]	        64
0: module.model.graph_convs.9.norm3_dict.generator.module.bias	                [64]	        64
0: module.model.graph_convs.9.norm3_dict.generator.module.running_mean	                [64]	        64
0: module.model.graph_convs.9.norm3_dict.generator.module.running_var	                [64]	        64
0: module.model.graph_convs.9.norm3_dict.generator.module.num_batches_tracked	                  []	         1
0: module.model.graph_convs.9.norm3_dict.load.module.weight	                [64]	        64
0: module.model.graph_convs.9.norm3_dict.load.module.bias	                [64]	        64
0: module.model.graph_convs.9.norm3_dict.load.module.running_mean	                [64]	        64
0: module.model.graph_convs.9.norm3_dict.load.module.running_var	                [64]	        64
0: module.model.graph_convs.9.norm3_dict.load.module.num_batches_tracked	                  []	         1
0: module.model.graph_convs.9.norm3_dict.shunt.module.weight	                [64]	        64
0: module.model.graph_convs.9.norm3_dict.shunt.module.bias	                [64]	        64
0: module.model.graph_convs.9.norm3_dict.shunt.module.running_mean	                [64]	        64
0: module.model.graph_convs.9.norm3_dict.shunt.module.running_var	                [64]	        64
0: module.model.graph_convs.9.norm3_dict.shunt.module.num_batches_tracked	                  []	         1
0:    module.model.graph_convs.10.attn.in_proj_weight	           [192, 64]	     12288
0:      module.model.graph_convs.10.attn.in_proj_bias	               [192]	       192
0:   module.model.graph_convs.10.attn.out_proj.weight	            [64, 64]	      4096
0:     module.model.graph_convs.10.attn.out_proj.bias	                [64]	        64
0:           module.model.graph_convs.10.mlp.0.weight	           [128, 64]	      8192
0:             module.model.graph_convs.10.mlp.0.bias	               [128]	       128
0:           module.model.graph_convs.10.mlp.3.weight	           [64, 128]	      8192
0:             module.model.graph_convs.10.mlp.3.bias	                [64]	        64
0: module.model.graph_convs.10.norm1_dict.bus.module.weight	                [64]	        64
0: module.model.graph_convs.10.norm1_dict.bus.module.bias	                [64]	        64
0: module.model.graph_convs.10.norm1_dict.bus.module.running_mean	                [64]	        64
0: module.model.graph_convs.10.norm1_dict.bus.module.running_var	                [64]	        64
0: module.model.graph_convs.10.norm1_dict.bus.module.num_batches_tracked	                  []	         1
0: module.model.graph_convs.10.norm1_dict.generator.module.weight	                [64]	        64
0: module.model.graph_convs.10.norm1_dict.generator.module.bias	                [64]	        64
0: module.model.graph_convs.10.norm1_dict.generator.module.running_mean	                [64]	        64
0: module.model.graph_convs.10.norm1_dict.generator.module.running_var	                [64]	        64
0: module.model.graph_convs.10.norm1_dict.generator.module.num_batches_tracked	                  []	         1
0: module.model.graph_convs.10.norm1_dict.load.module.weight	                [64]	        64
0: module.model.graph_convs.10.norm1_dict.load.module.bias	                [64]	        64
0: module.model.graph_convs.10.norm1_dict.load.module.running_mean	                [64]	        64
0: module.model.graph_convs.10.norm1_dict.load.module.running_var	                [64]	        64
0: module.model.graph_convs.10.norm1_dict.load.module.num_batches_tracked	                  []	         1
0: module.model.graph_convs.10.norm1_dict.shunt.module.weight	                [64]	        64
0: module.model.graph_convs.10.norm1_dict.shunt.module.bias	                [64]	        64
0: module.model.graph_convs.10.norm1_dict.shunt.module.running_mean	                [64]	        64
0: module.model.graph_convs.10.norm1_dict.shunt.module.running_var	                [64]	        64
0: module.model.graph_convs.10.norm1_dict.shunt.module.num_batches_tracked	                  []	         1
0: module.model.graph_convs.10.norm2_dict.bus.module.weight	                [64]	        64
0: module.model.graph_convs.10.norm2_dict.bus.module.bias	                [64]	        64
0: module.model.graph_convs.10.norm2_dict.bus.module.running_mean	                [64]	        64
0: module.model.graph_convs.10.norm2_dict.bus.module.running_var	                [64]	        64
0: module.model.graph_convs.10.norm2_dict.bus.module.num_batches_tracked	                  []	         1
0: module.model.graph_convs.10.norm2_dict.generator.module.weight	                [64]	        64
0: module.model.graph_convs.10.norm2_dict.generator.module.bias	                [64]	        64
0: module.model.graph_convs.10.norm2_dict.generator.module.running_mean	                [64]	        64
0: module.model.graph_convs.10.norm2_dict.generator.module.running_var	                [64]	        64
0: module.model.graph_convs.10.norm2_dict.generator.module.num_batches_tracked	                  []	         1
0: module.model.graph_convs.10.norm2_dict.load.module.weight	                [64]	        64
0: module.model.graph_convs.10.norm2_dict.load.module.bias	                [64]	        64
0: module.model.graph_convs.10.norm2_dict.load.module.running_mean	                [64]	        64
0: module.model.graph_convs.10.norm2_dict.load.module.running_var	                [64]	        64
0: module.model.graph_convs.10.norm2_dict.load.module.num_batches_tracked	                  []	         1
0: module.model.graph_convs.10.norm2_dict.shunt.module.weight	                [64]	        64
0: module.model.graph_convs.10.norm2_dict.shunt.module.bias	                [64]	        64
0: module.model.graph_convs.10.norm2_dict.shunt.module.running_mean	                [64]	        64
0: module.model.graph_convs.10.norm2_dict.shunt.module.running_var	                [64]	        64
0: module.model.graph_convs.10.norm2_dict.shunt.module.num_batches_tracked	                  []	         1
0: module.model.graph_convs.10.norm3_dict.bus.module.weight	                [64]	        64
0: module.model.graph_convs.10.norm3_dict.bus.module.bias	                [64]	        64
0: module.model.graph_convs.10.norm3_dict.bus.module.running_mean	                [64]	        64
0: module.model.graph_convs.10.norm3_dict.bus.module.running_var	                [64]	        64
0: module.model.graph_convs.10.norm3_dict.bus.module.num_batches_tracked	                  []	         1
0: module.model.graph_convs.10.norm3_dict.generator.module.weight	                [64]	        64
0: module.model.graph_convs.10.norm3_dict.generator.module.bias	                [64]	        64
0: module.model.graph_convs.10.norm3_dict.generator.module.running_mean	                [64]	        64
0: module.model.graph_convs.10.norm3_dict.generator.module.running_var	                [64]	        64
0: module.model.graph_convs.10.norm3_dict.generator.module.num_batches_tracked	                  []	         1
0: module.model.graph_convs.10.norm3_dict.load.module.weight	                [64]	        64
0: module.model.graph_convs.10.norm3_dict.load.module.bias	                [64]	        64
0: module.model.graph_convs.10.norm3_dict.load.module.running_mean	                [64]	        64
0: module.model.graph_convs.10.norm3_dict.load.module.running_var	                [64]	        64
0: module.model.graph_convs.10.norm3_dict.load.module.num_batches_tracked	                  []	         1
0: module.model.graph_convs.10.norm3_dict.shunt.module.weight	                [64]	        64
0: module.model.graph_convs.10.norm3_dict.shunt.module.bias	                [64]	        64
0: module.model.graph_convs.10.norm3_dict.shunt.module.running_mean	                [64]	        64
0: module.model.graph_convs.10.norm3_dict.shunt.module.running_var	                [64]	        64
0: module.model.graph_convs.10.norm3_dict.shunt.module.num_batches_tracked	                  []	         1
0:    module.model.graph_convs.11.attn.in_proj_weight	           [192, 64]	     12288
0:      module.model.graph_convs.11.attn.in_proj_bias	               [192]	       192
0:   module.model.graph_convs.11.attn.out_proj.weight	            [64, 64]	      4096
0:     module.model.graph_convs.11.attn.out_proj.bias	                [64]	        64
0:           module.model.graph_convs.11.mlp.0.weight	           [128, 64]	      8192
0:             module.model.graph_convs.11.mlp.0.bias	               [128]	       128
0:           module.model.graph_convs.11.mlp.3.weight	           [64, 128]	      8192
0:             module.model.graph_convs.11.mlp.3.bias	                [64]	        64
0: module.model.graph_convs.11.norm1_dict.bus.module.weight	                [64]	        64
0: module.model.graph_convs.11.norm1_dict.bus.module.bias	                [64]	        64
0: module.model.graph_convs.11.norm1_dict.bus.module.running_mean	                [64]	        64
0: module.model.graph_convs.11.norm1_dict.bus.module.running_var	                [64]	        64
0: module.model.graph_convs.11.norm1_dict.bus.module.num_batches_tracked	                  []	         1
0: module.model.graph_convs.11.norm1_dict.generator.module.weight	                [64]	        64
0: module.model.graph_convs.11.norm1_dict.generator.module.bias	                [64]	        64
0: module.model.graph_convs.11.norm1_dict.generator.module.running_mean	                [64]	        64
0: module.model.graph_convs.11.norm1_dict.generator.module.running_var	                [64]	        64
0: module.model.graph_convs.11.norm1_dict.generator.module.num_batches_tracked	                  []	         1
0: module.model.graph_convs.11.norm1_dict.load.module.weight	                [64]	        64
0: module.model.graph_convs.11.norm1_dict.load.module.bias	                [64]	        64
0: module.model.graph_convs.11.norm1_dict.load.module.running_mean	                [64]	        64
0: module.model.graph_convs.11.norm1_dict.load.module.running_var	                [64]	        64
0: module.model.graph_convs.11.norm1_dict.load.module.num_batches_tracked	                  []	         1
0: module.model.graph_convs.11.norm1_dict.shunt.module.weight	                [64]	        64
0: module.model.graph_convs.11.norm1_dict.shunt.module.bias	                [64]	        64
0: module.model.graph_convs.11.norm1_dict.shunt.module.running_mean	                [64]	        64
0: module.model.graph_convs.11.norm1_dict.shunt.module.running_var	                [64]	        64
0: module.model.graph_convs.11.norm1_dict.shunt.module.num_batches_tracked	                  []	         1
0: module.model.graph_convs.11.norm2_dict.bus.module.weight	                [64]	        64
0: module.model.graph_convs.11.norm2_dict.bus.module.bias	                [64]	        64
0: module.model.graph_convs.11.norm2_dict.bus.module.running_mean	                [64]	        64
0: module.model.graph_convs.11.norm2_dict.bus.module.running_var	                [64]	        64
0: module.model.graph_convs.11.norm2_dict.bus.module.num_batches_tracked	                  []	         1
0: module.model.graph_convs.11.norm2_dict.generator.module.weight	                [64]	        64
0: module.model.graph_convs.11.norm2_dict.generator.module.bias	                [64]	        64
0: module.model.graph_convs.11.norm2_dict.generator.module.running_mean	                [64]	        64
0: module.model.graph_convs.11.norm2_dict.generator.module.running_var	                [64]	        64
0: module.model.graph_convs.11.norm2_dict.generator.module.num_batches_tracked	                  []	         1
0: module.model.graph_convs.11.norm2_dict.load.module.weight	                [64]	        64
0: module.model.graph_convs.11.norm2_dict.load.module.bias	                [64]	        64
0: module.model.graph_convs.11.norm2_dict.load.module.running_mean	                [64]	        64
0: module.model.graph_convs.11.norm2_dict.load.module.running_var	                [64]	        64
0: module.model.graph_convs.11.norm2_dict.load.module.num_batches_tracked	                  []	         1
0: module.model.graph_convs.11.norm2_dict.shunt.module.weight	                [64]	        64
0: module.model.graph_convs.11.norm2_dict.shunt.module.bias	                [64]	        64
0: module.model.graph_convs.11.norm2_dict.shunt.module.running_mean	                [64]	        64
0: module.model.graph_convs.11.norm2_dict.shunt.module.running_var	                [64]	        64
0: module.model.graph_convs.11.norm2_dict.shunt.module.num_batches_tracked	                  []	         1
0: module.model.graph_convs.11.norm3_dict.bus.module.weight	                [64]	        64
0: module.model.graph_convs.11.norm3_dict.bus.module.bias	                [64]	        64
0: module.model.graph_convs.11.norm3_dict.bus.module.running_mean	                [64]	        64
0: module.model.graph_convs.11.norm3_dict.bus.module.running_var	                [64]	        64
0: module.model.graph_convs.11.norm3_dict.bus.module.num_batches_tracked	                  []	         1
0: module.model.graph_convs.11.norm3_dict.generator.module.weight	                [64]	        64
0: module.model.graph_convs.11.norm3_dict.generator.module.bias	                [64]	        64
0: module.model.graph_convs.11.norm3_dict.generator.module.running_mean	                [64]	        64
0: module.model.graph_convs.11.norm3_dict.generator.module.running_var	                [64]	        64
0: module.model.graph_convs.11.norm3_dict.generator.module.num_batches_tracked	                  []	         1
0: module.model.graph_convs.11.norm3_dict.load.module.weight	                [64]	        64
0: module.model.graph_convs.11.norm3_dict.load.module.bias	                [64]	        64
0: module.model.graph_convs.11.norm3_dict.load.module.running_mean	                [64]	        64
0: module.model.graph_convs.11.norm3_dict.load.module.running_var	                [64]	        64
0: module.model.graph_convs.11.norm3_dict.load.module.num_batches_tracked	                  []	         1
0: module.model.graph_convs.11.norm3_dict.shunt.module.weight	                [64]	        64
0: module.model.graph_convs.11.norm3_dict.shunt.module.bias	                [64]	        64
0: module.model.graph_convs.11.norm3_dict.shunt.module.running_mean	                [64]	        64
0: module.model.graph_convs.11.norm3_dict.shunt.module.running_var	                [64]	        64
0: module.model.graph_convs.11.norm3_dict.shunt.module.num_batches_tracked	                  []	         1
0:    module.model.graph_convs.12.attn.in_proj_weight	           [192, 64]	     12288
0:      module.model.graph_convs.12.attn.in_proj_bias	               [192]	       192
0:   module.model.graph_convs.12.attn.out_proj.weight	            [64, 64]	      4096
0:     module.model.graph_convs.12.attn.out_proj.bias	                [64]	        64
0:           module.model.graph_convs.12.mlp.0.weight	           [128, 64]	      8192
0:             module.model.graph_convs.12.mlp.0.bias	               [128]	       128
0:           module.model.graph_convs.12.mlp.3.weight	           [64, 128]	      8192
0:             module.model.graph_convs.12.mlp.3.bias	                [64]	        64
0: module.model.graph_convs.12.norm1_dict.bus.module.weight	                [64]	        64
0: module.model.graph_convs.12.norm1_dict.bus.module.bias	                [64]	        64
0: module.model.graph_convs.12.norm1_dict.bus.module.running_mean	                [64]	        64
0: module.model.graph_convs.12.norm1_dict.bus.module.running_var	                [64]	        64
0: module.model.graph_convs.12.norm1_dict.bus.module.num_batches_tracked	                  []	         1
0: module.model.graph_convs.12.norm1_dict.generator.module.weight	                [64]	        64
0: module.model.graph_convs.12.norm1_dict.generator.module.bias	                [64]	        64
0: module.model.graph_convs.12.norm1_dict.generator.module.running_mean	                [64]	        64
0: module.model.graph_convs.12.norm1_dict.generator.module.running_var	                [64]	        64
0: module.model.graph_convs.12.norm1_dict.generator.module.num_batches_tracked	                  []	         1
0: module.model.graph_convs.12.norm1_dict.load.module.weight	                [64]	        64
0: module.model.graph_convs.12.norm1_dict.load.module.bias	                [64]	        64
0: module.model.graph_convs.12.norm1_dict.load.module.running_mean	                [64]	        64
0: module.model.graph_convs.12.norm1_dict.load.module.running_var	                [64]	        64
0: module.model.graph_convs.12.norm1_dict.load.module.num_batches_tracked	                  []	         1
0: module.model.graph_convs.12.norm1_dict.shunt.module.weight	                [64]	        64
0: module.model.graph_convs.12.norm1_dict.shunt.module.bias	                [64]	        64
0: module.model.graph_convs.12.norm1_dict.shunt.module.running_mean	                [64]	        64
0: module.model.graph_convs.12.norm1_dict.shunt.module.running_var	                [64]	        64
0: module.model.graph_convs.12.norm1_dict.shunt.module.num_batches_tracked	                  []	         1
0: module.model.graph_convs.12.norm2_dict.bus.module.weight	                [64]	        64
0: module.model.graph_convs.12.norm2_dict.bus.module.bias	                [64]	        64
0: module.model.graph_convs.12.norm2_dict.bus.module.running_mean	                [64]	        64
0: module.model.graph_convs.12.norm2_dict.bus.module.running_var	                [64]	        64
0: module.model.graph_convs.12.norm2_dict.bus.module.num_batches_tracked	                  []	         1
0: module.model.graph_convs.12.norm2_dict.generator.module.weight	                [64]	        64
0: module.model.graph_convs.12.norm2_dict.generator.module.bias	                [64]	        64
0: module.model.graph_convs.12.norm2_dict.generator.module.running_mean	                [64]	        64
0: module.model.graph_convs.12.norm2_dict.generator.module.running_var	                [64]	        64
0: module.model.graph_convs.12.norm2_dict.generator.module.num_batches_tracked	                  []	         1
0: module.model.graph_convs.12.norm2_dict.load.module.weight	                [64]	        64
0: module.model.graph_convs.12.norm2_dict.load.module.bias	                [64]	        64
0: module.model.graph_convs.12.norm2_dict.load.module.running_mean	                [64]	        64
0: module.model.graph_convs.12.norm2_dict.load.module.running_var	                [64]	        64
0: module.model.graph_convs.12.norm2_dict.load.module.num_batches_tracked	                  []	         1
0: module.model.graph_convs.12.norm2_dict.shunt.module.weight	                [64]	        64
0: module.model.graph_convs.12.norm2_dict.shunt.module.bias	                [64]	        64
0: module.model.graph_convs.12.norm2_dict.shunt.module.running_mean	                [64]	        64
0: module.model.graph_convs.12.norm2_dict.shunt.module.running_var	                [64]	        64
0: module.model.graph_convs.12.norm2_dict.shunt.module.num_batches_tracked	                  []	         1
0: module.model.graph_convs.12.norm3_dict.bus.module.weight	                [64]	        64
0: module.model.graph_convs.12.norm3_dict.bus.module.bias	                [64]	        64
0: module.model.graph_convs.12.norm3_dict.bus.module.running_mean	                [64]	        64
0: module.model.graph_convs.12.norm3_dict.bus.module.running_var	                [64]	        64
0: module.model.graph_convs.12.norm3_dict.bus.module.num_batches_tracked	                  []	         1
0: module.model.graph_convs.12.norm3_dict.generator.module.weight	                [64]	        64
0: module.model.graph_convs.12.norm3_dict.generator.module.bias	                [64]	        64
0: module.model.graph_convs.12.norm3_dict.generator.module.running_mean	                [64]	        64
0: module.model.graph_convs.12.norm3_dict.generator.module.running_var	                [64]	        64
0: module.model.graph_convs.12.norm3_dict.generator.module.num_batches_tracked	                  []	         1
0: module.model.graph_convs.12.norm3_dict.load.module.weight	                [64]	        64
0: module.model.graph_convs.12.norm3_dict.load.module.bias	                [64]	        64
0: module.model.graph_convs.12.norm3_dict.load.module.running_mean	                [64]	        64
0: module.model.graph_convs.12.norm3_dict.load.module.running_var	                [64]	        64
0: module.model.graph_convs.12.norm3_dict.load.module.num_batches_tracked	                  []	         1
0: module.model.graph_convs.12.norm3_dict.shunt.module.weight	                [64]	        64
0: module.model.graph_convs.12.norm3_dict.shunt.module.bias	                [64]	        64
0: module.model.graph_convs.12.norm3_dict.shunt.module.running_mean	                [64]	        64
0: module.model.graph_convs.12.norm3_dict.shunt.module.running_var	                [64]	        64
0: module.model.graph_convs.12.norm3_dict.shunt.module.num_batches_tracked	                  []	         1
0:    module.model.graph_convs.13.attn.in_proj_weight	           [192, 64]	     12288
0:      module.model.graph_convs.13.attn.in_proj_bias	               [192]	       192
0:   module.model.graph_convs.13.attn.out_proj.weight	            [64, 64]	      4096
0:     module.model.graph_convs.13.attn.out_proj.bias	                [64]	        64
0:           module.model.graph_convs.13.mlp.0.weight	           [128, 64]	      8192
0:             module.model.graph_convs.13.mlp.0.bias	               [128]	       128
0:           module.model.graph_convs.13.mlp.3.weight	           [64, 128]	      8192
0:             module.model.graph_convs.13.mlp.3.bias	                [64]	        64
0: module.model.graph_convs.13.norm1_dict.bus.module.weight	                [64]	        64
0: module.model.graph_convs.13.norm1_dict.bus.module.bias	                [64]	        64
0: module.model.graph_convs.13.norm1_dict.bus.module.running_mean	                [64]	        64
0: module.model.graph_convs.13.norm1_dict.bus.module.running_var	                [64]	        64
0: module.model.graph_convs.13.norm1_dict.bus.module.num_batches_tracked	                  []	         1
0: module.model.graph_convs.13.norm1_dict.generator.module.weight	                [64]	        64
0: module.model.graph_convs.13.norm1_dict.generator.module.bias	                [64]	        64
0: module.model.graph_convs.13.norm1_dict.generator.module.running_mean	                [64]	        64
0: module.model.graph_convs.13.norm1_dict.generator.module.running_var	                [64]	        64
0: module.model.graph_convs.13.norm1_dict.generator.module.num_batches_tracked	                  []	         1
0: module.model.graph_convs.13.norm1_dict.load.module.weight	                [64]	        64
0: module.model.graph_convs.13.norm1_dict.load.module.bias	                [64]	        64
0: module.model.graph_convs.13.norm1_dict.load.module.running_mean	                [64]	        64
0: module.model.graph_convs.13.norm1_dict.load.module.running_var	                [64]	        64
0: module.model.graph_convs.13.norm1_dict.load.module.num_batches_tracked	                  []	         1
0: module.model.graph_convs.13.norm1_dict.shunt.module.weight	                [64]	        64
0: module.model.graph_convs.13.norm1_dict.shunt.module.bias	                [64]	        64
0: module.model.graph_convs.13.norm1_dict.shunt.module.running_mean	                [64]	        64
0: module.model.graph_convs.13.norm1_dict.shunt.module.running_var	                [64]	        64
0: module.model.graph_convs.13.norm1_dict.shunt.module.num_batches_tracked	                  []	         1
0: module.model.graph_convs.13.norm2_dict.bus.module.weight	                [64]	        64
0: module.model.graph_convs.13.norm2_dict.bus.module.bias	                [64]	        64
0: module.model.graph_convs.13.norm2_dict.bus.module.running_mean	                [64]	        64
0: module.model.graph_convs.13.norm2_dict.bus.module.running_var	                [64]	        64
0: module.model.graph_convs.13.norm2_dict.bus.module.num_batches_tracked	                  []	         1
0: module.model.graph_convs.13.norm2_dict.generator.module.weight	                [64]	        64
0: module.model.graph_convs.13.norm2_dict.generator.module.bias	                [64]	        64
0: module.model.graph_convs.13.norm2_dict.generator.module.running_mean	                [64]	        64
0: module.model.graph_convs.13.norm2_dict.generator.module.running_var	                [64]	        64
0: module.model.graph_convs.13.norm2_dict.generator.module.num_batches_tracked	                  []	         1
0: module.model.graph_convs.13.norm2_dict.load.module.weight	                [64]	        64
0: module.model.graph_convs.13.norm2_dict.load.module.bias	                [64]	        64
0: module.model.graph_convs.13.norm2_dict.load.module.running_mean	                [64]	        64
0: module.model.graph_convs.13.norm2_dict.load.module.running_var	                [64]	        64
0: module.model.graph_convs.13.norm2_dict.load.module.num_batches_tracked	                  []	         1
0: module.model.graph_convs.13.norm2_dict.shunt.module.weight	                [64]	        64
0: module.model.graph_convs.13.norm2_dict.shunt.module.bias	                [64]	        64
0: module.model.graph_convs.13.norm2_dict.shunt.module.running_mean	                [64]	        64
0: module.model.graph_convs.13.norm2_dict.shunt.module.running_var	                [64]	        64
0: module.model.graph_convs.13.norm2_dict.shunt.module.num_batches_tracked	                  []	         1
0: module.model.graph_convs.13.norm3_dict.bus.module.weight	                [64]	        64
0: module.model.graph_convs.13.norm3_dict.bus.module.bias	                [64]	        64
0: module.model.graph_convs.13.norm3_dict.bus.module.running_mean	                [64]	        64
0: module.model.graph_convs.13.norm3_dict.bus.module.running_var	                [64]	        64
0: module.model.graph_convs.13.norm3_dict.bus.module.num_batches_tracked	                  []	         1
0: module.model.graph_convs.13.norm3_dict.generator.module.weight	                [64]	        64
0: module.model.graph_convs.13.norm3_dict.generator.module.bias	                [64]	        64
0: module.model.graph_convs.13.norm3_dict.generator.module.running_mean	                [64]	        64
0: module.model.graph_convs.13.norm3_dict.generator.module.running_var	                [64]	        64
0: module.model.graph_convs.13.norm3_dict.generator.module.num_batches_tracked	                  []	         1
0: module.model.graph_convs.13.norm3_dict.load.module.weight	                [64]	        64
0: module.model.graph_convs.13.norm3_dict.load.module.bias	                [64]	        64
0: module.model.graph_convs.13.norm3_dict.load.module.running_mean	                [64]	        64
0: module.model.graph_convs.13.norm3_dict.load.module.running_var	                [64]	        64
0: module.model.graph_convs.13.norm3_dict.load.module.num_batches_tracked	                  []	         1
0: module.model.graph_convs.13.norm3_dict.shunt.module.weight	                [64]	        64
0: module.model.graph_convs.13.norm3_dict.shunt.module.bias	                [64]	        64
0: module.model.graph_convs.13.norm3_dict.shunt.module.running_mean	                [64]	        64
0: module.model.graph_convs.13.norm3_dict.shunt.module.running_var	                [64]	        64
0: module.model.graph_convs.13.norm3_dict.shunt.module.num_batches_tracked	                  []	         1
0:    module.model.graph_convs.14.attn.in_proj_weight	           [192, 64]	     12288
0:      module.model.graph_convs.14.attn.in_proj_bias	               [192]	       192
0:   module.model.graph_convs.14.attn.out_proj.weight	            [64, 64]	      4096
0:     module.model.graph_convs.14.attn.out_proj.bias	                [64]	        64
0:           module.model.graph_convs.14.mlp.0.weight	           [128, 64]	      8192
0:             module.model.graph_convs.14.mlp.0.bias	               [128]	       128
0:           module.model.graph_convs.14.mlp.3.weight	           [64, 128]	      8192
0:             module.model.graph_convs.14.mlp.3.bias	                [64]	        64
0: module.model.graph_convs.14.norm1_dict.bus.module.weight	                [64]	        64
0: module.model.graph_convs.14.norm1_dict.bus.module.bias	                [64]	        64
0: module.model.graph_convs.14.norm1_dict.bus.module.running_mean	                [64]	        64
0: module.model.graph_convs.14.norm1_dict.bus.module.running_var	                [64]	        64
0: module.model.graph_convs.14.norm1_dict.bus.module.num_batches_tracked	                  []	         1
0: module.model.graph_convs.14.norm1_dict.generator.module.weight	                [64]	        64
0: module.model.graph_convs.14.norm1_dict.generator.module.bias	                [64]	        64
0: module.model.graph_convs.14.norm1_dict.generator.module.running_mean	                [64]	        64
0: module.model.graph_convs.14.norm1_dict.generator.module.running_var	                [64]	        64
0: module.model.graph_convs.14.norm1_dict.generator.module.num_batches_tracked	                  []	         1
0: module.model.graph_convs.14.norm1_dict.load.module.weight	                [64]	        64
0: module.model.graph_convs.14.norm1_dict.load.module.bias	                [64]	        64
0: module.model.graph_convs.14.norm1_dict.load.module.running_mean	                [64]	        64
0: module.model.graph_convs.14.norm1_dict.load.module.running_var	                [64]	        64
0: module.model.graph_convs.14.norm1_dict.load.module.num_batches_tracked	                  []	         1
0: module.model.graph_convs.14.norm1_dict.shunt.module.weight	                [64]	        64
0: module.model.graph_convs.14.norm1_dict.shunt.module.bias	                [64]	        64
0: module.model.graph_convs.14.norm1_dict.shunt.module.running_mean	                [64]	        64
0: module.model.graph_convs.14.norm1_dict.shunt.module.running_var	                [64]	        64
0: module.model.graph_convs.14.norm1_dict.shunt.module.num_batches_tracked	                  []	         1
0: module.model.graph_convs.14.norm2_dict.bus.module.weight	                [64]	        64
0: module.model.graph_convs.14.norm2_dict.bus.module.bias	                [64]	        64
0: module.model.graph_convs.14.norm2_dict.bus.module.running_mean	                [64]	        64
0: module.model.graph_convs.14.norm2_dict.bus.module.running_var	                [64]	        64
0: module.model.graph_convs.14.norm2_dict.bus.module.num_batches_tracked	                  []	         1
0: module.model.graph_convs.14.norm2_dict.generator.module.weight	                [64]	        64
0: module.model.graph_convs.14.norm2_dict.generator.module.bias	                [64]	        64
0: module.model.graph_convs.14.norm2_dict.generator.module.running_mean	                [64]	        64
0: module.model.graph_convs.14.norm2_dict.generator.module.running_var	                [64]	        64
0: module.model.graph_convs.14.norm2_dict.generator.module.num_batches_tracked	                  []	         1
0: module.model.graph_convs.14.norm2_dict.load.module.weight	                [64]	        64
0: module.model.graph_convs.14.norm2_dict.load.module.bias	                [64]	        64
0: module.model.graph_convs.14.norm2_dict.load.module.running_mean	                [64]	        64
0: module.model.graph_convs.14.norm2_dict.load.module.running_var	                [64]	        64
0: module.model.graph_convs.14.norm2_dict.load.module.num_batches_tracked	                  []	         1
0: module.model.graph_convs.14.norm2_dict.shunt.module.weight	                [64]	        64
0: module.model.graph_convs.14.norm2_dict.shunt.module.bias	                [64]	        64
0: module.model.graph_convs.14.norm2_dict.shunt.module.running_mean	                [64]	        64
0: module.model.graph_convs.14.norm2_dict.shunt.module.running_var	                [64]	        64
0: module.model.graph_convs.14.norm2_dict.shunt.module.num_batches_tracked	                  []	         1
0: module.model.graph_convs.14.norm3_dict.bus.module.weight	                [64]	        64
0: module.model.graph_convs.14.norm3_dict.bus.module.bias	                [64]	        64
0: module.model.graph_convs.14.norm3_dict.bus.module.running_mean	                [64]	        64
0: module.model.graph_convs.14.norm3_dict.bus.module.running_var	                [64]	        64
0: module.model.graph_convs.14.norm3_dict.bus.module.num_batches_tracked	                  []	         1
0: module.model.graph_convs.14.norm3_dict.generator.module.weight	                [64]	        64
0: module.model.graph_convs.14.norm3_dict.generator.module.bias	                [64]	        64
0: module.model.graph_convs.14.norm3_dict.generator.module.running_mean	                [64]	        64
0: module.model.graph_convs.14.norm3_dict.generator.module.running_var	                [64]	        64
0: module.model.graph_convs.14.norm3_dict.generator.module.num_batches_tracked	                  []	         1
0: module.model.graph_convs.14.norm3_dict.load.module.weight	                [64]	        64
0: module.model.graph_convs.14.norm3_dict.load.module.bias	                [64]	        64
0: module.model.graph_convs.14.norm3_dict.load.module.running_mean	                [64]	        64
0: module.model.graph_convs.14.norm3_dict.load.module.running_var	                [64]	        64
0: module.model.graph_convs.14.norm3_dict.load.module.num_batches_tracked	                  []	         1
0: module.model.graph_convs.14.norm3_dict.shunt.module.weight	                [64]	        64
0: module.model.graph_convs.14.norm3_dict.shunt.module.bias	                [64]	        64
0: module.model.graph_convs.14.norm3_dict.shunt.module.running_mean	                [64]	        64
0: module.model.graph_convs.14.norm3_dict.shunt.module.running_var	                [64]	        64
0: module.model.graph_convs.14.norm3_dict.shunt.module.num_batches_tracked	                  []	         1
0:    module.model.graph_convs.15.attn.in_proj_weight	           [192, 64]	     12288
0:      module.model.graph_convs.15.attn.in_proj_bias	               [192]	       192
0:   module.model.graph_convs.15.attn.out_proj.weight	            [64, 64]	      4096
0:     module.model.graph_convs.15.attn.out_proj.bias	                [64]	        64
0:           module.model.graph_convs.15.mlp.0.weight	           [128, 64]	      8192
0:             module.model.graph_convs.15.mlp.0.bias	               [128]	       128
0:           module.model.graph_convs.15.mlp.3.weight	           [64, 128]	      8192
0:             module.model.graph_convs.15.mlp.3.bias	                [64]	        64
0: module.model.graph_convs.15.norm1_dict.bus.module.weight	                [64]	        64
0: module.model.graph_convs.15.norm1_dict.bus.module.bias	                [64]	        64
0: module.model.graph_convs.15.norm1_dict.bus.module.running_mean	                [64]	        64
0: module.model.graph_convs.15.norm1_dict.bus.module.running_var	                [64]	        64
0: module.model.graph_convs.15.norm1_dict.bus.module.num_batches_tracked	                  []	         1
0: module.model.graph_convs.15.norm1_dict.generator.module.weight	                [64]	        64
0: module.model.graph_convs.15.norm1_dict.generator.module.bias	                [64]	        64
0: module.model.graph_convs.15.norm1_dict.generator.module.running_mean	                [64]	        64
0: module.model.graph_convs.15.norm1_dict.generator.module.running_var	                [64]	        64
0: module.model.graph_convs.15.norm1_dict.generator.module.num_batches_tracked	                  []	         1
0: module.model.graph_convs.15.norm1_dict.load.module.weight	                [64]	        64
0: module.model.graph_convs.15.norm1_dict.load.module.bias	                [64]	        64
0: module.model.graph_convs.15.norm1_dict.load.module.running_mean	                [64]	        64
0: module.model.graph_convs.15.norm1_dict.load.module.running_var	                [64]	        64
0: module.model.graph_convs.15.norm1_dict.load.module.num_batches_tracked	                  []	         1
0: module.model.graph_convs.15.norm1_dict.shunt.module.weight	                [64]	        64
0: module.model.graph_convs.15.norm1_dict.shunt.module.bias	                [64]	        64
0: module.model.graph_convs.15.norm1_dict.shunt.module.running_mean	                [64]	        64
0: module.model.graph_convs.15.norm1_dict.shunt.module.running_var	                [64]	        64
0: module.model.graph_convs.15.norm1_dict.shunt.module.num_batches_tracked	                  []	         1
0: module.model.graph_convs.15.norm2_dict.bus.module.weight	                [64]	        64
0: module.model.graph_convs.15.norm2_dict.bus.module.bias	                [64]	        64
0: module.model.graph_convs.15.norm2_dict.bus.module.running_mean	                [64]	        64
0: module.model.graph_convs.15.norm2_dict.bus.module.running_var	                [64]	        64
0: module.model.graph_convs.15.norm2_dict.bus.module.num_batches_tracked	                  []	         1
0: module.model.graph_convs.15.norm2_dict.generator.module.weight	                [64]	        64
0: module.model.graph_convs.15.norm2_dict.generator.module.bias	                [64]	        64
0: module.model.graph_convs.15.norm2_dict.generator.module.running_mean	                [64]	        64
0: module.model.graph_convs.15.norm2_dict.generator.module.running_var	                [64]	        64
0: module.model.graph_convs.15.norm2_dict.generator.module.num_batches_tracked	                  []	         1
0: module.model.graph_convs.15.norm2_dict.load.module.weight	                [64]	        64
0: module.model.graph_convs.15.norm2_dict.load.module.bias	                [64]	        64
0: module.model.graph_convs.15.norm2_dict.load.module.running_mean	                [64]	        64
0: module.model.graph_convs.15.norm2_dict.load.module.running_var	                [64]	        64
0: module.model.graph_convs.15.norm2_dict.load.module.num_batches_tracked	                  []	         1
0: module.model.graph_convs.15.norm2_dict.shunt.module.weight	                [64]	        64
0: module.model.graph_convs.15.norm2_dict.shunt.module.bias	                [64]	        64
0: module.model.graph_convs.15.norm2_dict.shunt.module.running_mean	                [64]	        64
0: module.model.graph_convs.15.norm2_dict.shunt.module.running_var	                [64]	        64
0: module.model.graph_convs.15.norm2_dict.shunt.module.num_batches_tracked	                  []	         1
0: module.model.graph_convs.15.norm3_dict.bus.module.weight	                [64]	        64
0: module.model.graph_convs.15.norm3_dict.bus.module.bias	                [64]	        64
0: module.model.graph_convs.15.norm3_dict.bus.module.running_mean	                [64]	        64
0: module.model.graph_convs.15.norm3_dict.bus.module.running_var	                [64]	        64
0: module.model.graph_convs.15.norm3_dict.bus.module.num_batches_tracked	                  []	         1
0: module.model.graph_convs.15.norm3_dict.generator.module.weight	                [64]	        64
0: module.model.graph_convs.15.norm3_dict.generator.module.bias	                [64]	        64
0: module.model.graph_convs.15.norm3_dict.generator.module.running_mean	                [64]	        64
0: module.model.graph_convs.15.norm3_dict.generator.module.running_var	                [64]	        64
0: module.model.graph_convs.15.norm3_dict.generator.module.num_batches_tracked	                  []	         1
0: module.model.graph_convs.15.norm3_dict.load.module.weight	                [64]	        64
0: module.model.graph_convs.15.norm3_dict.load.module.bias	                [64]	        64
0: module.model.graph_convs.15.norm3_dict.load.module.running_mean	                [64]	        64
0: module.model.graph_convs.15.norm3_dict.load.module.running_var	                [64]	        64
0: module.model.graph_convs.15.norm3_dict.load.module.num_batches_tracked	                  []	         1
0: module.model.graph_convs.15.norm3_dict.shunt.module.weight	                [64]	        64
0: module.model.graph_convs.15.norm3_dict.shunt.module.bias	                [64]	        64
0: module.model.graph_convs.15.norm3_dict.shunt.module.running_mean	                [64]	        64
0: module.model.graph_convs.15.norm3_dict.shunt.module.running_var	                [64]	        64
0: module.model.graph_convs.15.norm3_dict.shunt.module.num_batches_tracked	                  []	         1
0:    module.model.feature_layers.0.bus.module.weight	                [64]	        64
0:      module.model.feature_layers.0.bus.module.bias	                [64]	        64
0: module.model.feature_layers.0.bus.module.running_mean	                [64]	        64
0: module.model.feature_layers.0.bus.module.running_var	                [64]	        64
0: module.model.feature_layers.0.bus.module.num_batches_tracked	                  []	         1
0: module.model.feature_layers.0.generator.module.weight	                [64]	        64
0: module.model.feature_layers.0.generator.module.bias	                [64]	        64
0: module.model.feature_layers.0.generator.module.running_mean	                [64]	        64
0: module.model.feature_layers.0.generator.module.running_var	                [64]	        64
0: module.model.feature_layers.0.generator.module.num_batches_tracked	                  []	         1
0:   module.model.feature_layers.0.load.module.weight	                [64]	        64
0:     module.model.feature_layers.0.load.module.bias	                [64]	        64
0: module.model.feature_layers.0.load.module.running_mean	                [64]	        64
0: module.model.feature_layers.0.load.module.running_var	                [64]	        64
0: module.model.feature_layers.0.load.module.num_batches_tracked	                  []	         1
0:  module.model.feature_layers.0.shunt.module.weight	                [64]	        64
0:    module.model.feature_layers.0.shunt.module.bias	                [64]	        64
0: module.model.feature_layers.0.shunt.module.running_mean	                [64]	        64
0: module.model.feature_layers.0.shunt.module.running_var	                [64]	        64
0: module.model.feature_layers.0.shunt.module.num_batches_tracked	                  []	         1
0:    module.model.feature_layers.1.bus.module.weight	                [64]	        64
0:      module.model.feature_layers.1.bus.module.bias	                [64]	        64
0: module.model.feature_layers.1.bus.module.running_mean	                [64]	        64
0: module.model.feature_layers.1.bus.module.running_var	                [64]	        64
0: module.model.feature_layers.1.bus.module.num_batches_tracked	                  []	         1
0: module.model.feature_layers.1.generator.module.weight	                [64]	        64
0: module.model.feature_layers.1.generator.module.bias	                [64]	        64
0: module.model.feature_layers.1.generator.module.running_mean	                [64]	        64
0: module.model.feature_layers.1.generator.module.running_var	                [64]	        64
0: module.model.feature_layers.1.generator.module.num_batches_tracked	                  []	         1
0:   module.model.feature_layers.1.load.module.weight	                [64]	        64
0:     module.model.feature_layers.1.load.module.bias	                [64]	        64
0: module.model.feature_layers.1.load.module.running_mean	                [64]	        64
0: module.model.feature_layers.1.load.module.running_var	                [64]	        64
0: module.model.feature_layers.1.load.module.num_batches_tracked	                  []	         1
0:  module.model.feature_layers.1.shunt.module.weight	                [64]	        64
0:    module.model.feature_layers.1.shunt.module.bias	                [64]	        64
0: module.model.feature_layers.1.shunt.module.running_mean	                [64]	        64
0: module.model.feature_layers.1.shunt.module.running_var	                [64]	        64
0: module.model.feature_layers.1.shunt.module.num_batches_tracked	                  []	         1
0:    module.model.feature_layers.2.bus.module.weight	                [64]	        64
0:      module.model.feature_layers.2.bus.module.bias	                [64]	        64
0: module.model.feature_layers.2.bus.module.running_mean	                [64]	        64
0: module.model.feature_layers.2.bus.module.running_var	                [64]	        64
0: module.model.feature_layers.2.bus.module.num_batches_tracked	                  []	         1
0: module.model.feature_layers.2.generator.module.weight	                [64]	        64
0: module.model.feature_layers.2.generator.module.bias	                [64]	        64
0: module.model.feature_layers.2.generator.module.running_mean	                [64]	        64
0: module.model.feature_layers.2.generator.module.running_var	                [64]	        64
0: module.model.feature_layers.2.generator.module.num_batches_tracked	                  []	         1
0:   module.model.feature_layers.2.load.module.weight	                [64]	        64
0:     module.model.feature_layers.2.load.module.bias	                [64]	        64
0: module.model.feature_layers.2.load.module.running_mean	                [64]	        64
0: module.model.feature_layers.2.load.module.running_var	                [64]	        64
0: module.model.feature_layers.2.load.module.num_batches_tracked	                  []	         1
0:  module.model.feature_layers.2.shunt.module.weight	                [64]	        64
0:    module.model.feature_layers.2.shunt.module.bias	                [64]	        64
0: module.model.feature_layers.2.shunt.module.running_mean	                [64]	        64
0: module.model.feature_layers.2.shunt.module.running_var	                [64]	        64
0: module.model.feature_layers.2.shunt.module.num_batches_tracked	                  []	         1
0:    module.model.feature_layers.3.bus.module.weight	                [64]	        64
0:      module.model.feature_layers.3.bus.module.bias	                [64]	        64
0: module.model.feature_layers.3.bus.module.running_mean	                [64]	        64
0: module.model.feature_layers.3.bus.module.running_var	                [64]	        64
0: module.model.feature_layers.3.bus.module.num_batches_tracked	                  []	         1
0: module.model.feature_layers.3.generator.module.weight	                [64]	        64
0: module.model.feature_layers.3.generator.module.bias	                [64]	        64
0: module.model.feature_layers.3.generator.module.running_mean	                [64]	        64
0: module.model.feature_layers.3.generator.module.running_var	                [64]	        64
0: module.model.feature_layers.3.generator.module.num_batches_tracked	                  []	         1
0:   module.model.feature_layers.3.load.module.weight	                [64]	        64
0:     module.model.feature_layers.3.load.module.bias	                [64]	        64
0: module.model.feature_layers.3.load.module.running_mean	                [64]	        64
0: module.model.feature_layers.3.load.module.running_var	                [64]	        64
0: module.model.feature_layers.3.load.module.num_batches_tracked	                  []	         1
0:  module.model.feature_layers.3.shunt.module.weight	                [64]	        64
0:    module.model.feature_layers.3.shunt.module.bias	                [64]	        64
0: module.model.feature_layers.3.shunt.module.running_mean	                [64]	        64
0: module.model.feature_layers.3.shunt.module.running_var	                [64]	        64
0: module.model.feature_layers.3.shunt.module.num_batches_tracked	                  []	         1
0:    module.model.feature_layers.4.bus.module.weight	                [64]	        64
0:      module.model.feature_layers.4.bus.module.bias	                [64]	        64
0: module.model.feature_layers.4.bus.module.running_mean	                [64]	        64
0: module.model.feature_layers.4.bus.module.running_var	                [64]	        64
0: module.model.feature_layers.4.bus.module.num_batches_tracked	                  []	         1
0: module.model.feature_layers.4.generator.module.weight	                [64]	        64
0: module.model.feature_layers.4.generator.module.bias	                [64]	        64
0: module.model.feature_layers.4.generator.module.running_mean	                [64]	        64
0: module.model.feature_layers.4.generator.module.running_var	                [64]	        64
0: module.model.feature_layers.4.generator.module.num_batches_tracked	                  []	         1
0:   module.model.feature_layers.4.load.module.weight	                [64]	        64
0:     module.model.feature_layers.4.load.module.bias	                [64]	        64
0: module.model.feature_layers.4.load.module.running_mean	                [64]	        64
0: module.model.feature_layers.4.load.module.running_var	                [64]	        64
0: module.model.feature_layers.4.load.module.num_batches_tracked	                  []	         1
0:  module.model.feature_layers.4.shunt.module.weight	                [64]	        64
0:    module.model.feature_layers.4.shunt.module.bias	                [64]	        64
0: module.model.feature_layers.4.shunt.module.running_mean	                [64]	        64
0: module.model.feature_layers.4.shunt.module.running_var	                [64]	        64
0: module.model.feature_layers.4.shunt.module.num_batches_tracked	                  []	         1
0:    module.model.feature_layers.5.bus.module.weight	                [64]	        64
0:      module.model.feature_layers.5.bus.module.bias	                [64]	        64
0: module.model.feature_layers.5.bus.module.running_mean	                [64]	        64
0: module.model.feature_layers.5.bus.module.running_var	                [64]	        64
0: module.model.feature_layers.5.bus.module.num_batches_tracked	                  []	         1
0: module.model.feature_layers.5.generator.module.weight	                [64]	        64
0: module.model.feature_layers.5.generator.module.bias	                [64]	        64
0: module.model.feature_layers.5.generator.module.running_mean	                [64]	        64
0: module.model.feature_layers.5.generator.module.running_var	                [64]	        64
0: module.model.feature_layers.5.generator.module.num_batches_tracked	                  []	         1
0:   module.model.feature_layers.5.load.module.weight	                [64]	        64
0:     module.model.feature_layers.5.load.module.bias	                [64]	        64
0: module.model.feature_layers.5.load.module.running_mean	                [64]	        64
0: module.model.feature_layers.5.load.module.running_var	                [64]	        64
0: module.model.feature_layers.5.load.module.num_batches_tracked	                  []	         1
0:  module.model.feature_layers.5.shunt.module.weight	                [64]	        64
0:    module.model.feature_layers.5.shunt.module.bias	                [64]	        64
0: module.model.feature_layers.5.shunt.module.running_mean	                [64]	        64
0: module.model.feature_layers.5.shunt.module.running_var	                [64]	        64
0: module.model.feature_layers.5.shunt.module.num_batches_tracked	                  []	         1
0:    module.model.feature_layers.6.bus.module.weight	                [64]	        64
0:      module.model.feature_layers.6.bus.module.bias	                [64]	        64
0: module.model.feature_layers.6.bus.module.running_mean	                [64]	        64
0: module.model.feature_layers.6.bus.module.running_var	                [64]	        64
0: module.model.feature_layers.6.bus.module.num_batches_tracked	                  []	         1
0: module.model.feature_layers.6.generator.module.weight	                [64]	        64
0: module.model.feature_layers.6.generator.module.bias	                [64]	        64
0: module.model.feature_layers.6.generator.module.running_mean	                [64]	        64
0: module.model.feature_layers.6.generator.module.running_var	                [64]	        64
0: module.model.feature_layers.6.generator.module.num_batches_tracked	                  []	         1
0:   module.model.feature_layers.6.load.module.weight	                [64]	        64
0:     module.model.feature_layers.6.load.module.bias	                [64]	        64
0: module.model.feature_layers.6.load.module.running_mean	                [64]	        64
0: module.model.feature_layers.6.load.module.running_var	                [64]	        64
0: module.model.feature_layers.6.load.module.num_batches_tracked	                  []	         1
0:  module.model.feature_layers.6.shunt.module.weight	                [64]	        64
0:    module.model.feature_layers.6.shunt.module.bias	                [64]	        64
0: module.model.feature_layers.6.shunt.module.running_mean	                [64]	        64
0: module.model.feature_layers.6.shunt.module.running_var	                [64]	        64
0: module.model.feature_layers.6.shunt.module.num_batches_tracked	                  []	         1
0:    module.model.feature_layers.7.bus.module.weight	                [64]	        64
0:      module.model.feature_layers.7.bus.module.bias	                [64]	        64
0: module.model.feature_layers.7.bus.module.running_mean	                [64]	        64
0: module.model.feature_layers.7.bus.module.running_var	                [64]	        64
0: module.model.feature_layers.7.bus.module.num_batches_tracked	                  []	         1
0: module.model.feature_layers.7.generator.module.weight	                [64]	        64
0: module.model.feature_layers.7.generator.module.bias	                [64]	        64
0: module.model.feature_layers.7.generator.module.running_mean	                [64]	        64
0: module.model.feature_layers.7.generator.module.running_var	                [64]	        64
0: module.model.feature_layers.7.generator.module.num_batches_tracked	                  []	         1
0:   module.model.feature_layers.7.load.module.weight	                [64]	        64
0:     module.model.feature_layers.7.load.module.bias	                [64]	        64
0: module.model.feature_layers.7.load.module.running_mean	                [64]	        64
0: module.model.feature_layers.7.load.module.running_var	                [64]	        64
0: module.model.feature_layers.7.load.module.num_batches_tracked	                  []	         1
0:  module.model.feature_layers.7.shunt.module.weight	                [64]	        64
0:    module.model.feature_layers.7.shunt.module.bias	                [64]	        64
0: module.model.feature_layers.7.shunt.module.running_mean	                [64]	        64
0: module.model.feature_layers.7.shunt.module.running_var	                [64]	        64
0: module.model.feature_layers.7.shunt.module.num_batches_tracked	                  []	         1
0:    module.model.feature_layers.8.bus.module.weight	                [64]	        64
0:      module.model.feature_layers.8.bus.module.bias	                [64]	        64
0: module.model.feature_layers.8.bus.module.running_mean	                [64]	        64
0: module.model.feature_layers.8.bus.module.running_var	                [64]	        64
0: module.model.feature_layers.8.bus.module.num_batches_tracked	                  []	         1
0: module.model.feature_layers.8.generator.module.weight	                [64]	        64
0: module.model.feature_layers.8.generator.module.bias	                [64]	        64
0: module.model.feature_layers.8.generator.module.running_mean	                [64]	        64
0: module.model.feature_layers.8.generator.module.running_var	                [64]	        64
0: module.model.feature_layers.8.generator.module.num_batches_tracked	                  []	         1
0:   module.model.feature_layers.8.load.module.weight	                [64]	        64
0:     module.model.feature_layers.8.load.module.bias	                [64]	        64
0: module.model.feature_layers.8.load.module.running_mean	                [64]	        64
0: module.model.feature_layers.8.load.module.running_var	                [64]	        64
0: module.model.feature_layers.8.load.module.num_batches_tracked	                  []	         1
0:  module.model.feature_layers.8.shunt.module.weight	                [64]	        64
0:    module.model.feature_layers.8.shunt.module.bias	                [64]	        64
0: module.model.feature_layers.8.shunt.module.running_mean	                [64]	        64
0: module.model.feature_layers.8.shunt.module.running_var	                [64]	        64
0: module.model.feature_layers.8.shunt.module.num_batches_tracked	                  []	         1
0:    module.model.feature_layers.9.bus.module.weight	                [64]	        64
0:      module.model.feature_layers.9.bus.module.bias	                [64]	        64
0: module.model.feature_layers.9.bus.module.running_mean	                [64]	        64
0: module.model.feature_layers.9.bus.module.running_var	                [64]	        64
0: module.model.feature_layers.9.bus.module.num_batches_tracked	                  []	         1
0: module.model.feature_layers.9.generator.module.weight	                [64]	        64
0: module.model.feature_layers.9.generator.module.bias	                [64]	        64
0: module.model.feature_layers.9.generator.module.running_mean	                [64]	        64
0: module.model.feature_layers.9.generator.module.running_var	                [64]	        64
0: module.model.feature_layers.9.generator.module.num_batches_tracked	                  []	         1
0:   module.model.feature_layers.9.load.module.weight	                [64]	        64
0:     module.model.feature_layers.9.load.module.bias	                [64]	        64
0: module.model.feature_layers.9.load.module.running_mean	                [64]	        64
0: module.model.feature_layers.9.load.module.running_var	                [64]	        64
0: module.model.feature_layers.9.load.module.num_batches_tracked	                  []	         1
0:  module.model.feature_layers.9.shunt.module.weight	                [64]	        64
0:    module.model.feature_layers.9.shunt.module.bias	                [64]	        64
0: module.model.feature_layers.9.shunt.module.running_mean	                [64]	        64
0: module.model.feature_layers.9.shunt.module.running_var	                [64]	        64
0: module.model.feature_layers.9.shunt.module.num_batches_tracked	                  []	         1
0:   module.model.feature_layers.10.bus.module.weight	                [64]	        64
0:     module.model.feature_layers.10.bus.module.bias	                [64]	        64
0: module.model.feature_layers.10.bus.module.running_mean	                [64]	        64
0: module.model.feature_layers.10.bus.module.running_var	                [64]	        64
0: module.model.feature_layers.10.bus.module.num_batches_tracked	                  []	         1
0: module.model.feature_layers.10.generator.module.weight	                [64]	        64
0: module.model.feature_layers.10.generator.module.bias	                [64]	        64
0: module.model.feature_layers.10.generator.module.running_mean	                [64]	        64
0: module.model.feature_layers.10.generator.module.running_var	                [64]	        64
0: module.model.feature_layers.10.generator.module.num_batches_tracked	                  []	         1
0:  module.model.feature_layers.10.load.module.weight	                [64]	        64
0:    module.model.feature_layers.10.load.module.bias	                [64]	        64
0: module.model.feature_layers.10.load.module.running_mean	                [64]	        64
0: module.model.feature_layers.10.load.module.running_var	                [64]	        64
0: module.model.feature_layers.10.load.module.num_batches_tracked	                  []	         1
0: module.model.feature_layers.10.shunt.module.weight	                [64]	        64
0:   module.model.feature_layers.10.shunt.module.bias	                [64]	        64
0: module.model.feature_layers.10.shunt.module.running_mean	                [64]	        64
0: module.model.feature_layers.10.shunt.module.running_var	                [64]	        64
0: module.model.feature_layers.10.shunt.module.num_batches_tracked	                  []	         1
0:   module.model.feature_layers.11.bus.module.weight	                [64]	        64
0:     module.model.feature_layers.11.bus.module.bias	                [64]	        64
0: module.model.feature_layers.11.bus.module.running_mean	                [64]	        64
0: module.model.feature_layers.11.bus.module.running_var	                [64]	        64
0: module.model.feature_layers.11.bus.module.num_batches_tracked	                  []	         1
0: module.model.feature_layers.11.generator.module.weight	                [64]	        64
0: module.model.feature_layers.11.generator.module.bias	                [64]	        64
0: module.model.feature_layers.11.generator.module.running_mean	                [64]	        64
0: module.model.feature_layers.11.generator.module.running_var	                [64]	        64
0: module.model.feature_layers.11.generator.module.num_batches_tracked	                  []	         1
0:  module.model.feature_layers.11.load.module.weight	                [64]	        64
0:    module.model.feature_layers.11.load.module.bias	                [64]	        64
0: module.model.feature_layers.11.load.module.running_mean	                [64]	        64
0: module.model.feature_layers.11.load.module.running_var	                [64]	        64
0: module.model.feature_layers.11.load.module.num_batches_tracked	                  []	         1
0: module.model.feature_layers.11.shunt.module.weight	                [64]	        64
0:   module.model.feature_layers.11.shunt.module.bias	                [64]	        64
0: module.model.feature_layers.11.shunt.module.running_mean	                [64]	        64
0: module.model.feature_layers.11.shunt.module.running_var	                [64]	        64
0: module.model.feature_layers.11.shunt.module.num_batches_tracked	                  []	         1
0:   module.model.feature_layers.12.bus.module.weight	                [64]	        64
0:     module.model.feature_layers.12.bus.module.bias	                [64]	        64
0: module.model.feature_layers.12.bus.module.running_mean	                [64]	        64
0: module.model.feature_layers.12.bus.module.running_var	                [64]	        64
0: module.model.feature_layers.12.bus.module.num_batches_tracked	                  []	         1
0: module.model.feature_layers.12.generator.module.weight	                [64]	        64
0: module.model.feature_layers.12.generator.module.bias	                [64]	        64
0: module.model.feature_layers.12.generator.module.running_mean	                [64]	        64
0: module.model.feature_layers.12.generator.module.running_var	                [64]	        64
0: module.model.feature_layers.12.generator.module.num_batches_tracked	                  []	         1
0:  module.model.feature_layers.12.load.module.weight	                [64]	        64
0:    module.model.feature_layers.12.load.module.bias	                [64]	        64
0: module.model.feature_layers.12.load.module.running_mean	                [64]	        64
0: module.model.feature_layers.12.load.module.running_var	                [64]	        64
0: module.model.feature_layers.12.load.module.num_batches_tracked	                  []	         1
0: module.model.feature_layers.12.shunt.module.weight	                [64]	        64
0:   module.model.feature_layers.12.shunt.module.bias	                [64]	        64
0: module.model.feature_layers.12.shunt.module.running_mean	                [64]	        64
0: module.model.feature_layers.12.shunt.module.running_var	                [64]	        64
0: module.model.feature_layers.12.shunt.module.num_batches_tracked	                  []	         1
0:   module.model.feature_layers.13.bus.module.weight	                [64]	        64
0:     module.model.feature_layers.13.bus.module.bias	                [64]	        64
0: module.model.feature_layers.13.bus.module.running_mean	                [64]	        64
0: module.model.feature_layers.13.bus.module.running_var	                [64]	        64
0: module.model.feature_layers.13.bus.module.num_batches_tracked	                  []	         1
0: module.model.feature_layers.13.generator.module.weight	                [64]	        64
0: module.model.feature_layers.13.generator.module.bias	                [64]	        64
0: module.model.feature_layers.13.generator.module.running_mean	                [64]	        64
0: module.model.feature_layers.13.generator.module.running_var	                [64]	        64
0: module.model.feature_layers.13.generator.module.num_batches_tracked	                  []	         1
0:  module.model.feature_layers.13.load.module.weight	                [64]	        64
0:    module.model.feature_layers.13.load.module.bias	                [64]	        64
0: module.model.feature_layers.13.load.module.running_mean	                [64]	        64
0: module.model.feature_layers.13.load.module.running_var	                [64]	        64
0: module.model.feature_layers.13.load.module.num_batches_tracked	                  []	         1
0: module.model.feature_layers.13.shunt.module.weight	                [64]	        64
0:   module.model.feature_layers.13.shunt.module.bias	                [64]	        64
0: module.model.feature_layers.13.shunt.module.running_mean	                [64]	        64
0: module.model.feature_layers.13.shunt.module.running_var	                [64]	        64
0: module.model.feature_layers.13.shunt.module.num_batches_tracked	                  []	         1
0:   module.model.feature_layers.14.bus.module.weight	                [64]	        64
0:     module.model.feature_layers.14.bus.module.bias	                [64]	        64
0: module.model.feature_layers.14.bus.module.running_mean	                [64]	        64
0: module.model.feature_layers.14.bus.module.running_var	                [64]	        64
0: module.model.feature_layers.14.bus.module.num_batches_tracked	                  []	         1
0: module.model.feature_layers.14.generator.module.weight	                [64]	        64
0: module.model.feature_layers.14.generator.module.bias	                [64]	        64
0: module.model.feature_layers.14.generator.module.running_mean	                [64]	        64
0: module.model.feature_layers.14.generator.module.running_var	                [64]	        64
0: module.model.feature_layers.14.generator.module.num_batches_tracked	                  []	         1
0:  module.model.feature_layers.14.load.module.weight	                [64]	        64
0:    module.model.feature_layers.14.load.module.bias	                [64]	        64
0: module.model.feature_layers.14.load.module.running_mean	                [64]	        64
0: module.model.feature_layers.14.load.module.running_var	                [64]	        64
0: module.model.feature_layers.14.load.module.num_batches_tracked	                  []	         1
0: module.model.feature_layers.14.shunt.module.weight	                [64]	        64
0:   module.model.feature_layers.14.shunt.module.bias	                [64]	        64
0: module.model.feature_layers.14.shunt.module.running_mean	                [64]	        64
0: module.model.feature_layers.14.shunt.module.running_var	                [64]	        64
0: module.model.feature_layers.14.shunt.module.num_batches_tracked	                  []	         1
0:   module.model.feature_layers.15.bus.module.weight	                [64]	        64
0:     module.model.feature_layers.15.bus.module.bias	                [64]	        64
0: module.model.feature_layers.15.bus.module.running_mean	                [64]	        64
0: module.model.feature_layers.15.bus.module.running_var	                [64]	        64
0: module.model.feature_layers.15.bus.module.num_batches_tracked	                  []	         1
0: module.model.feature_layers.15.generator.module.weight	                [64]	        64
0: module.model.feature_layers.15.generator.module.bias	                [64]	        64
0: module.model.feature_layers.15.generator.module.running_mean	                [64]	        64
0: module.model.feature_layers.15.generator.module.running_var	                [64]	        64
0: module.model.feature_layers.15.generator.module.num_batches_tracked	                  []	         1
0:  module.model.feature_layers.15.load.module.weight	                [64]	        64
0:    module.model.feature_layers.15.load.module.bias	                [64]	        64
0: module.model.feature_layers.15.load.module.running_mean	                [64]	        64
0: module.model.feature_layers.15.load.module.running_var	                [64]	        64
0: module.model.feature_layers.15.load.module.num_batches_tracked	                  []	         1
0: module.model.feature_layers.15.shunt.module.weight	                [64]	        64
0:   module.model.feature_layers.15.shunt.module.bias	                [64]	        64
0: module.model.feature_layers.15.shunt.module.running_mean	                [64]	        64
0: module.model.feature_layers.15.shunt.module.running_var	                [64]	        64
0: module.model.feature_layers.15.shunt.module.num_batches_tracked	                  []	         1
0:             module.model.node_embedders.bus.weight	             [64, 4]	       256
0:               module.model.node_embedders.bus.bias	                [64]	        64
0:       module.model.node_embedders.generator.weight	            [64, 11]	       704
0:         module.model.node_embedders.generator.bias	                [64]	        64
0:            module.model.node_embedders.load.weight	             [64, 2]	       128
0:              module.model.node_embedders.load.bias	                [64]	        64
0:           module.model.node_embedders.shunt.weight	             [64, 2]	       128
0:             module.model.node_embedders.shunt.bias	                [64]	        64
0:    module.model.heads_NN.0.branch-0.mlp.0.0.weight	            [32, 64]	      2048
0:      module.model.heads_NN.0.branch-0.mlp.0.0.bias	                [32]	        32
0:    module.model.heads_NN.0.branch-0.mlp.0.2.weight	            [16, 32]	       512
0:      module.model.heads_NN.0.branch-0.mlp.0.2.bias	                [16]	        16
0:    module.model.heads_NN.0.branch-0.mlp.0.4.weight	             [2, 16]	        32
0:      module.model.heads_NN.0.branch-0.mlp.0.4.bias	                 [2]	         2
0: --------------------------------------------------
0:                                              Total	                    	    601362
0: All (total, MB): 601362 2.29499
[diag][rank 0][627200.249] Exited print_model
[diag][rank 0][627200.249] Entering load_existing_model_config
[diag][rank 0][627200.249] Exited load_existing_model_config
[diag][rank 0][627200.249] Entering train_validate_test
[precision-diagnostic] requested=fp32 model_param_dtype=torch.float32
[precision-diagnostic] first_batch_float_dtype=torch.float32
[precision-diagnostic] first_optimizer_state_float_dtype=torch.float32
0: Max memory allocated after optimizer step: 0.229770752 GB 0.25165824 GB
0: Max memory allocated after optimizer step: 0.236145152 GB 0.255852544 GB
0: Max memory allocated after optimizer step: 0.236145152 GB 0.255852544 GB
0: Max memory allocated after optimizer step: 0.236145152 GB 0.255852544 GB
0: Max memory allocated after optimizer step: 0.236145152 GB 0.255852544 GB
0: Max memory allocated after optimizer step: 0.236145152 GB 0.255852544 GB
0: Max memory allocated after optimizer step: 0.236145152 GB 0.255852544 GB
0: Max memory allocated after optimizer step: 0.236145152 GB 0.255852544 GB
0: Max memory allocated after optimizer step: 0.236145152 GB 0.255852544 GB
0: Max memory allocated after optimizer step: 0.236145152 GB 0.255852544 GB
0: Max memory allocated after optimizer step: 0.236145152 GB 0.255852544 GB
0: Max memory allocated after optimizer step: 0.236145152 GB 0.255852544 GB
0: Max memory allocated after optimizer step: 0.236145152 GB 0.255852544 GB
0: Max memory allocated after optimizer step: 0.236145152 GB 0.255852544 GB
0: Max memory allocated after optimizer step: 0.236145152 GB 0.255852544 GB
0: Max memory allocated after optimizer step: 0.236145152 GB 0.255852544 GB
0: Max memory allocated after optimizer step: 0.236145152 GB 0.255852544 GB
0: Max memory allocated after optimizer step: 0.236145152 GB 0.255852544 GB
0: Max memory allocated after optimizer step: 0.236145152 GB 0.255852544 GB
0: Max memory allocated after optimizer step: 0.236145152 GB 0.255852544 GB
0: Max memory allocated after optimizer step: 0.236145152 GB 0.255852544 GB
0: Max memory allocated after optimizer step: 0.236145152 GB 0.255852544 GB
0: Max memory allocated after optimizer step: 0.236145152 GB 0.255852544 GB
0: Max memory allocated after optimizer step: 0.236145152 GB 0.255852544 GB
0: Max memory allocated after optimizer step: 0.236145152 GB 0.255852544 GB
0: Max memory allocated after optimizer step: 0.236145152 GB 0.255852544 GB
0: Max memory allocated after optimizer step: 0.236145152 GB 0.255852544 GB
0: Max memory allocated after optimizer step: 0.236145152 GB 0.255852544 GB
0: Max memory allocated after optimizer step: 0.236145152 GB 0.255852544 GB
0: Max memory allocated after optimizer step: 0.236145152 GB 0.255852544 GB
0: Max memory allocated after optimizer step: 0.236145152 GB 0.255852544 GB
0: Max memory allocated after optimizer step: 0.236145152 GB 0.255852544 GB
0: Max memory allocated after optimizer step: 0.236145152 GB 0.255852544 GB
0: Max memory allocated after optimizer step: 0.236145152 GB 0.255852544 GB
0: Max memory allocated after optimizer step: 0.236145152 GB 0.255852544 GB
0: Max memory allocated after optimizer step: 0.236145152 GB 0.255852544 GB
0: Max memory allocated after optimizer step: 0.236145152 GB 0.255852544 GB
0: Max memory allocated after optimizer step: 0.236145152 GB 0.255852544 GB
0: Max memory allocated after optimizer step: 0.236145152 GB 0.255852544 GB
0: Max memory allocated after optimizer step: 0.236145152 GB 0.255852544 GB
0: Max memory allocated after optimizer step: 0.236145152 GB 0.255852544 GB
0: Max memory allocated after optimizer step: 0.236145152 GB 0.255852544 GB
0: Max memory allocated after optimizer step: 0.236145152 GB 0.255852544 GB
0: Max memory allocated after optimizer step: 0.236145152 GB 0.255852544 GB
0: Max memory allocated after optimizer step: 0.236145152 GB 0.255852544 GB
0: Max memory allocated after optimizer step: 0.236145152 GB 0.255852544 GB
0: Max memory allocated after optimizer step: 0.236145152 GB 0.255852544 GB
0: Max memory allocated after optimizer step: 0.236145152 GB 0.255852544 GB
0: Max memory allocated after optimizer step: 0.236145152 GB 0.255852544 GB
0: Max memory allocated after optimizer step: 0.236145152 GB 0.255852544 GB
0: Max memory allocated after optimizer step: 0.236145152 GB 0.255852544 GB
0: Max memory allocated after optimizer step: 0.236145152 GB 0.255852544 GB
0: Max memory allocated after optimizer step: 0.236145152 GB 0.255852544 GB
0: Max memory allocated after optimizer step: 0.236145152 GB 0.255852544 GB
0: Max memory allocated after optimizer step: 0.236145152 GB 0.255852544 GB
0: Max memory allocated after optimizer step: 0.236145152 GB 0.255852544 GB
0: Max memory allocated after optimizer step: 0.236145152 GB 0.255852544 GB
0: Max memory allocated after optimizer step: 0.236145152 GB 0.255852544 GB
0: Max memory allocated after optimizer step: 0.236145152 GB 0.255852544 GB
0: Max memory allocated after optimizer step: 0.236145152 GB 0.255852544 GB
0: Max memory allocated after optimizer step: 0.236145152 GB 0.255852544 GB
0: Max memory allocated after optimizer step: 0.236145152 GB 0.255852544 GB
0: Max memory allocated after optimizer step: 0.236145152 GB 0.255852544 GB
0: Max memory allocated after optimizer step: 0.236145152 GB 0.255852544 GB
0: Max memory allocated after optimizer step: 0.236145152 GB 0.255852544 GB
0: Max memory allocated after optimizer step: 0.236145152 GB 0.255852544 GB
0: Max memory allocated after optimizer step: 0.236145152 GB 0.255852544 GB
0: Max memory allocated after optimizer step: 0.236145152 GB 0.255852544 GB
0: Max memory allocated after optimizer step: 0.236145152 GB 0.255852544 GB
0: Max memory allocated after optimizer step: 0.236145152 GB 0.255852544 GB
0: Max memory allocated after optimizer step: 0.236145152 GB 0.255852544 GB
0: Max memory allocated after optimizer step: 0.236145152 GB 0.255852544 GB
0: Max memory allocated after optimizer step: 0.236145152 GB 0.255852544 GB
0: Max memory allocated after optimizer step: 0.236145152 GB 0.255852544 GB
0: Max memory allocated after optimizer step: 0.236145152 GB 0.255852544 GB
0: Max memory allocated after optimizer step: 0.236145152 GB 0.255852544 GB
0: Max memory allocated after optimizer step: 0.236145152 GB 0.255852544 GB
0: Max memory allocated after optimizer step: 0.236145152 GB 0.255852544 GB
0: Max memory allocated after optimizer step: 0.236145152 GB 0.255852544 GB
0: Max memory allocated after optimizer step: 0.236145152 GB 0.255852544 GB
0: Max memory allocated after optimizer step: 0.236145152 GB 0.255852544 GB
0: Max memory allocated after optimizer step: 0.236145152 GB 0.255852544 GB
0: Max memory allocated after optimizer step: 0.236145152 GB 0.255852544 GB
0: Max memory allocated after optimizer step: 0.236145152 GB 0.255852544 GB
0: Max memory allocated after optimizer step: 0.236145152 GB 0.255852544 GB
0: Max memory allocated after optimizer step: 0.236145152 GB 0.255852544 GB
0: Max memory allocated after optimizer step: 0.236145152 GB 0.255852544 GB
0: Max memory allocated after optimizer step: 0.236145152 GB 0.255852544 GB
0: Max memory allocated after optimizer step: 0.236145152 GB 0.255852544 GB
0: Max memory allocated after optimizer step: 0.236145152 GB 0.255852544 GB
0: Max memory allocated after optimizer step: 0.236145152 GB 0.255852544 GB
0: Max memory allocated after optimizer step: 0.236145152 GB 0.255852544 GB
0: Max memory allocated after optimizer step: 0.236145152 GB 0.255852544 GB
0: Max memory allocated after optimizer step: 0.236145152 GB 0.255852544 GB
0: Max memory allocated after optimizer step: 0.236145152 GB 0.255852544 GB
0: Max memory allocated after optimizer step: 0.236145152 GB 0.255852544 GB
0: Max memory allocated after optimizer step: 0.236145152 GB 0.255852544 GB
0: Max memory allocated after optimizer step: 0.236145152 GB 0.255852544 GB
0: Max memory allocated after optimizer step: 0.236145152 GB 0.255852544 GB
0: Max memory allocated after optimizer step: 0.236145152 GB 0.255852544 GB
0: Max memory allocated after optimizer step: 0.236145152 GB 0.255852544 GB
0: Max memory allocated after optimizer step: 0.236145152 GB 0.255852544 GB
0: Max memory allocated after optimizer step: 0.236145152 GB 0.255852544 GB
0: Max memory allocated after optimizer step: 0.236145152 GB 0.255852544 GB
0: Max memory allocated after optimizer step: 0.236145152 GB 0.255852544 GB
0: Max memory allocated after optimizer step: 0.236145152 GB 0.255852544 GB
0: Max memory allocated after optimizer step: 0.236145152 GB 0.255852544 GB
0: Max memory allocated after optimizer step: 0.236145152 GB 0.255852544 GB
0: Max memory allocated after optimizer step: 0.236145152 GB 0.255852544 GB
0: Max memory allocated after optimizer step: 0.236145152 GB 0.255852544 GB
0: Max memory allocated after optimizer step: 0.236145152 GB 0.255852544 GB
0: Max memory allocated after optimizer step: 0.236145152 GB 0.255852544 GB
0: Max memory allocated after optimizer step: 0.236145152 GB 0.255852544 GB
0: Max memory allocated after optimizer step: 0.236145152 GB 0.255852544 GB
0: Max memory allocated after optimizer step: 0.236145152 GB 0.255852544 GB
0: Max memory allocated after optimizer step: 0.236145152 GB 0.255852544 GB
0: Max memory allocated after optimizer step: 0.236145152 GB 0.255852544 GB
0: Max memory allocated after optimizer step: 0.236145152 GB 0.255852544 GB
0: Max memory allocated after optimizer step: 0.236145152 GB 0.255852544 GB
0: Max memory allocated after optimizer step: 0.236145152 GB 0.255852544 GB
0: Max memory allocated after optimizer step: 0.236145152 GB 0.255852544 GB
0: Max memory allocated after optimizer step: 0.236145152 GB 0.255852544 GB
0: Max memory allocated after optimizer step: 0.236145152 GB 0.255852544 GB
0: Max memory allocated after optimizer step: 0.236145152 GB 0.255852544 GB
0: Max memory allocated after optimizer step: 0.236145152 GB 0.255852544 GB
0: Max memory allocated after optimizer step: 0.236145152 GB 0.255852544 GB
0: Max memory allocated after optimizer step: 0.236145152 GB 0.255852544 GB
0: Max memory allocated after optimizer step: 0.236145152 GB 0.255852544 GB
0: Max memory allocated after optimizer step: 0.236145152 GB 0.255852544 GB
0: Max memory allocated after optimizer step: 0.236145152 GB 0.255852544 GB
0: Max memory allocated after optimizer step: 0.236145152 GB 0.255852544 GB
0: Max memory allocated after optimizer step: 0.236145152 GB 0.255852544 GB
0: Max memory allocated after optimizer step: 0.236145152 GB 0.255852544 GB
0: Max memory allocated after optimizer step: 0.236145152 GB 0.255852544 GB
0: Max memory allocated after optimizer step: 0.236145152 GB 0.255852544 GB
0: Max memory allocated after optimizer step: 0.236145152 GB 0.255852544 GB
0: Max memory allocated after optimizer step: 0.236145152 GB 0.255852544 GB
0: Max memory allocated after optimizer step: 0.236145152 GB 0.255852544 GB
0: Max memory allocated after optimizer step: 0.236145152 GB 0.255852544 GB
0: Max memory allocated after optimizer step: 0.236145152 GB 0.255852544 GB
0: Max memory allocated after optimizer step: 0.236145152 GB 0.255852544 GB
0: Max memory allocated after optimizer step: 0.236145152 GB 0.255852544 GB
0: Max memory allocated after optimizer step: 0.236145152 GB 0.255852544 GB
0: Max memory allocated after optimizer step: 0.236145152 GB 0.255852544 GB
0: Max memory allocated after optimizer step: 0.236145152 GB 0.255852544 GB
0: Max memory allocated after optimizer step: 0.236145152 GB 0.255852544 GB
0: Max memory allocated after optimizer step: 0.236145152 GB 0.255852544 GB
0: Max memory allocated after optimizer step: 0.236145152 GB 0.255852544 GB
0: Max memory allocated after optimizer step: 0.236145152 GB 0.255852544 GB
0: Max memory allocated after optimizer step: 0.236145152 GB 0.255852544 GB
0: Max memory allocated after optimizer step: 0.236145152 GB 0.255852544 GB
0: Max memory allocated after optimizer step: 0.236145152 GB 0.255852544 GB
0: Max memory allocated after optimizer step: 0.236145152 GB 0.255852544 GB
0: Max memory allocated after optimizer step: 0.236145152 GB 0.255852544 GB
0: Max memory allocated after optimizer step: 0.236145152 GB 0.255852544 GB
0: Max memory allocated after optimizer step: 0.236145152 GB 0.255852544 GB
0: Max memory allocated after optimizer step: 0.236145152 GB 0.255852544 GB
0: Max memory allocated after optimizer step: 0.236145152 GB 0.255852544 GB
0: Max memory allocated after optimizer step: 0.236145152 GB 0.255852544 GB
0: Max memory allocated after optimizer step: 0.236145152 GB 0.255852544 GB
0: Max memory allocated after optimizer step: 0.236145152 GB 0.255852544 GB
0: Max memory allocated after optimizer step: 0.236145152 GB 0.255852544 GB
0: Max memory allocated after optimizer step: 0.236145152 GB 0.255852544 GB
0: Max memory allocated after optimizer step: 0.236145152 GB 0.255852544 GB
0: Max memory allocated after optimizer step: 0.236145152 GB 0.255852544 GB
0: Max memory allocated after optimizer step: 0.236145152 GB 0.255852544 GB
0: Max memory allocated after optimizer step: 0.236145152 GB 0.255852544 GB
0: Max memory allocated after optimizer step: 0.236145152 GB 0.255852544 GB
0: Max memory allocated after optimizer step: 0.236145152 GB 0.255852544 GB
0: Max memory allocated after optimizer step: 0.236145152 GB 0.255852544 GB
0: Max memory allocated after optimizer step: 0.236145152 GB 0.255852544 GB
0: Max memory allocated after optimizer step: 0.236145152 GB 0.255852544 GB
0: Max memory allocated after optimizer step: 0.236145152 GB 0.255852544 GB
0: Max memory allocated after optimizer step: 0.236145152 GB 0.255852544 GB
0: Max memory allocated after optimizer step: 0.236145152 GB 0.255852544 GB
0: Max memory allocated after optimizer step: 0.236145152 GB 0.255852544 GB
0: Max memory allocated after optimizer step: 0.236145152 GB 0.255852544 GB
0: Max memory allocated after optimizer step: 0.236145152 GB 0.255852544 GB
0: Max memory allocated after optimizer step: 0.236145152 GB 0.255852544 GB
0: Max memory allocated after optimizer step: 0.236145152 GB 0.255852544 GB
0: Max memory allocated after optimizer step: 0.236145152 GB 0.255852544 GB
0: Max memory allocated after optimizer step: 0.236145152 GB 0.255852544 GB
0: Max memory allocated after optimizer step: 0.236145152 GB 0.255852544 GB
0: Max memory allocated after optimizer step: 0.236145152 GB 0.255852544 GB
0: Max memory allocated after optimizer step: 0.236145152 GB 0.255852544 GB
0: Max memory allocated after optimizer step: 0.236145152 GB 0.255852544 GB
0: Max memory allocated after optimizer step: 0.236145152 GB 0.255852544 GB
0: Max memory allocated after optimizer step: 0.236145152 GB 0.255852544 GB
0: Max memory allocated after optimizer step: 0.236145152 GB 0.255852544 GB
0: Max memory allocated after optimizer step: 0.236145152 GB 0.255852544 GB
0: Max memory allocated after optimizer step: 0.236145152 GB 0.255852544 GB
0: Max memory allocated after optimizer step: 0.236145152 GB 0.255852544 GB
0: Max memory allocated after optimizer step: 0.236145152 GB 0.255852544 GB
0: Max memory allocated after optimizer step: 0.236145152 GB 0.255852544 GB
0: Max memory allocated after optimizer step: 0.236145152 GB 0.255852544 GB
0: Max memory allocated after optimizer step: 0.236145152 GB 0.255852544 GB
0: Max memory allocated after optimizer step: 0.236145152 GB 0.255852544 GB
0: Max memory allocated after optimizer step: 0.236145152 GB 0.255852544 GB
0: Max memory allocated after optimizer step: 0.236145152 GB 0.255852544 GB
0: Max memory allocated after optimizer step: 0.236145152 GB 0.255852544 GB
0: Max memory allocated after optimizer step: 0.236145152 GB 0.255852544 GB
0: Max memory allocated after optimizer step: 0.236145152 GB 0.255852544 GB
0: Max memory allocated after optimizer step: 0.236145152 GB 0.255852544 GB
0: Max memory allocated after optimizer step: 0.236145152 GB 0.255852544 GB
0: Max memory allocated after optimizer step: 0.236145152 GB 0.255852544 GB
0: Max memory allocated after optimizer step: 0.236145152 GB 0.255852544 GB
0: Max memory allocated after optimizer step: 0.236145152 GB 0.255852544 GB
0: Max memory allocated after optimizer step: 0.236145152 GB 0.255852544 GB
0: Max memory allocated after optimizer step: 0.236145152 GB 0.255852544 GB
0: Max memory allocated after optimizer step: 0.236145152 GB 0.255852544 GB
0: Max memory allocated after optimizer step: 0.236145152 GB 0.255852544 GB
0: Max memory allocated after optimizer step: 0.236145152 GB 0.255852544 GB
0: Max memory allocated after optimizer step: 0.236145152 GB 0.255852544 GB
0: Max memory allocated after optimizer step: 0.236145152 GB 0.255852544 GB
0: Max memory allocated after optimizer step: 0.236145152 GB 0.255852544 GB
0: Max memory allocated after optimizer step: 0.236145152 GB 0.255852544 GB
0: Max memory allocated after optimizer step: 0.236145152 GB 0.255852544 GB
0: Max memory allocated after optimizer step: 0.236145152 GB 0.255852544 GB
0: Max memory allocated after optimizer step: 0.236145152 GB 0.255852544 GB
0: Max memory allocated after optimizer step: 0.236145152 GB 0.255852544 GB
0: Max memory allocated after optimizer step: 0.236145152 GB 0.255852544 GB
0: Max memory allocated after optimizer step: 0.236145152 GB 0.255852544 GB
0: Max memory allocated after optimizer step: 0.236145152 GB 0.255852544 GB
0: Max memory allocated after optimizer step: 0.236145152 GB 0.255852544 GB
0: Max memory allocated after optimizer step: 0.236145152 GB 0.255852544 GB
0: Max memory allocated after optimizer step: 0.236145152 GB 0.255852544 GB
0: Max memory allocated after optimizer step: 0.236145152 GB 0.255852544 GB
0: Max memory allocated after optimizer step: 0.236145152 GB 0.255852544 GB
0: Max memory allocated after optimizer step: 0.236145152 GB 0.255852544 GB
0: Max memory allocated after optimizer step: 0.236145152 GB 0.255852544 GB
0: Max memory allocated after optimizer step: 0.236145152 GB 0.255852544 GB
0: Max memory allocated after optimizer step: 0.236145152 GB 0.255852544 GB
0: Max memory allocated after optimizer step: 0.236145152 GB 0.255852544 GB
0: Max memory allocated after optimizer step: 0.236145152 GB 0.255852544 GB
0: Max memory allocated after optimizer step: 0.236145152 GB 0.255852544 GB
0: Max memory allocated after optimizer step: 0.236145152 GB 0.255852544 GB
0: Max memory allocated after optimizer step: 0.236145152 GB 0.255852544 GB
0: Max memory allocated after optimizer step: 0.236145152 GB 0.255852544 GB
0: Max memory allocated after optimizer step: 0.236145152 GB 0.255852544 GB
0: Max memory allocated after optimizer step: 0.236145152 GB 0.255852544 GB
0: Max memory allocated after optimizer step: 0.236145152 GB 0.255852544 GB
0: Max memory allocated after optimizer step: 0.236145152 GB 0.255852544 GB
0: Max memory allocated after optimizer step: 0.236145152 GB 0.255852544 GB
0: Max memory allocated after optimizer step: 0.236145152 GB 0.255852544 GB
0: Max memory allocated after optimizer step: 0.236145152 GB 0.255852544 GB
0: Max memory allocated after optimizer step: 0.236145152 GB 0.255852544 GB
0: Max memory allocated after optimizer step: 0.236145152 GB 0.255852544 GB
0: Max memory allocated after optimizer step: 0.236145152 GB 0.255852544 GB
0: Max memory allocated after optimizer step: 0.236145152 GB 0.255852544 GB
0: Max memory allocated after optimizer step: 0.236145152 GB 0.255852544 GB
0: Max memory allocated after optimizer step: 0.236145152 GB 0.255852544 GB
0: Max memory allocated after optimizer step: 0.236145152 GB 0.255852544 GB
0: Max memory allocated after optimizer step: 0.236145152 GB 0.255852544 GB
0: Max memory allocated after optimizer step: 0.236145152 GB 0.255852544 GB
0: Max memory allocated after optimizer step: 0.236145152 GB 0.255852544 GB
0: Max memory allocated after optimizer step: 0.236145152 GB 0.255852544 GB
0: Max memory allocated after optimizer step: 0.236145152 GB 0.255852544 GB
0: Max memory allocated after optimizer step: 0.236145152 GB 0.255852544 GB
0: Max memory allocated after optimizer step: 0.236145152 GB 0.255852544 GB
0: Max memory allocated after optimizer step: 0.236145152 GB 0.255852544 GB
0: Max memory allocated after optimizer step: 0.236145152 GB 0.255852544 GB
0: Max memory allocated after optimizer step: 0.236145152 GB 0.255852544 GB
0: Max memory allocated after optimizer step: 0.236145152 GB 0.255852544 GB
0: Max memory allocated after optimizer step: 0.236145152 GB 0.255852544 GB
0: Max memory allocated after optimizer step: 0.236145152 GB 0.255852544 GB
0: Max memory allocated after optimizer step: 0.236145152 GB 0.255852544 GB
0: Max memory allocated after optimizer step: 0.236145152 GB 0.255852544 GB
0: Max memory allocated after optimizer step: 0.236145152 GB 0.255852544 GB
0: Max memory allocated after optimizer step: 0.236145152 GB 0.255852544 GB
0: Max memory allocated after optimizer step: 0.236145152 GB 0.255852544 GB
0: Max memory allocated after optimizer step: 0.236145152 GB 0.255852544 GB
0: Max memory allocated after optimizer step: 0.236145152 GB 0.255852544 GB
0: Max memory allocated after optimizer step: 0.236145152 GB 0.255852544 GB
0: Max memory allocated after optimizer step: 0.236145152 GB 0.255852544 GB
0: Max memory allocated after optimizer step: 0.236145152 GB 0.255852544 GB
0: Max memory allocated after optimizer step: 0.236145152 GB 0.255852544 GB
0: Max memory allocated after optimizer step: 0.236145152 GB 0.255852544 GB
0: Max memory allocated after optimizer step: 0.236145152 GB 0.255852544 GB
0: Max memory allocated after optimizer step: 0.236145152 GB 0.255852544 GB
0: Max memory allocated after optimizer step: 0.236145152 GB 0.255852544 GB
0: Max memory allocated after optimizer step: 0.236145152 GB 0.255852544 GB
0: Max memory allocated after optimizer step: 0.236145152 GB 0.255852544 GB
0: Max memory allocated after optimizer step: 0.236145152 GB 0.255852544 GB
0: Max memory allocated after optimizer step: 0.236145152 GB 0.255852544 GB
0: Max memory allocated after optimizer step: 0.236145152 GB 0.255852544 GB
0: Max memory allocated after optimizer step: 0.236145152 GB 0.255852544 GB
0: Max memory allocated after optimizer step: 0.236145152 GB 0.255852544 GB
0: Max memory allocated after optimizer step: 0.236145152 GB 0.255852544 GB
0: Max memory allocated after optimizer step: 0.236145152 GB 0.255852544 GB
0: Max memory allocated after optimizer step: 0.236145152 GB 0.255852544 GB
0: Max memory allocated after optimizer step: 0.236145152 GB 0.255852544 GB
0: Max memory allocated after optimizer step: 0.236145152 GB 0.255852544 GB
0: Max memory allocated after optimizer step: 0.236145152 GB 0.255852544 GB
0: Max memory allocated after optimizer step: 0.236145152 GB 0.255852544 GB
0: Max memory allocated after optimizer step: 0.236145152 GB 0.255852544 GB
0: Max memory allocated after optimizer step: 0.236145152 GB 0.255852544 GB
0: Max memory allocated after optimizer step: 0.236145152 GB 0.255852544 GB
0: Max memory allocated after optimizer step: 0.236145152 GB 0.255852544 GB
0: Max memory allocated after optimizer step: 0.236145152 GB 0.255852544 GB
0: Max memory allocated after optimizer step: 0.236145152 GB 0.255852544 GB
0: Max memory allocated after optimizer step: 0.236145152 GB 0.255852544 GB
0: Max memory allocated after optimizer step: 0.236145152 GB 0.255852544 GB
0: Max memory allocated after optimizer step: 0.236145152 GB 0.255852544 GB
0: Max memory allocated after optimizer step: 0.236145152 GB 0.255852544 GB
0: Max memory allocated after optimizer step: 0.236145152 GB 0.255852544 GB
0: Max memory allocated after optimizer step: 0.236145152 GB 0.255852544 GB
0: Max memory allocated after optimizer step: 0.236145152 GB 0.255852544 GB
0: Max memory allocated after optimizer step: 0.236145152 GB 0.255852544 GB
0: Max memory allocated after optimizer step: 0.236145152 GB 0.255852544 GB
0: Max memory allocated after optimizer step: 0.236145152 GB 0.255852544 GB
0: Max memory allocated after optimizer step: 0.236145152 GB 0.255852544 GB
0: Max memory allocated after optimizer step: 0.236145152 GB 0.255852544 GB
0: Max memory allocated after optimizer step: 0.236145152 GB 0.255852544 GB
0: Max memory allocated after optimizer step: 0.236145152 GB 0.255852544 GB
0: Max memory allocated after optimizer step: 0.236145152 GB 0.255852544 GB
0: Max memory allocated after optimizer step: 0.236145152 GB 0.255852544 GB
0: Max memory allocated after optimizer step: 0.236145152 GB 0.255852544 GB
0: Max memory allocated after optimizer step: 0.236145152 GB 0.255852544 GB
0: Max memory allocated after optimizer step: 0.236145152 GB 0.255852544 GB
0: Max memory allocated after optimizer step: 0.236145152 GB 0.255852544 GB
0: Max memory allocated after optimizer step: 0.236145152 GB 0.255852544 GB
0: Max memory allocated after optimizer step: 0.236145152 GB 0.255852544 GB
0: Max memory allocated after optimizer step: 0.236145152 GB 0.255852544 GB
0: Max memory allocated after optimizer step: 0.236145152 GB 0.255852544 GB
0: Max memory allocated after optimizer step: 0.236145152 GB 0.255852544 GB
0: Max memory allocated after optimizer step: 0.236145152 GB 0.255852544 GB
0: Max memory allocated after optimizer step: 0.236145152 GB 0.255852544 GB
0: Max memory allocated after optimizer step: 0.236145152 GB 0.255852544 GB
0: Max memory allocated after optimizer step: 0.236145152 GB 0.255852544 GB
0: Max memory allocated after optimizer step: 0.236145152 GB 0.255852544 GB
0: Max memory allocated after optimizer step: 0.236145152 GB 0.255852544 GB
0: Max memory allocated after optimizer step: 0.236145152 GB 0.255852544 GB
0: Max memory allocated after optimizer step: 0.236145152 GB 0.255852544 GB
0: Max memory allocated after optimizer step: 0.236145152 GB 0.255852544 GB
0: Max memory allocated after optimizer step: 0.236145152 GB 0.255852544 GB
0: Max memory allocated after optimizer step: 0.236145152 GB 0.255852544 GB
0: Max memory allocated after optimizer step: 0.236145152 GB 0.255852544 GB
0: Max memory allocated after optimizer step: 0.236145152 GB 0.255852544 GB
0: Max memory allocated after optimizer step: 0.236145152 GB 0.255852544 GB
0: Max memory allocated after optimizer step: 0.236145152 GB 0.255852544 GB
0: Max memory allocated after optimizer step: 0.236145152 GB 0.255852544 GB
0: Max memory allocated after optimizer step: 0.236145152 GB 0.255852544 GB
0: Max memory allocated after optimizer step: 0.236145152 GB 0.255852544 GB
0: Max memory allocated after optimizer step: 0.236145152 GB 0.255852544 GB
0: Max memory allocated after optimizer step: 0.236145152 GB 0.255852544 GB
0: Max memory allocated after optimizer step: 0.236145152 GB 0.255852544 GB
0: Max memory allocated after optimizer step: 0.236145152 GB 0.255852544 GB
0: Max memory allocated after optimizer step: 0.236145152 GB 0.255852544 GB
0: Max memory allocated after optimizer step: 0.236145152 GB 0.255852544 GB
0: Max memory allocated after optimizer step: 0.236145152 GB 0.255852544 GB
0: Max memory allocated after optimizer step: 0.236145152 GB 0.255852544 GB
0: Max memory allocated after optimizer step: 0.236145152 GB 0.255852544 GB
0: Max memory allocated after optimizer step: 0.236145152 GB 0.255852544 GB
0: Max memory allocated after optimizer step: 0.236145152 GB 0.255852544 GB
0: Max memory allocated after optimizer step: 0.236145152 GB 0.255852544 GB
0: Max memory allocated after optimizer step: 0.236145152 GB 0.255852544 GB
0: Max memory allocated after optimizer step: 0.236145152 GB 0.255852544 GB
0: Max memory allocated after optimizer step: 0.236145152 GB 0.255852544 GB
0: Max memory allocated after optimizer step: 0.236145152 GB 0.255852544 GB
0: Max memory allocated after optimizer step: 0.236145152 GB 0.255852544 GB
0: Max memory allocated after optimizer step: 0.236145152 GB 0.255852544 GB
0: Max memory allocated after optimizer step: 0.236145152 GB 0.255852544 GB
0: Max memory allocated after optimizer step: 0.236145152 GB 0.255852544 GB
0: Max memory allocated after optimizer step: 0.236145152 GB 0.255852544 GB
0: Max memory allocated after optimizer step: 0.236145152 GB 0.255852544 GB
0: Max memory allocated after optimizer step: 0.236145152 GB 0.255852544 GB
0: Max memory allocated after optimizer step: 0.236145152 GB 0.255852544 GB
0: Max memory allocated after optimizer step: 0.236145152 GB 0.255852544 GB
0: Max memory allocated after optimizer step: 0.236145152 GB 0.255852544 GB
0: Max memory allocated after optimizer step: 0.236145152 GB 0.255852544 GB
0: Max memory allocated after optimizer step: 0.236145152 GB 0.255852544 GB
0: Max memory allocated after optimizer step: 0.236145152 GB 0.255852544 GB
0: Max memory allocated after optimizer step: 0.236145152 GB 0.255852544 GB
0: Max memory allocated after optimizer step: 0.236145152 GB 0.255852544 GB
0: Max memory allocated after optimizer step: 0.236145152 GB 0.255852544 GB
0: Max memory allocated after optimizer step: 0.236145152 GB 0.255852544 GB
0: Max memory allocated after optimizer step: 0.236145152 GB 0.255852544 GB
0: Max memory allocated after optimizer step: 0.236145152 GB 0.255852544 GB
0: Max memory allocated after optimizer step: 0.236145152 GB 0.255852544 GB
0: Max memory allocated after optimizer step: 0.236145152 GB 0.255852544 GB
0: Max memory allocated after optimizer step: 0.236145152 GB 0.255852544 GB
0: Max memory allocated after optimizer step: 0.236145152 GB 0.255852544 GB
0: Max memory allocated after optimizer step: 0.236145152 GB 0.255852544 GB
0: Max memory allocated after optimizer step: 0.236145152 GB 0.255852544 GB
0: Max memory allocated after optimizer step: 0.236145152 GB 0.255852544 GB
0: Max memory allocated after optimizer step: 0.236145152 GB 0.255852544 GB
0: Max memory allocated after optimizer step: 0.236145152 GB 0.255852544 GB
0: Max memory allocated after optimizer step: 0.236145152 GB 0.255852544 GB
0: Max memory allocated after optimizer step: 0.236145152 GB 0.255852544 GB
0: Max memory allocated after optimizer step: 0.236145152 GB 0.255852544 GB
0: Max memory allocated after optimizer step: 0.236145152 GB 0.255852544 GB
0: Max memory allocated after optimizer step: 0.236145152 GB 0.255852544 GB
0: Max memory allocated after optimizer step: 0.236145152 GB 0.255852544 GB
0: Max memory allocated after optimizer step: 0.236145152 GB 0.255852544 GB
0: Max memory allocated after optimizer step: 0.236145152 GB 0.255852544 GB
0: Max memory allocated after optimizer step: 0.236145152 GB 0.255852544 GB
0: Max memory allocated after optimizer step: 0.236145152 GB 0.255852544 GB
0: Max memory allocated after optimizer step: 0.236145152 GB 0.255852544 GB
0: Max memory allocated after optimizer step: 0.236145152 GB 0.255852544 GB
0: Max memory allocated after optimizer step: 0.236145152 GB 0.255852544 GB
0: Max memory allocated after optimizer step: 0.236145152 GB 0.255852544 GB
0: Max memory allocated after optimizer step: 0.236145152 GB 0.255852544 GB
0: Max memory allocated after optimizer step: 0.236145152 GB 0.255852544 GB
0: Max memory allocated after optimizer step: 0.236145152 GB 0.255852544 GB
0: Max memory allocated after optimizer step: 0.236145152 GB 0.255852544 GB
0: Max memory allocated after optimizer step: 0.236145152 GB 0.255852544 GB
0: Max memory allocated after optimizer step: 0.236145152 GB 0.255852544 GB
0: Max memory allocated after optimizer step: 0.236145152 GB 0.255852544 GB
0: Max memory allocated after optimizer step: 0.236145152 GB 0.255852544 GB
0: Max memory allocated after optimizer step: 0.236145152 GB 0.255852544 GB
0: Max memory allocated after optimizer step: 0.236145152 GB 0.255852544 GB
0: Max memory allocated after optimizer step: 0.236145152 GB 0.255852544 GB
0: Max memory allocated after optimizer step: 0.236145152 GB 0.255852544 GB
0: Max memory allocated after optimizer step: 0.236145152 GB 0.255852544 GB
0: Max memory allocated after optimizer step: 0.236145152 GB 0.255852544 GB
0: Max memory allocated after optimizer step: 0.236145152 GB 0.255852544 GB
0: Max memory allocated after optimizer step: 0.236145152 GB 0.255852544 GB
0: Max memory allocated after optimizer step: 0.236145152 GB 0.255852544 GB
0: Max memory allocated after optimizer step: 0.236145152 GB 0.255852544 GB
0: Max memory allocated after optimizer step: 0.236145152 GB 0.255852544 GB
0: Max memory allocated after optimizer step: 0.236145152 GB 0.255852544 GB
0: Max memory allocated after optimizer step: 0.236145152 GB 0.255852544 GB
0: Max memory allocated after optimizer step: 0.236145152 GB 0.255852544 GB
0: Max memory allocated after optimizer step: 0.236145152 GB 0.255852544 GB
0: Max memory allocated after optimizer step: 0.236145152 GB 0.255852544 GB
0: Max memory allocated after optimizer step: 0.236145152 GB 0.255852544 GB
0: Max memory allocated after optimizer step: 0.236145152 GB 0.255852544 GB
0: Max memory allocated after optimizer step: 0.236145152 GB 0.255852544 GB
0: Max memory allocated after optimizer step: 0.236145152 GB 0.255852544 GB
0: Max memory allocated after optimizer step: 0.236145152 GB 0.255852544 GB
0: Max memory allocated after optimizer step: 0.236145152 GB 0.255852544 GB
0: Max memory allocated after optimizer step: 0.236145152 GB 0.255852544 GB
0: Max memory allocated after optimizer step: 0.236145152 GB 0.255852544 GB
0: Max memory allocated after optimizer step: 0.236145152 GB 0.255852544 GB
0: Max memory allocated after optimizer step: 0.236145152 GB 0.255852544 GB
0: Max memory allocated after optimizer step: 0.236145152 GB 0.255852544 GB
0: Max memory allocated after optimizer step: 0.236145152 GB 0.255852544 GB
0: Max memory allocated after optimizer step: 0.236145152 GB 0.255852544 GB
0: Max memory allocated after optimizer step: 0.236145152 GB 0.255852544 GB
0: Max memory allocated after optimizer step: 0.236145152 GB 0.255852544 GB
0: Max memory allocated after optimizer step: 0.236145152 GB 0.255852544 GB
0: Max memory allocated after optimizer step: 0.236145152 GB 0.255852544 GB
0: Max memory allocated after optimizer step: 0.236145152 GB 0.255852544 GB
0: Max memory allocated after optimizer step: 0.236145152 GB 0.255852544 GB
0: Max memory allocated after optimizer step: 0.236145152 GB 0.255852544 GB
0: Max memory allocated after optimizer step: 0.236145152 GB 0.255852544 GB
0: Max memory allocated after optimizer step: 0.236145152 GB 0.255852544 GB
0: Max memory allocated after optimizer step: 0.236145152 GB 0.255852544 GB
0: Max memory allocated after optimizer step: 0.236145152 GB 0.255852544 GB
0: Max memory allocated after optimizer step: 0.236145152 GB 0.255852544 GB
0: Max memory allocated after optimizer step: 0.236145152 GB 0.255852544 GB
0: Max memory allocated after optimizer step: 0.236145152 GB 0.255852544 GB
0: Max memory allocated after optimizer step: 0.236145152 GB 0.255852544 GB
0: Max memory allocated after optimizer step: 0.236145152 GB 0.255852544 GB
0: Max memory allocated after optimizer step: 0.236145152 GB 0.255852544 GB
0: Max memory allocated after optimizer step: 0.236145152 GB 0.255852544 GB
0: Max memory allocated after optimizer step: 0.236145152 GB 0.255852544 GB
0: Max memory allocated after optimizer step: 0.236145152 GB 0.255852544 GB
0: Max memory allocated after optimizer step: 0.236145152 GB 0.255852544 GB
0: Max memory allocated after optimizer step: 0.236145152 GB 0.255852544 GB
0: Max memory allocated after optimizer step: 0.236145152 GB 0.255852544 GB
0: Max memory allocated after optimizer step: 0.236145152 GB 0.255852544 GB
0: Max memory allocated after optimizer step: 0.236145152 GB 0.255852544 GB
0: Max memory allocated after optimizer step: 0.236145152 GB 0.255852544 GB
0: Max memory allocated after optimizer step: 0.236145152 GB 0.255852544 GB
0: Max memory allocated after optimizer step: 0.236145152 GB 0.255852544 GB
0: Max memory allocated after optimizer step: 0.236145152 GB 0.255852544 GB
0: Max memory allocated after optimizer step: 0.236145152 GB 0.255852544 GB
0: Max memory allocated after optimizer step: 0.236145152 GB 0.255852544 GB
0: Max memory allocated after optimizer step: 0.236145152 GB 0.255852544 GB
0: Max memory allocated after optimizer step: 0.236145152 GB 0.255852544 GB
0: Max memory allocated after optimizer step: 0.236145152 GB 0.255852544 GB
0: Max memory allocated after optimizer step: 0.236145152 GB 0.255852544 GB
0: Max memory allocated after optimizer step: 0.236145152 GB 0.255852544 GB
0: Max memory allocated after optimizer step: 0.236145152 GB 0.255852544 GB
0: Max memory allocated after optimizer step: 0.236145152 GB 0.255852544 GB
0: Max memory allocated after optimizer step: 0.236145152 GB 0.255852544 GB
0: Max memory allocated after optimizer step: 0.236145152 GB 0.255852544 GB
0: Max memory allocated after optimizer step: 0.236145152 GB 0.255852544 GB
0: Max memory allocated after optimizer step: 0.236145152 GB 0.255852544 GB
0: Max memory allocated after optimizer step: 0.236145152 GB 0.255852544 GB
0: Max memory allocated after optimizer step: 0.236145152 GB 0.255852544 GB
0: Max memory allocated after optimizer step: 0.236145152 GB 0.255852544 GB
0: Max memory allocated after optimizer step: 0.236145152 GB 0.255852544 GB
0: Max memory allocated after optimizer step: 0.236145152 GB 0.255852544 GB
0: Max memory allocated after optimizer step: 0.236145152 GB 0.255852544 GB
0: Max memory allocated after optimizer step: 0.236145152 GB 0.255852544 GB
0: Max memory allocated after optimizer step: 0.236145152 GB 0.255852544 GB
0: Max memory allocated after optimizer step: 0.236145152 GB 0.255852544 GB
0: Max memory allocated after optimizer step: 0.236145152 GB 0.255852544 GB
0: Max memory allocated after optimizer step: 0.236145152 GB 0.255852544 GB
0: Max memory allocated after optimizer step: 0.236145152 GB 0.255852544 GB
0: Max memory allocated after optimizer step: 0.236145152 GB 0.255852544 GB
0: Max memory allocated after optimizer step: 0.236145152 GB 0.255852544 GB
0: Max memory allocated after optimizer step: 0.236145152 GB 0.255852544 GB
0: Max memory allocated after optimizer step: 0.236145152 GB 0.255852544 GB
0: Max memory allocated after optimizer step: 0.236145152 GB 0.255852544 GB
0: Max memory allocated after optimizer step: 0.236145152 GB 0.255852544 GB
0: Max memory allocated after optimizer step: 0.236145152 GB 0.255852544 GB
0: Max memory allocated after optimizer step: 0.236145152 GB 0.255852544 GB
0: Max memory allocated after optimizer step: 0.236145152 GB 0.255852544 GB
0: Max memory allocated after optimizer step: 0.236145152 GB 0.255852544 GB
0: Max memory allocated after optimizer step: 0.236145152 GB 0.255852544 GB
0: Max memory allocated after optimizer step: 0.236145152 GB 0.255852544 GB
0: Max memory allocated after optimizer step: 0.236145152 GB 0.255852544 GB
0: Max memory allocated after optimizer step: 0.236145152 GB 0.255852544 GB
0: Max memory allocated after optimizer step: 0.236145152 GB 0.255852544 GB
0: Max memory allocated after optimizer step: 0.236145152 GB 0.255852544 GB
0: Max memory allocated after optimizer step: 0.236145152 GB 0.255852544 GB
0: Max memory allocated after optimizer step: 0.236145152 GB 0.255852544 GB
0: Max memory allocated after optimizer step: 0.236145152 GB 0.255852544 GB
0: Max memory allocated after optimizer step: 0.236145152 GB 0.255852544 GB
0: Max memory allocated after optimizer step: 0.236145152 GB 0.255852544 GB
0: Max memory allocated after optimizer step: 0.236145152 GB 0.255852544 GB
0: Max memory allocated after optimizer step: 0.236145152 GB 0.255852544 GB
0: Max memory allocated after optimizer step: 0.236145152 GB 0.255852544 GB
0: Max memory allocated after optimizer step: 0.236145152 GB 0.255852544 GB
0: Max memory allocated after optimizer step: 0.236145152 GB 0.255852544 GB
0: Max memory allocated after optimizer step: 0.236145152 GB 0.255852544 GB
0: Max memory allocated after optimizer step: 0.236145152 GB 0.255852544 GB
0: Max memory allocated after optimizer step: 0.236145152 GB 0.255852544 GB
0: Max memory allocated after optimizer step: 0.236145152 GB 0.255852544 GB
0: Max memory allocated after optimizer step: 0.236145152 GB 0.255852544 GB
0: Max memory allocated after optimizer step: 0.236145152 GB 0.255852544 GB
0: Max memory allocated after optimizer step: 0.236145152 GB 0.255852544 GB
0: Max memory allocated after optimizer step: 0.236145152 GB 0.255852544 GB
0: Max memory allocated after optimizer step: 0.236145152 GB 0.255852544 GB
0: Max memory allocated after optimizer step: 0.236145152 GB 0.255852544 GB
0: Epoch: 00, Train Loss: 0.04193119, Val Loss: 0.07600769, Test Loss: 0.06706890
0: Tasks Train Loss: [0.03382248058915138]
0: Tasks Val Loss: [0.05693376436829567]
0: Tasks Test Loss: [0.05694206804037094]
/lustre/orion/lrn070/proj-shared/ndelingat/HydraGNN/installation_DOE_supercomputers/HydraGNN-Installation-Frontier/hydragnn_venv/lib/python3.11/site-packages/torch/distributed/c10d_logger.py:83: UserWarning: barrier(): using the device under current context. You can specify `device_id` in `init_process_group` to mute this warning.
  return func(*args, **kwargs)
0: Creating Checkpoint: 0.076008
0: Best Performance Metric: 0.076008
[precision-diagnostic] requested=fp32 model_param_dtype=torch.float32
[precision-diagnostic] first_batch_float_dtype=torch.float32
0: LossBreakdown epoch=00  data_driven_mse=0.03614716  curriculum_scale=1.00000000  physics_penalty_total=0.00875998  raw_voltage_bound=0.04425371
[precision-diagnostic] first_optimizer_state_float_dtype=torch.float32
0: Max memory allocated after optimizer step: 0.236145152 GB 0.255852544 GB
0: Max memory allocated after optimizer step: 0.236148224 GB 0.255852544 GB
0: Max memory allocated after optimizer step: 0.236148224 GB 0.255852544 GB
0: Max memory allocated after optimizer step: 0.236148224 GB 0.255852544 GB
0: Max memory allocated after optimizer step: 0.236148224 GB 0.255852544 GB
0: Max memory allocated after optimizer step: 0.236148224 GB 0.255852544 GB
0: Max memory allocated after optimizer step: 0.236148224 GB 0.255852544 GB
0: Max memory allocated after optimizer step: 0.236148224 GB 0.255852544 GB
0: Max memory allocated after optimizer step: 0.236148224 GB 0.255852544 GB
0: Max memory allocated after optimizer step: 0.236148224 GB 0.255852544 GB
0: Max memory allocated after optimizer step: 0.236148224 GB 0.255852544 GB
0: Max memory allocated after optimizer step: 0.236148224 GB 0.255852544 GB
0: Max memory allocated after optimizer step: 0.236148224 GB 0.255852544 GB
0: Max memory allocated after optimizer step: 0.236148224 GB 0.255852544 GB
0: Max memory allocated after optimizer step: 0.236148224 GB 0.255852544 GB
0: Max memory allocated after optimizer step: 0.236148224 GB 0.255852544 GB
0: Max memory allocated after optimizer step: 0.236148224 GB 0.255852544 GB
0: Max memory allocated after optimizer step: 0.236148224 GB 0.255852544 GB
0: Max memory allocated after optimizer step: 0.236148224 GB 0.255852544 GB
0: Max memory allocated after optimizer step: 0.236148224 GB 0.255852544 GB
0: Max memory allocated after optimizer step: 0.236148224 GB 0.255852544 GB
0: Max memory allocated after optimizer step: 0.236148224 GB 0.255852544 GB
0: Max memory allocated after optimizer step: 0.236148224 GB 0.255852544 GB
0: Max memory allocated after optimizer step: 0.236148224 GB 0.255852544 GB
0: Max memory allocated after optimizer step: 0.236148224 GB 0.255852544 GB
0: Max memory allocated after optimizer step: 0.236148224 GB 0.255852544 GB
0: Max memory allocated after optimizer step: 0.236148224 GB 0.255852544 GB
0: Max memory allocated after optimizer step: 0.236148224 GB 0.255852544 GB
0: Max memory allocated after optimizer step: 0.236148224 GB 0.255852544 GB
0: Max memory allocated after optimizer step: 0.236148224 GB 0.255852544 GB
0: Max memory allocated after optimizer step: 0.236148224 GB 0.255852544 GB
0: Max memory allocated after optimizer step: 0.236148224 GB 0.255852544 GB
0: Max memory allocated after optimizer step: 0.236148224 GB 0.255852544 GB
0: Max memory allocated after optimizer step: 0.236148224 GB 0.255852544 GB
0: Max memory allocated after optimizer step: 0.236148224 GB 0.255852544 GB
0: Max memory allocated after optimizer step: 0.236148224 GB 0.255852544 GB
0: Max memory allocated after optimizer step: 0.236148224 GB 0.255852544 GB
0: Max memory allocated after optimizer step: 0.236148224 GB 0.255852544 GB
0: Max memory allocated after optimizer step: 0.236148224 GB 0.255852544 GB
0: Max memory allocated after optimizer step: 0.236148224 GB 0.255852544 GB
0: Max memory allocated after optimizer step: 0.236148224 GB 0.255852544 GB
0: Max memory allocated after optimizer step: 0.236148224 GB 0.255852544 GB
0: Max memory allocated after optimizer step: 0.236148224 GB 0.255852544 GB
0: Max memory allocated after optimizer step: 0.236148224 GB 0.255852544 GB
0: Max memory allocated after optimizer step: 0.236148224 GB 0.255852544 GB
0: Max memory allocated after optimizer step: 0.236148224 GB 0.255852544 GB
0: Max memory allocated after optimizer step: 0.236148224 GB 0.255852544 GB
0: Max memory allocated after optimizer step: 0.236148224 GB 0.255852544 GB
0: Max memory allocated after optimizer step: 0.236148224 GB 0.255852544 GB
0: Max memory allocated after optimizer step: 0.236148224 GB 0.255852544 GB
0: Max memory allocated after optimizer step: 0.236148224 GB 0.255852544 GB
0: Max memory allocated after optimizer step: 0.236148224 GB 0.255852544 GB
0: Max memory allocated after optimizer step: 0.236148224 GB 0.255852544 GB
0: Max memory allocated after optimizer step: 0.236148224 GB 0.255852544 GB
0: Max memory allocated after optimizer step: 0.236148224 GB 0.255852544 GB
0: Max memory allocated after optimizer step: 0.236148224 GB 0.255852544 GB
0: Max memory allocated after optimizer step: 0.236148224 GB 0.255852544 GB
0: Max memory allocated after optimizer step: 0.236148224 GB 0.255852544 GB
0: Max memory allocated after optimizer step: 0.236148224 GB 0.255852544 GB
0: Max memory allocated after optimizer step: 0.236148224 GB 0.255852544 GB
0: Max memory allocated after optimizer step: 0.236148224 GB 0.255852544 GB
0: Max memory allocated after optimizer step: 0.236148224 GB 0.255852544 GB
0: Max memory allocated after optimizer step: 0.236148224 GB 0.255852544 GB
0: Max memory allocated after optimizer step: 0.236148224 GB 0.255852544 GB
0: Max memory allocated after optimizer step: 0.236148224 GB 0.255852544 GB
0: Max memory allocated after optimizer step: 0.236148224 GB 0.255852544 GB
0: Max memory allocated after optimizer step: 0.236148224 GB 0.255852544 GB
0: Max memory allocated after optimizer step: 0.236148224 GB 0.255852544 GB
0: Max memory allocated after optimizer step: 0.236148224 GB 0.255852544 GB
0: Max memory allocated after optimizer step: 0.236148224 GB 0.255852544 GB
0: Max memory allocated after optimizer step: 0.236148224 GB 0.255852544 GB
0: Max memory allocated after optimizer step: 0.236148224 GB 0.255852544 GB
0: Max memory allocated after optimizer step: 0.236148224 GB 0.255852544 GB
0: Max memory allocated after optimizer step: 0.236148224 GB 0.255852544 GB
0: Max memory allocated after optimizer step: 0.236148224 GB 0.255852544 GB
0: Max memory allocated after optimizer step: 0.236148224 GB 0.255852544 GB
0: Max memory allocated after optimizer step: 0.236148224 GB 0.255852544 GB
0: Max memory allocated after optimizer step: 0.236148224 GB 0.255852544 GB
0: Max memory allocated after optimizer step: 0.236148224 GB 0.255852544 GB
0: Max memory allocated after optimizer step: 0.236148224 GB 0.255852544 GB
0: Max memory allocated after optimizer step: 0.236148224 GB 0.255852544 GB
0: Max memory allocated after optimizer step: 0.236148224 GB 0.255852544 GB
0: Max memory allocated after optimizer step: 0.236148224 GB 0.255852544 GB
0: Max memory allocated after optimizer step: 0.236148224 GB 0.255852544 GB
0: Max memory allocated after optimizer step: 0.236148224 GB 0.255852544 GB
0: Max memory allocated after optimizer step: 0.236148224 GB 0.255852544 GB
0: Max memory allocated after optimizer step: 0.236148224 GB 0.255852544 GB
0: Max memory allocated after optimizer step: 0.236148224 GB 0.255852544 GB
0: Max memory allocated after optimizer step: 0.236148224 GB 0.255852544 GB
0: Max memory allocated after optimizer step: 0.236148224 GB 0.255852544 GB
0: Max memory allocated after optimizer step: 0.236148224 GB 0.255852544 GB
0: Max memory allocated after optimizer step: 0.236148224 GB 0.255852544 GB
0: Max memory allocated after optimizer step: 0.236148224 GB 0.255852544 GB
0: Max memory allocated after optimizer step: 0.236148224 GB 0.255852544 GB
0: Max memory allocated after optimizer step: 0.236148224 GB 0.255852544 GB
0: Max memory allocated after optimizer step: 0.236148224 GB 0.255852544 GB
0: Max memory allocated after optimizer step: 0.236148224 GB 0.255852544 GB
0: Max memory allocated after optimizer step: 0.236148224 GB 0.255852544 GB
0: Max memory allocated after optimizer step: 0.236148224 GB 0.255852544 GB
0: Max memory allocated after optimizer step: 0.236148224 GB 0.255852544 GB
0: Max memory allocated after optimizer step: 0.236148224 GB 0.255852544 GB
0: Max memory allocated after optimizer step: 0.236148224 GB 0.255852544 GB
0: Max memory allocated after optimizer step: 0.236148224 GB 0.255852544 GB
0: Max memory allocated after optimizer step: 0.236148224 GB 0.255852544 GB
0: Max memory allocated after optimizer step: 0.236148224 GB 0.255852544 GB
0: Max memory allocated after optimizer step: 0.236148224 GB 0.255852544 GB
0: Max memory allocated after optimizer step: 0.236148224 GB 0.255852544 GB
0: Max memory allocated after optimizer step: 0.236148224 GB 0.255852544 GB
0: Max memory allocated after optimizer step: 0.236148224 GB 0.255852544 GB
0: Max memory allocated after optimizer step: 0.236148224 GB 0.255852544 GB
0: Max memory allocated after optimizer step: 0.236148224 GB 0.255852544 GB
0: Max memory allocated after optimizer step: 0.236148224 GB 0.255852544 GB
0: Max memory allocated after optimizer step: 0.236148224 GB 0.255852544 GB
0: Max memory allocated after optimizer step: 0.236148224 GB 0.255852544 GB
0: Max memory allocated after optimizer step: 0.236148224 GB 0.255852544 GB
0: Max memory allocated after optimizer step: 0.236148224 GB 0.255852544 GB
0: Max memory allocated after optimizer step: 0.236148224 GB 0.255852544 GB
0: Max memory allocated after optimizer step: 0.236148224 GB 0.255852544 GB
0: Max memory allocated after optimizer step: 0.236148224 GB 0.255852544 GB
0: Max memory allocated after optimizer step: 0.236148224 GB 0.255852544 GB
0: Max memory allocated after optimizer step: 0.236148224 GB 0.255852544 GB
0: Max memory allocated after optimizer step: 0.236148224 GB 0.255852544 GB
0: Max memory allocated after optimizer step: 0.236148224 GB 0.255852544 GB
0: Max memory allocated after optimizer step: 0.236148224 GB 0.255852544 GB
0: Max memory allocated after optimizer step: 0.236148224 GB 0.255852544 GB
0: Max memory allocated after optimizer step: 0.236148224 GB 0.255852544 GB
0: Max memory allocated after optimizer step: 0.236148224 GB 0.255852544 GB
0: Max memory allocated after optimizer step: 0.236148224 GB 0.255852544 GB
0: Max memory allocated after optimizer step: 0.236148224 GB 0.255852544 GB
0: Max memory allocated after optimizer step: 0.236148224 GB 0.255852544 GB
0: Max memory allocated after optimizer step: 0.236148224 GB 0.255852544 GB
0: Max memory allocated after optimizer step: 0.236148224 GB 0.255852544 GB
0: Max memory allocated after optimizer step: 0.236148224 GB 0.255852544 GB
0: Max memory allocated after optimizer step: 0.236148224 GB 0.255852544 GB
0: Max memory allocated after optimizer step: 0.236148224 GB 0.255852544 GB
0: Max memory allocated after optimizer step: 0.236148224 GB 0.255852544 GB
0: Max memory allocated after optimizer step: 0.236148224 GB 0.255852544 GB
0: Max memory allocated after optimizer step: 0.236148224 GB 0.255852544 GB
0: Max memory allocated after optimizer step: 0.236148224 GB 0.255852544 GB
0: Max memory allocated after optimizer step: 0.236148224 GB 0.255852544 GB
0: Max memory allocated after optimizer step: 0.236148224 GB 0.255852544 GB
0: Max memory allocated after optimizer step: 0.236148224 GB 0.255852544 GB
0: Max memory allocated after optimizer step: 0.236148224 GB 0.255852544 GB
0: Max memory allocated after optimizer step: 0.236148224 GB 0.255852544 GB
0: Max memory allocated after optimizer step: 0.236148224 GB 0.255852544 GB
0: Max memory allocated after optimizer step: 0.236148224 GB 0.255852544 GB
0: Max memory allocated after optimizer step: 0.236148224 GB 0.255852544 GB
0: Max memory allocated after optimizer step: 0.236148224 GB 0.255852544 GB
0: Max memory allocated after optimizer step: 0.236148224 GB 0.255852544 GB
0: Max memory allocated after optimizer step: 0.236148224 GB 0.255852544 GB
0: Max memory allocated after optimizer step: 0.236148224 GB 0.255852544 GB
0: Max memory allocated after optimizer step: 0.236148224 GB 0.255852544 GB
0: Max memory allocated after optimizer step: 0.236148224 GB 0.255852544 GB
0: Max memory allocated after optimizer step: 0.236148224 GB 0.255852544 GB
0: Max memory allocated after optimizer step: 0.236148224 GB 0.255852544 GB
0: Max memory allocated after optimizer step: 0.236148224 GB 0.255852544 GB
0: Max memory allocated after optimizer step: 0.236148224 GB 0.255852544 GB
0: Max memory allocated after optimizer step: 0.236148224 GB 0.255852544 GB
0: Max memory allocated after optimizer step: 0.236148224 GB 0.255852544 GB
0: Max memory allocated after optimizer step: 0.236148224 GB 0.255852544 GB
0: Max memory allocated after optimizer step: 0.236148224 GB 0.255852544 GB
0: Max memory allocated after optimizer step: 0.236148224 GB 0.255852544 GB
0: Max memory allocated after optimizer step: 0.236148224 GB 0.255852544 GB
0: Max memory allocated after optimizer step: 0.236148224 GB 0.255852544 GB
0: Max memory allocated after optimizer step: 0.236148224 GB 0.255852544 GB
0: Max memory allocated after optimizer step: 0.236148224 GB 0.255852544 GB
0: Max memory allocated after optimizer step: 0.236148224 GB 0.255852544 GB
0: Max memory allocated after optimizer step: 0.236148224 GB 0.255852544 GB
0: Max memory allocated after optimizer step: 0.236148224 GB 0.255852544 GB
0: Max memory allocated after optimizer step: 0.236148224 GB 0.255852544 GB
0: Max memory allocated after optimizer step: 0.236148224 GB 0.255852544 GB
0: Max memory allocated after optimizer step: 0.236148224 GB 0.255852544 GB
0: Max memory allocated after optimizer step: 0.236148224 GB 0.255852544 GB
0: Max memory allocated after optimizer step: 0.236148224 GB 0.255852544 GB
0: Max memory allocated after optimizer step: 0.236148224 GB 0.255852544 GB
0: Max memory allocated after optimizer step: 0.236148224 GB 0.255852544 GB
0: Max memory allocated after optimizer step: 0.236148224 GB 0.255852544 GB
0: Max memory allocated after optimizer step: 0.236148224 GB 0.255852544 GB
0: Max memory allocated after optimizer step: 0.236148224 GB 0.255852544 GB
0: Max memory allocated after optimizer step: 0.236148224 GB 0.255852544 GB
0: Max memory allocated after optimizer step: 0.236148224 GB 0.255852544 GB
0: Max memory allocated after optimizer step: 0.236148224 GB 0.255852544 GB
0: Max memory allocated after optimizer step: 0.236148224 GB 0.255852544 GB
0: Max memory allocated after optimizer step: 0.236148224 GB 0.255852544 GB
0: Max memory allocated after optimizer step: 0.236148224 GB 0.255852544 GB
0: Max memory allocated after optimizer step: 0.236148224 GB 0.255852544 GB
0: Max memory allocated after optimizer step: 0.236148224 GB 0.255852544 GB
0: Max memory allocated after optimizer step: 0.236148224 GB 0.255852544 GB
0: Max memory allocated after optimizer step: 0.236148224 GB 0.255852544 GB
0: Max memory allocated after optimizer step: 0.236148224 GB 0.255852544 GB
0: Max memory allocated after optimizer step: 0.236148224 GB 0.255852544 GB
0: Max memory allocated after optimizer step: 0.236148224 GB 0.255852544 GB
0: Max memory allocated after optimizer step: 0.236148224 GB 0.255852544 GB
0: Max memory allocated after optimizer step: 0.236148224 GB 0.255852544 GB
0: Max memory allocated after optimizer step: 0.236148224 GB 0.255852544 GB
0: Max memory allocated after optimizer step: 0.236148224 GB 0.255852544 GB
0: Max memory allocated after optimizer step: 0.236148224 GB 0.255852544 GB
0: Max memory allocated after optimizer step: 0.236148224 GB 0.255852544 GB
0: Max memory allocated after optimizer step: 0.236148224 GB 0.255852544 GB
0: Max memory allocated after optimizer step: 0.236148224 GB 0.255852544 GB
0: Max memory allocated after optimizer step: 0.236148224 GB 0.255852544 GB
0: Max memory allocated after optimizer step: 0.236148224 GB 0.255852544 GB
0: Max memory allocated after optimizer step: 0.236148224 GB 0.255852544 GB
0: Max memory allocated after optimizer step: 0.236148224 GB 0.255852544 GB
0: Max memory allocated after optimizer step: 0.236148224 GB 0.255852544 GB
0: Max memory allocated after optimizer step: 0.236148224 GB 0.255852544 GB
0: Max memory allocated after optimizer step: 0.236148224 GB 0.255852544 GB
0: Max memory allocated after optimizer step: 0.236148224 GB 0.255852544 GB
0: Max memory allocated after optimizer step: 0.236148224 GB 0.255852544 GB
0: Max memory allocated after optimizer step: 0.236148224 GB 0.255852544 GB
0: Max memory allocated after optimizer step: 0.236148224 GB 0.255852544 GB
0: Max memory allocated after optimizer step: 0.236148224 GB 0.255852544 GB
0: Max memory allocated after optimizer step: 0.236148224 GB 0.255852544 GB
0: Max memory allocated after optimizer step: 0.236148224 GB 0.255852544 GB
0: Max memory allocated after optimizer step: 0.236148224 GB 0.255852544 GB
0: Max memory allocated after optimizer step: 0.236148224 GB 0.255852544 GB
0: Max memory allocated after optimizer step: 0.236148224 GB 0.255852544 GB
0: Max memory allocated after optimizer step: 0.236148224 GB 0.255852544 GB
0: Max memory allocated after optimizer step: 0.236148224 GB 0.255852544 GB
0: Max memory allocated after optimizer step: 0.236148224 GB 0.255852544 GB
0: Max memory allocated after optimizer step: 0.236148224 GB 0.255852544 GB
0: Max memory allocated after optimizer step: 0.236148224 GB 0.255852544 GB
0: Max memory allocated after optimizer step: 0.236148224 GB 0.255852544 GB
0: Max memory allocated after optimizer step: 0.236148224 GB 0.255852544 GB
0: Max memory allocated after optimizer step: 0.236148224 GB 0.255852544 GB
0: Max memory allocated after optimizer step: 0.236148224 GB 0.255852544 GB
0: Max memory allocated after optimizer step: 0.236148224 GB 0.255852544 GB
0: Max memory allocated after optimizer step: 0.236148224 GB 0.255852544 GB
0: Max memory allocated after optimizer step: 0.236148224 GB 0.255852544 GB
0: Max memory allocated after optimizer step: 0.236148224 GB 0.255852544 GB
0: Max memory allocated after optimizer step: 0.236148224 GB 0.255852544 GB
0: Max memory allocated after optimizer step: 0.236148224 GB 0.255852544 GB
0: Max memory allocated after optimizer step: 0.236148224 GB 0.255852544 GB
0: Max memory allocated after optimizer step: 0.236148224 GB 0.255852544 GB
0: Max memory allocated after optimizer step: 0.236148224 GB 0.255852544 GB
0: Max memory allocated after optimizer step: 0.236148224 GB 0.255852544 GB
0: Max memory allocated after optimizer step: 0.236148224 GB 0.255852544 GB
0: Max memory allocated after optimizer step: 0.236148224 GB 0.255852544 GB
0: Max memory allocated after optimizer step: 0.236148224 GB 0.255852544 GB
0: Max memory allocated after optimizer step: 0.236148224 GB 0.255852544 GB
0: Max memory allocated after optimizer step: 0.236148224 GB 0.255852544 GB
0: Max memory allocated after optimizer step: 0.236148224 GB 0.255852544 GB
0: Max memory allocated after optimizer step: 0.236148224 GB 0.255852544 GB
0: Max memory allocated after optimizer step: 0.236148224 GB 0.255852544 GB
0: Max memory allocated after optimizer step: 0.236148224 GB 0.255852544 GB
0: Max memory allocated after optimizer step: 0.236148224 GB 0.255852544 GB
0: Max memory allocated after optimizer step: 0.236148224 GB 0.255852544 GB
0: Max memory allocated after optimizer step: 0.236148224 GB 0.255852544 GB
0: Max memory allocated after optimizer step: 0.236148224 GB 0.255852544 GB
0: Max memory allocated after optimizer step: 0.236148224 GB 0.255852544 GB
0: Max memory allocated after optimizer step: 0.236148224 GB 0.255852544 GB
0: Max memory allocated after optimizer step: 0.236148224 GB 0.255852544 GB
0: Max memory allocated after optimizer step: 0.236148224 GB 0.255852544 GB
0: Max memory allocated after optimizer step: 0.236148224 GB 0.255852544 GB
0: Max memory allocated after optimizer step: 0.236148224 GB 0.255852544 GB
0: Max memory allocated after optimizer step: 0.236148224 GB 0.255852544 GB
0: Max memory allocated after optimizer step: 0.236148224 GB 0.255852544 GB
0: Max memory allocated after optimizer step: 0.236148224 GB 0.255852544 GB
0: Max memory allocated after optimizer step: 0.236148224 GB 0.255852544 GB
0: Max memory allocated after optimizer step: 0.236148224 GB 0.255852544 GB
0: Max memory allocated after optimizer step: 0.236148224 GB 0.255852544 GB
0: Max memory allocated after optimizer step: 0.236148224 GB 0.255852544 GB
0: Max memory allocated after optimizer step: 0.236148224 GB 0.255852544 GB
0: Max memory allocated after optimizer step: 0.236148224 GB 0.255852544 GB
0: Max memory allocated after optimizer step: 0.236148224 GB 0.255852544 GB
0: Max memory allocated after optimizer step: 0.236148224 GB 0.255852544 GB
0: Max memory allocated after optimizer step: 0.236148224 GB 0.255852544 GB
0: Max memory allocated after optimizer step: 0.236148224 GB 0.255852544 GB
0: Max memory allocated after optimizer step: 0.236148224 GB 0.255852544 GB
0: Max memory allocated after optimizer step: 0.236148224 GB 0.255852544 GB
0: Max memory allocated after optimizer step: 0.236148224 GB 0.255852544 GB
0: Max memory allocated after optimizer step: 0.236148224 GB 0.255852544 GB
0: Max memory allocated after optimizer step: 0.236148224 GB 0.255852544 GB
0: Max memory allocated after optimizer step: 0.236148224 GB 0.255852544 GB
0: Max memory allocated after optimizer step: 0.236148224 GB 0.255852544 GB
0: Max memory allocated after optimizer step: 0.236148224 GB 0.255852544 GB
0: Max memory allocated after optimizer step: 0.236148224 GB 0.255852544 GB
0: Max memory allocated after optimizer step: 0.236148224 GB 0.255852544 GB
0: Max memory allocated after optimizer step: 0.236148224 GB 0.255852544 GB
0: Max memory allocated after optimizer step: 0.236148224 GB 0.255852544 GB
0: Max memory allocated after optimizer step: 0.236148224 GB 0.255852544 GB
0: Max memory allocated after optimizer step: 0.236148224 GB 0.255852544 GB
0: Max memory allocated after optimizer step: 0.236148224 GB 0.255852544 GB
0: Max memory allocated after optimizer step: 0.236148224 GB 0.255852544 GB
0: Max memory allocated after optimizer step: 0.236148224 GB 0.255852544 GB
0: Max memory allocated after optimizer step: 0.236148224 GB 0.255852544 GB
0: Max memory allocated after optimizer step: 0.236148224 GB 0.255852544 GB
0: Max memory allocated after optimizer step: 0.236148224 GB 0.255852544 GB
0: Max memory allocated after optimizer step: 0.236148224 GB 0.255852544 GB
0: Max memory allocated after optimizer step: 0.236148224 GB 0.255852544 GB
0: Max memory allocated after optimizer step: 0.236148224 GB 0.255852544 GB
0: Max memory allocated after optimizer step: 0.236148224 GB 0.255852544 GB
0: Max memory allocated after optimizer step: 0.236148224 GB 0.255852544 GB
0: Max memory allocated after optimizer step: 0.236148224 GB 0.255852544 GB
0: Max memory allocated after optimizer step: 0.236148224 GB 0.255852544 GB
0: Max memory allocated after optimizer step: 0.236148224 GB 0.255852544 GB
0: Max memory allocated after optimizer step: 0.236148224 GB 0.255852544 GB
0: Max memory allocated after optimizer step: 0.236148224 GB 0.255852544 GB
0: Max memory allocated after optimizer step: 0.236148224 GB 0.255852544 GB
0: Max memory allocated after optimizer step: 0.236148224 GB 0.255852544 GB
0: Max memory allocated after optimizer step: 0.236148224 GB 0.255852544 GB
0: Max memory allocated after optimizer step: 0.236148224 GB 0.255852544 GB
0: Max memory allocated after optimizer step: 0.236148224 GB 0.255852544 GB
0: Max memory allocated after optimizer step: 0.236148224 GB 0.255852544 GB
0: Max memory allocated after optimizer step: 0.236148224 GB 0.255852544 GB
0: Max memory allocated after optimizer step: 0.236148224 GB 0.255852544 GB
0: Max memory allocated after optimizer step: 0.236148224 GB 0.255852544 GB
0: Max memory allocated after optimizer step: 0.236148224 GB 0.255852544 GB
0: Max memory allocated after optimizer step: 0.236148224 GB 0.255852544 GB
0: Max memory allocated after optimizer step: 0.236148224 GB 0.255852544 GB
0: Max memory allocated after optimizer step: 0.236148224 GB 0.255852544 GB
0: Max memory allocated after optimizer step: 0.236148224 GB 0.255852544 GB
0: Max memory allocated after optimizer step: 0.236148224 GB 0.255852544 GB
0: Max memory allocated after optimizer step: 0.236148224 GB 0.255852544 GB
0: Max memory allocated after optimizer step: 0.236148224 GB 0.255852544 GB
0: Max memory allocated after optimizer step: 0.236148224 GB 0.255852544 GB
0: Max memory allocated after optimizer step: 0.236148224 GB 0.255852544 GB
0: Max memory allocated after optimizer step: 0.236148224 GB 0.255852544 GB
0: Max memory allocated after optimizer step: 0.236148224 GB 0.255852544 GB
0: Max memory allocated after optimizer step: 0.236148224 GB 0.255852544 GB
0: Max memory allocated after optimizer step: 0.236148224 GB 0.255852544 GB
0: Max memory allocated after optimizer step: 0.236148224 GB 0.255852544 GB
0: Max memory allocated after optimizer step: 0.236148224 GB 0.255852544 GB
0: Max memory allocated after optimizer step: 0.236148224 GB 0.255852544 GB
0: Max memory allocated after optimizer step: 0.236148224 GB 0.255852544 GB
0: Max memory allocated after optimizer step: 0.236148224 GB 0.255852544 GB
0: Max memory allocated after optimizer step: 0.236148224 GB 0.255852544 GB
0: Max memory allocated after optimizer step: 0.236148224 GB 0.255852544 GB
0: Max memory allocated after optimizer step: 0.236148224 GB 0.255852544 GB
0: Max memory allocated after optimizer step: 0.236148224 GB 0.255852544 GB
0: Max memory allocated after optimizer step: 0.236148224 GB 0.255852544 GB
0: Max memory allocated after optimizer step: 0.236148224 GB 0.255852544 GB
0: Max memory allocated after optimizer step: 0.236148224 GB 0.255852544 GB
0: Max memory allocated after optimizer step: 0.236148224 GB 0.255852544 GB
0: Max memory allocated after optimizer step: 0.236148224 GB 0.255852544 GB
0: Max memory allocated after optimizer step: 0.236148224 GB 0.255852544 GB
0: Max memory allocated after optimizer step: 0.236148224 GB 0.255852544 GB
0: Max memory allocated after optimizer step: 0.236148224 GB 0.255852544 GB
0: Max memory allocated after optimizer step: 0.236148224 GB 0.255852544 GB
0: Max memory allocated after optimizer step: 0.236148224 GB 0.255852544 GB
0: Max memory allocated after optimizer step: 0.236148224 GB 0.255852544 GB
0: Max memory allocated after optimizer step: 0.236148224 GB 0.255852544 GB
0: Max memory allocated after optimizer step: 0.236148224 GB 0.255852544 GB
0: Max memory allocated after optimizer step: 0.236148224 GB 0.255852544 GB
0: Max memory allocated after optimizer step: 0.236148224 GB 0.255852544 GB
0: Max memory allocated after optimizer step: 0.236148224 GB 0.255852544 GB
0: Max memory allocated after optimizer step: 0.236148224 GB 0.255852544 GB
0: Max memory allocated after optimizer step: 0.236148224 GB 0.255852544 GB
0: Max memory allocated after optimizer step: 0.236148224 GB 0.255852544 GB
0: Max memory allocated after optimizer step: 0.236148224 GB 0.255852544 GB
0: Max memory allocated after optimizer step: 0.236148224 GB 0.255852544 GB
0: Max memory allocated after optimizer step: 0.236148224 GB 0.255852544 GB
0: Max memory allocated after optimizer step: 0.236148224 GB 0.255852544 GB
0: Max memory allocated after optimizer step: 0.236148224 GB 0.255852544 GB
0: Max memory allocated after optimizer step: 0.236148224 GB 0.255852544 GB
0: Max memory allocated after optimizer step: 0.236148224 GB 0.255852544 GB
0: Max memory allocated after optimizer step: 0.236148224 GB 0.255852544 GB
0: Max memory allocated after optimizer step: 0.236148224 GB 0.255852544 GB
0: Max memory allocated after optimizer step: 0.236148224 GB 0.255852544 GB
0: Max memory allocated after optimizer step: 0.236148224 GB 0.255852544 GB
0: Max memory allocated after optimizer step: 0.236148224 GB 0.255852544 GB
0: Max memory allocated after optimizer step: 0.236148224 GB 0.255852544 GB
0: Max memory allocated after optimizer step: 0.236148224 GB 0.255852544 GB
0: Max memory allocated after optimizer step: 0.236148224 GB 0.255852544 GB
0: Max memory allocated after optimizer step: 0.236148224 GB 0.255852544 GB
0: Max memory allocated after optimizer step: 0.236148224 GB 0.255852544 GB
0: Max memory allocated after optimizer step: 0.236148224 GB 0.255852544 GB
0: Max memory allocated after optimizer step: 0.236148224 GB 0.255852544 GB
0: Max memory allocated after optimizer step: 0.236148224 GB 0.255852544 GB
0: Max memory allocated after optimizer step: 0.236148224 GB 0.255852544 GB
0: Max memory allocated after optimizer step: 0.236148224 GB 0.255852544 GB
0: Max memory allocated after optimizer step: 0.236148224 GB 0.255852544 GB
0: Max memory allocated after optimizer step: 0.236148224 GB 0.255852544 GB
0: Max memory allocated after optimizer step: 0.236148224 GB 0.255852544 GB
0: Max memory allocated after optimizer step: 0.236148224 GB 0.255852544 GB
0: Max memory allocated after optimizer step: 0.236148224 GB 0.255852544 GB
0: Max memory allocated after optimizer step: 0.236148224 GB 0.255852544 GB
0: Max memory allocated after optimizer step: 0.236148224 GB 0.255852544 GB
0: Max memory allocated after optimizer step: 0.236148224 GB 0.255852544 GB
0: Max memory allocated after optimizer step: 0.236148224 GB 0.255852544 GB
0: Max memory allocated after optimizer step: 0.236148224 GB 0.255852544 GB
0: Max memory allocated after optimizer step: 0.236148224 GB 0.255852544 GB
0: Max memory allocated after optimizer step: 0.236148224 GB 0.255852544 GB
0: Max memory allocated after optimizer step: 0.236148224 GB 0.255852544 GB
0: Max memory allocated after optimizer step: 0.236148224 GB 0.255852544 GB
0: Max memory allocated after optimizer step: 0.236148224 GB 0.255852544 GB
0: Max memory allocated after optimizer step: 0.236148224 GB 0.255852544 GB
0: Max memory allocated after optimizer step: 0.236148224 GB 0.255852544 GB
0: Max memory allocated after optimizer step: 0.236148224 GB 0.255852544 GB
0: Max memory allocated after optimizer step: 0.236148224 GB 0.255852544 GB
0: Max memory allocated after optimizer step: 0.236148224 GB 0.255852544 GB
0: Max memory allocated after optimizer step: 0.236148224 GB 0.255852544 GB
0: Max memory allocated after optimizer step: 0.236148224 GB 0.255852544 GB
0: Max memory allocated after optimizer step: 0.236148224 GB 0.255852544 GB
0: Max memory allocated after optimizer step: 0.236148224 GB 0.255852544 GB
0: Max memory allocated after optimizer step: 0.236148224 GB 0.255852544 GB
0: Max memory allocated after optimizer step: 0.236148224 GB 0.255852544 GB
0: Max memory allocated after optimizer step: 0.236148224 GB 0.255852544 GB
0: Max memory allocated after optimizer step: 0.236148224 GB 0.255852544 GB
0: Max memory allocated after optimizer step: 0.236148224 GB 0.255852544 GB
0: Max memory allocated after optimizer step: 0.236148224 GB 0.255852544 GB
0: Max memory allocated after optimizer step: 0.236148224 GB 0.255852544 GB
0: Max memory allocated after optimizer step: 0.236148224 GB 0.255852544 GB
0: Max memory allocated after optimizer step: 0.236148224 GB 0.255852544 GB
0: Max memory allocated after optimizer step: 0.236148224 GB 0.255852544 GB
0: Max memory allocated after optimizer step: 0.236148224 GB 0.255852544 GB
0: Max memory allocated after optimizer step: 0.236148224 GB 0.255852544 GB
0: Max memory allocated after optimizer step: 0.236148224 GB 0.255852544 GB
0: Max memory allocated after optimizer step: 0.236148224 GB 0.255852544 GB
0: Max memory allocated after optimizer step: 0.236148224 GB 0.255852544 GB
0: Max memory allocated after optimizer step: 0.236148224 GB 0.255852544 GB
0: Max memory allocated after optimizer step: 0.236148224 GB 0.255852544 GB
0: Max memory allocated after optimizer step: 0.236148224 GB 0.255852544 GB
0: Max memory allocated after optimizer step: 0.236148224 GB 0.255852544 GB
0: Max memory allocated after optimizer step: 0.236148224 GB 0.255852544 GB
0: Max memory allocated after optimizer step: 0.236148224 GB 0.255852544 GB
0: Max memory allocated after optimizer step: 0.236148224 GB 0.255852544 GB
0: Max memory allocated after optimizer step: 0.236148224 GB 0.255852544 GB
0: Max memory allocated after optimizer step: 0.236148224 GB 0.255852544 GB
0: Max memory allocated after optimizer step: 0.236148224 GB 0.255852544 GB
0: Max memory allocated after optimizer step: 0.236148224 GB 0.255852544 GB
0: Max memory allocated after optimizer step: 0.236148224 GB 0.255852544 GB
0: Max memory allocated after optimizer step: 0.236148224 GB 0.255852544 GB
0: Max memory allocated after optimizer step: 0.236148224 GB 0.255852544 GB
0: Max memory allocated after optimizer step: 0.236148224 GB 0.255852544 GB
0: Max memory allocated after optimizer step: 0.236148224 GB 0.255852544 GB
0: Max memory allocated after optimizer step: 0.236148224 GB 0.255852544 GB
0: Max memory allocated after optimizer step: 0.236148224 GB 0.255852544 GB
0: Max memory allocated after optimizer step: 0.236148224 GB 0.255852544 GB
0: Max memory allocated after optimizer step: 0.236148224 GB 0.255852544 GB
0: Max memory allocated after optimizer step: 0.236148224 GB 0.255852544 GB
0: Max memory allocated after optimizer step: 0.236148224 GB 0.255852544 GB
0: Max memory allocated after optimizer step: 0.236148224 GB 0.255852544 GB
0: Max memory allocated after optimizer step: 0.236148224 GB 0.255852544 GB
0: Max memory allocated after optimizer step: 0.236148224 GB 0.255852544 GB
0: Max memory allocated after optimizer step: 0.236148224 GB 0.255852544 GB
0: Max memory allocated after optimizer step: 0.236148224 GB 0.255852544 GB
0: Max memory allocated after optimizer step: 0.236148224 GB 0.255852544 GB
0: Max memory allocated after optimizer step: 0.236148224 GB 0.255852544 GB
0: Max memory allocated after optimizer step: 0.236148224 GB 0.255852544 GB
0: Max memory allocated after optimizer step: 0.236148224 GB 0.255852544 GB
0: Max memory allocated after optimizer step: 0.236148224 GB 0.255852544 GB
0: Max memory allocated after optimizer step: 0.236148224 GB 0.255852544 GB
0: Max memory allocated after optimizer step: 0.236148224 GB 0.255852544 GB
0: Max memory allocated after optimizer step: 0.236148224 GB 0.255852544 GB
0: Max memory allocated after optimizer step: 0.236148224 GB 0.255852544 GB
0: Max memory allocated after optimizer step: 0.236148224 GB 0.255852544 GB
0: Max memory allocated after optimizer step: 0.236148224 GB 0.255852544 GB
0: Max memory allocated after optimizer step: 0.236148224 GB 0.255852544 GB
0: Max memory allocated after optimizer step: 0.236148224 GB 0.255852544 GB
0: Max memory allocated after optimizer step: 0.236148224 GB 0.255852544 GB
0: Max memory allocated after optimizer step: 0.236148224 GB 0.255852544 GB
0: Max memory allocated after optimizer step: 0.236148224 GB 0.255852544 GB
0: Max memory allocated after optimizer step: 0.236148224 GB 0.255852544 GB
0: Max memory allocated after optimizer step: 0.236148224 GB 0.255852544 GB
0: Max memory allocated after optimizer step: 0.236148224 GB 0.255852544 GB
0: Max memory allocated after optimizer step: 0.236148224 GB 0.255852544 GB
0: Max memory allocated after optimizer step: 0.236148224 GB 0.255852544 GB
0: Max memory allocated after optimizer step: 0.236148224 GB 0.255852544 GB
0: Max memory allocated after optimizer step: 0.236148224 GB 0.255852544 GB
0: Max memory allocated after optimizer step: 0.236148224 GB 0.255852544 GB
0: Max memory allocated after optimizer step: 0.236148224 GB 0.255852544 GB
0: Max memory allocated after optimizer step: 0.236148224 GB 0.255852544 GB
0: Max memory allocated after optimizer step: 0.236148224 GB 0.255852544 GB
0: Max memory allocated after optimizer step: 0.236148224 GB 0.255852544 GB
0: Max memory allocated after optimizer step: 0.236148224 GB 0.255852544 GB
0: Max memory allocated after optimizer step: 0.236148224 GB 0.255852544 GB
0: Max memory allocated after optimizer step: 0.236148224 GB 0.255852544 GB
0: Max memory allocated after optimizer step: 0.236148224 GB 0.255852544 GB
0: Max memory allocated after optimizer step: 0.236148224 GB 0.255852544 GB
0: Max memory allocated after optimizer step: 0.236148224 GB 0.255852544 GB
0: Max memory allocated after optimizer step: 0.236148224 GB 0.255852544 GB
0: Max memory allocated after optimizer step: 0.236148224 GB 0.255852544 GB
0: Max memory allocated after optimizer step: 0.236148224 GB 0.255852544 GB
0: Max memory allocated after optimizer step: 0.236148224 GB 0.255852544 GB
0: Max memory allocated after optimizer step: 0.236148224 GB 0.255852544 GB
0: Max memory allocated after optimizer step: 0.236148224 GB 0.255852544 GB
0: Max memory allocated after optimizer step: 0.236148224 GB 0.255852544 GB
0: Max memory allocated after optimizer step: 0.236148224 GB 0.255852544 GB
0: Max memory allocated after optimizer step: 0.236148224 GB 0.255852544 GB
0: Max memory allocated after optimizer step: 0.236148224 GB 0.255852544 GB
0: Max memory allocated after optimizer step: 0.236148224 GB 0.255852544 GB
0: Max memory allocated after optimizer step: 0.236148224 GB 0.255852544 GB
0: Max memory allocated after optimizer step: 0.236148224 GB 0.255852544 GB
0: Max memory allocated after optimizer step: 0.236148224 GB 0.255852544 GB
0: Max memory allocated after optimizer step: 0.236148224 GB 0.255852544 GB
0: Max memory allocated after optimizer step: 0.236148224 GB 0.255852544 GB
0: Max memory allocated after optimizer step: 0.236148224 GB 0.255852544 GB
0: Max memory allocated after optimizer step: 0.236148224 GB 0.255852544 GB
0: Max memory allocated after optimizer step: 0.236148224 GB 0.255852544 GB
0: Max memory allocated after optimizer step: 0.236148224 GB 0.255852544 GB
0: Max memory allocated after optimizer step: 0.236148224 GB 0.255852544 GB
0: Max memory allocated after optimizer step: 0.236148224 GB 0.255852544 GB
0: Max memory allocated after optimizer step: 0.236148224 GB 0.255852544 GB
0: Max memory allocated after optimizer step: 0.236148224 GB 0.255852544 GB
0: Max memory allocated after optimizer step: 0.236148224 GB 0.255852544 GB
0: Max memory allocated after optimizer step: 0.236148224 GB 0.255852544 GB
0: Max memory allocated after optimizer step: 0.236148224 GB 0.255852544 GB
0: Max memory allocated after optimizer step: 0.236148224 GB 0.255852544 GB
0: Max memory allocated after optimizer step: 0.236148224 GB 0.255852544 GB
0: Max memory allocated after optimizer step: 0.236148224 GB 0.255852544 GB
0: Max memory allocated after optimizer step: 0.236148224 GB 0.255852544 GB
0: Max memory allocated after optimizer step: 0.236148224 GB 0.255852544 GB
0: Max memory allocated after optimizer step: 0.236148224 GB 0.255852544 GB
0: Max memory allocated after optimizer step: 0.236148224 GB 0.255852544 GB
0: Max memory allocated after optimizer step: 0.236148224 GB 0.255852544 GB
0: Max memory allocated after optimizer step: 0.236148224 GB 0.255852544 GB
0: Max memory allocated after optimizer step: 0.236148224 GB 0.255852544 GB
0: Max memory allocated after optimizer step: 0.236148224 GB 0.255852544 GB
0: Max memory allocated after optimizer step: 0.236148224 GB 0.255852544 GB
0: Max memory allocated after optimizer step: 0.236148224 GB 0.255852544 GB
0: Max memory allocated after optimizer step: 0.236148224 GB 0.255852544 GB
0: Max memory allocated after optimizer step: 0.236148224 GB 0.255852544 GB
0: Max memory allocated after optimizer step: 0.236148224 GB 0.255852544 GB
0: Max memory allocated after optimizer step: 0.236148224 GB 0.255852544 GB
0: Max memory allocated after optimizer step: 0.236148224 GB 0.255852544 GB
0: Max memory allocated after optimizer step: 0.236148224 GB 0.255852544 GB
0: Max memory allocated after optimizer step: 0.236148224 GB 0.255852544 GB
0: Max memory allocated after optimizer step: 0.236148224 GB 0.255852544 GB
0: Max memory allocated after optimizer step: 0.236148224 GB 0.255852544 GB
0: Max memory allocated after optimizer step: 0.236148224 GB 0.255852544 GB
0: Max memory allocated after optimizer step: 0.236148224 GB 0.255852544 GB
0: Max memory allocated after optimizer step: 0.236148224 GB 0.255852544 GB
0: Max memory allocated after optimizer step: 0.236148224 GB 0.255852544 GB
0: Max memory allocated after optimizer step: 0.236148224 GB 0.255852544 GB
0: Max memory allocated after optimizer step: 0.236148224 GB 0.255852544 GB
0: Max memory allocated after optimizer step: 0.236148224 GB 0.255852544 GB
0: Max memory allocated after optimizer step: 0.236148224 GB 0.255852544 GB
0: Epoch: 01, Train Loss: 0.01244241, Val Loss: 0.04036669, Test Loss: 0.03140960
0: Tasks Train Loss: [0.004691245034337044]
0: Tasks Val Loss: [0.021278096362948418]
0: Tasks Test Loss: [0.021282730624079704]
0: Creating Checkpoint: 0.040367
0: Best Performance Metric: 0.040367
[diag][rank 0][627473.498] Exited train_validate_test
0: LossBreakdown epoch=01  data_driven_mse=0.00638348  curriculum_scale=1.00000000  physics_penalty_total=0.00843181  raw_voltage_bound=0.00088485
0: Process 0 - Local timer:  train_validate_test  :  273.23
0: Process 0 - Local timer:  create_model  :  0.16
0: Minimum timers: 
0: train_validate_test  :  273.23
0: create_model  :  0.16
0: Maximum timers: 
0: train_validate_test  :  273.29
0: create_model  :  0.16
0: Average timers: 
0: train_validate_test  :  273.28
0: create_model  :  0.16
0: Number of calls to timers: 
0: {'create_model': 1, 'train_validate_test': 1}
