Running "module reset". Resetting modules to system default. The following $MODULEPATH directories have been removed: None
-------------------------------------------------------------------------------
There are messages associated with the following module(s):
-------------------------------------------------------------------------------

DefApps:
   ROCm/5.x modules and HPE/Cray Programming Environment (CPE) versions <=
   23.12 were removed on July 1, 2026. For more information regarding the
   removal, please see https://docs.olcf.ornl.gov/software/software-news.html#frontier-software-changes-july-1-2026

-------------------------------------------------------------------------------


The following have been reloaded with a version change:
  1) PrgEnv-cray/8.6.0 => PrgEnv-cray/8.5.0
  2) cce/18.0.1 => cce/18.0.0
  3) cray-libsci/24.11.0 => cray-libsci/24.07.0
  4) cray-mpich/8.1.31 => cray-mpich/8.1.30
  5) cray-pmi/6.1.15 => cray-pmi/6.1.15.21
  6) craype/2.7.33 => craype/2.7.32
  7) darshan-runtime/3.4.6-mpi => darshan-runtime/3.4.4-mpi
  8) perftools-base/24.11.0 => perftools-base/24.07.0

Lmod Warning:
================================================================================

    Mixed compiler modules are being deprecated in a future release.
    For more information run: module help amd-mixed

================================================================================


While processing the following module(s):
    Module fullname  Module Filename
    ---------------  ---------------
    amd-mixed/7.1.1  /opt/cray/pe/lmod/modulefiles/mix_compilers/amd-mixed/7.1.1.lua


Lmod is automatically replacing "cce/18.0.0" with "gcc-native/13.2".


Lmod is automatically replacing "PrgEnv-cray/8.5.0" with "PrgEnv-gnu/8.5.0".

Lmod Warning:
================================================================================

    Mixed compiler modules are being deprecated in a future release.
    For more information run: module help amd-mixed

================================================================================


While processing the following module(s):
    Module fullname  Module Filename
    ---------------  ---------------
    amd-mixed/7.1.1  /opt/cray/pe/lmod/modulefiles/mix_compilers/amd-mixed/7.1.1.lua


Due to MODULEPATH changes, the following have been reloaded:
  1) cray-libsci/24.07.0     2) cray-mpich/8.1.30     3) darshan-runtime/3.4.4-mpi

Lmod Warning:
================================================================================

    Mixed compiler modules are being deprecated in a future release.
    For more information run: module help amd-mixed

================================================================================


While processing the following module(s):
    Module fullname  Module Filename
    ---------------  ---------------
    amd-mixed/7.1.1  /opt/cray/pe/lmod/modulefiles/mix_compilers/amd-mixed/7.1.1.lua

/lustre/orion/lrn070/proj-shared/ndelingat/HydraGNN/installation_DOE_supercomputers/HydraGNN-Installation-Frontier/hydragnn_venv/bin/python3.11
2.10.2 /lustre/orion/lrn070/proj-shared/ndelingat/HydraGNN/installation_DOE_supercomputers/HydraGNN-Installation-Frontier/hydragnn_venv/lib/python3.11/site-packages/adios2/__init__.py
2.12.1+rocm7.1 /lustre/orion/lrn070/proj-shared/ndelingat/HydraGNN/installation_DOE_supercomputers/HydraGNN-Installation-Frontier/hydragnn_venv/lib/python3.11/site-packages/torch/__init__.py

Note: the module "darshan-runtime" cannot be unloaded because it was not
loaded.

Lmod Warning:
================================================================================

    Mixed compiler modules are being deprecated in a future release.
    For more information run: module help amd-mixed

================================================================================


While processing the following module(s):
    Module fullname  Module Filename
    ---------------  ---------------
    amd-mixed/7.1.1  /opt/cray/pe/lmod/modulefiles/mix_compilers/amd-mixed/7.1.1.lua


Currently Loaded Modules:
  1) craype-x86-trento                13) rocm/7.1.1
  2) libfabric/2.3.1                  14) amd-mixed/7.1.1
  3) craype-network-ofi               15) craype-accel-amd-gfx90a
  4) xpmem/1.0.1-1.5_1_gfb6998056825  16) gcc-native/13.2
  5) Core/25.03                       17) craype/2.7.32
  6) tmux/3.4                         18) cray-dsmml/0.3.0
  7) hsi/default                      19) cray-mpich/8.1.30
  8) lfs-wrapper/0.0.1                20) cray-libsci/24.07.0
  9) DefApps                          21) PrgEnv-gnu/8.5.0
 10) cray-pmi/6.1.15.21               22) miniforge3/23.11.0-0
 11) perftools-base/24.07.0           23) git-lfs/3.5.1
 12) cpe/24.07

 

/opt/rocm-7.1.1/lib
/opt/rocm-7.1.1/llvm/lib
/opt/rocm-7.1.1/lib/roctracer
/opt/rocm-7.1.1/lib/rocprofiler
/opt/cray/pe/papi/7.1.0.2/lib64
/opt/cray/libfabric/2.3.1/lib64
PE_PRODUCT_LIST=CRAYPE:CRAY_PMI:CRAYPE_X86_TRENTO:PERFTOOLS:CRAYPAT:CRAY_ROCM:CRAY_ACCEL
ROCM_PATH=/opt/rocm-7.1.1
CRAY_ROCM_POST_LINK_OPTS= -L/opt/rocm-7.1.1/lib -L/opt/rocm-7.1.1/lib/rocprofiler -L/opt/rocm-7.1.1/lib/roctracer -lamdhip64
CRAY_ROCM_PREFIX=/opt/rocm-7.1.1
CRAY_ROCM_DIR=/opt/rocm-7.1.1
CRAY_ROCM_VERSION=7.1.1
CRAY_ROCM_INCLUDE_OPTS=-I/opt/rocm-7.1.1/include -I/opt/rocm-7.1.1/include/rocprofiler -I/opt/rocm-7.1.1/include/roctracer -I/opt/rocm-7.1.1/include/hip -D__HIP_PLATFORM_AMD__
__LMOD_REF_COUNT_PE_PRODUCT_LIST=CRAYPE:1;CRAY_PMI:1;CRAYPE_X86_TRENTO:1;PERFTOOLS:1;CRAYPAT:1;CRAY_ROCM:1;CRAY_ACCEL:1
MINICOM=-c on
MPICH_OFI_NIC_POLICY=NUMA
MPICH_DIR=/opt/cray/pe/mpich/8.1.30/ofi/gnu/12.3
HYDRA_LAUNCHER_EXTRA_ARGS=--external-launcher
HYDRA_BOOTSTRAP=slurm
/lustre/orion/lrn070/proj-shared/ndelingat/HydraGNN/installation_DOE_supercomputers/HydraGNN-Installation-Frontier/hydragnn_venv/bin/python3.11
1.26.4

============================================================
 HydraGNN oversmoothing array training
 Array task  : 0 / 2
 Config      : oversmoothing_configs/15_heterosage_attention_only_gps.json
 Run name    : 15_heterosage_attention_only_gps-5038357-0
 Case        : pglib_opf_case14_ieee
 Nodes       : 2
 GPUs/ranks  : 16
 Epochs      : 2
 Batch size  : 32
============================================================

WARNING: All log messages before absl::InitializeLog() is called are written to STDERR
I0000 00:00:1784574359.046850  428652 cudart_stub.cc:31] Could not find cuda drivers on your machine, GPU will not be used.
WARNING: All log messages before absl::InitializeLog() is called are written to STDERR
I0000 00:00:1784574359.046854  428653 cudart_stub.cc:31] Could not find cuda drivers on your machine, GPU will not be used.
WARNING: All log messages before absl::InitializeLog() is called are written to STDERR
I0000 00:00:1784574359.046876  428654 cudart_stub.cc:31] Could not find cuda drivers on your machine, GPU will not be used.
WARNING: All log messages before absl::InitializeLog() is called are written to STDERR
I0000 00:00:1784574359.046868  428655 cudart_stub.cc:31] Could not find cuda drivers on your machine, GPU will not be used.
WARNING: All log messages before absl::InitializeLog() is called are written to STDERR
I0000 00:00:1784574359.046892  428656 cudart_stub.cc:31] Could not find cuda drivers on your machine, GPU will not be used.
WARNING: All log messages before absl::InitializeLog() is called are written to STDERR
I0000 00:00:1784574359.046857  428657 cudart_stub.cc:31] Could not find cuda drivers on your machine, GPU will not be used.
WARNING: All log messages before absl::InitializeLog() is called are written to STDERR
I0000 00:00:1784574359.046878  428650 cudart_stub.cc:31] Could not find cuda drivers on your machine, GPU will not be used.
WARNING: All log messages before absl::InitializeLog() is called are written to STDERR
I0000 00:00:1784574359.046895  428651 cudart_stub.cc:31] Could not find cuda drivers on your machine, GPU will not be used.
I0000 00:00:1784574360.056542  428650 cpu_feature_guard.cc:227] This TensorFlow binary is optimized to use available CPU instructions in performance-critical operations.
To enable the following instructions: AVX2 FMA, in other operations, rebuild TensorFlow with the appropriate compiler flags.
I0000 00:00:1784574360.056556  428651 cpu_feature_guard.cc:227] This TensorFlow binary is optimized to use available CPU instructions in performance-critical operations.
To enable the following instructions: AVX2 FMA, in other operations, rebuild TensorFlow with the appropriate compiler flags.
I0000 00:00:1784574360.056530  428652 cpu_feature_guard.cc:227] This TensorFlow binary is optimized to use available CPU instructions in performance-critical operations.
To enable the following instructions: AVX2 FMA, in other operations, rebuild TensorFlow with the appropriate compiler flags.
I0000 00:00:1784574360.056554  428653 cpu_feature_guard.cc:227] This TensorFlow binary is optimized to use available CPU instructions in performance-critical operations.
To enable the following instructions: AVX2 FMA, in other operations, rebuild TensorFlow with the appropriate compiler flags.
I0000 00:00:1784574360.056542  428657 cpu_feature_guard.cc:227] This TensorFlow binary is optimized to use available CPU instructions in performance-critical operations.
To enable the following instructions: AVX2 FMA, in other operations, rebuild TensorFlow with the appropriate compiler flags.
I0000 00:00:1784574360.056561  428654 cpu_feature_guard.cc:227] This TensorFlow binary is optimized to use available CPU instructions in performance-critical operations.
To enable the following instructions: AVX2 FMA, in other operations, rebuild TensorFlow with the appropriate compiler flags.
I0000 00:00:1784574360.056563  428655 cpu_feature_guard.cc:227] This TensorFlow binary is optimized to use available CPU instructions in performance-critical operations.
To enable the following instructions: AVX2 FMA, in other operations, rebuild TensorFlow with the appropriate compiler flags.
I0000 00:00:1784574360.056568  428656 cpu_feature_guard.cc:227] This TensorFlow binary is optimized to use available CPU instructions in performance-critical operations.
To enable the following instructions: AVX2 FMA, in other operations, rebuild TensorFlow with the appropriate compiler flags.
WARNING: All log messages before absl::InitializeLog() is called are written to STDERR
I0000 00:00:1784574360.808610 4058261 cudart_stub.cc:31] Could not find cuda drivers on your machine, GPU will not be used.
WARNING: All log messages before absl::InitializeLog() is called are written to STDERR
I0000 00:00:1784574360.808566 4058263 cudart_stub.cc:31] Could not find cuda drivers on your machine, GPU will not be used.
WARNING: All log messages before absl::InitializeLog() is called are written to STDERR
I0000 00:00:1784574360.808586 4058264 cudart_stub.cc:31] Could not find cuda drivers on your machine, GPU will not be used.
WARNING: All log messages before absl::InitializeLog() is called are written to STDERR
I0000 00:00:1784574360.808604 4058267 cudart_stub.cc:31] Could not find cuda drivers on your machine, GPU will not be used.
WARNING: All log messages before absl::InitializeLog() is called are written to STDERR
I0000 00:00:1784574360.808611 4058262 cudart_stub.cc:31] Could not find cuda drivers on your machine, GPU will not be used.
WARNING: All log messages before absl::InitializeLog() is called are written to STDERR
I0000 00:00:1784574360.808597 4058265 cudart_stub.cc:31] Could not find cuda drivers on your machine, GPU will not be used.
WARNING: All log messages before absl::InitializeLog() is called are written to STDERR
I0000 00:00:1784574360.808607 4058266 cudart_stub.cc:31] Could not find cuda drivers on your machine, GPU will not be used.
WARNING: All log messages before absl::InitializeLog() is called are written to STDERR
I0000 00:00:1784574360.808576 4058268 cudart_stub.cc:31] Could not find cuda drivers on your machine, GPU will not be used.
I0000 00:00:1784574361.142517 4058263 cpu_feature_guard.cc:227] This TensorFlow binary is optimized to use available CPU instructions in performance-critical operations.
To enable the following instructions: AVX2 FMA, in other operations, rebuild TensorFlow with the appropriate compiler flags.
I0000 00:00:1784574361.142527 4058264 cpu_feature_guard.cc:227] This TensorFlow binary is optimized to use available CPU instructions in performance-critical operations.
To enable the following instructions: AVX2 FMA, in other operations, rebuild TensorFlow with the appropriate compiler flags.
I0000 00:00:1784574361.142540 4058265 cpu_feature_guard.cc:227] This TensorFlow binary is optimized to use available CPU instructions in performance-critical operations.
To enable the following instructions: AVX2 FMA, in other operations, rebuild TensorFlow with the appropriate compiler flags.
I0000 00:00:1784574361.142535 4058268 cpu_feature_guard.cc:227] This TensorFlow binary is optimized to use available CPU instructions in performance-critical operations.
To enable the following instructions: AVX2 FMA, in other operations, rebuild TensorFlow with the appropriate compiler flags.
I0000 00:00:1784574361.142561 4058261 cpu_feature_guard.cc:227] This TensorFlow binary is optimized to use available CPU instructions in performance-critical operations.
To enable the following instructions: AVX2 FMA, in other operations, rebuild TensorFlow with the appropriate compiler flags.
I0000 00:00:1784574361.142557 4058262 cpu_feature_guard.cc:227] This TensorFlow binary is optimized to use available CPU instructions in performance-critical operations.
To enable the following instructions: AVX2 FMA, in other operations, rebuild TensorFlow with the appropriate compiler flags.
I0000 00:00:1784574361.142567 4058266 cpu_feature_guard.cc:227] This TensorFlow binary is optimized to use available CPU instructions in performance-critical operations.
To enable the following instructions: AVX2 FMA, in other operations, rebuild TensorFlow with the appropriate compiler flags.
I0000 00:00:1784574361.142546 4058267 cpu_feature_guard.cc:227] This TensorFlow binary is optimized to use available CPU instructions in performance-critical operations.
To enable the following instructions: AVX2 FMA, in other operations, rebuild TensorFlow with the appropriate compiler flags.
WARNING: All log messages before absl::InitializeLog() is called are written to STDERR
I0000 00:00:1784574363.878634  428650 cudart_stub.cc:31] Could not find cuda drivers on your machine, GPU will not be used.
WARNING: All log messages before absl::InitializeLog() is called are written to STDERR
I0000 00:00:1784574363.878667  428651 cudart_stub.cc:31] Could not find cuda drivers on your machine, GPU will not be used.
WARNING: All log messages before absl::InitializeLog() is called are written to STDERR
I0000 00:00:1784574363.878682  428652 cudart_stub.cc:31] Could not find cuda drivers on your machine, GPU will not be used.
WARNING: All log messages before absl::InitializeLog() is called are written to STDERR
I0000 00:00:1784574363.878617  428653 cudart_stub.cc:31] Could not find cuda drivers on your machine, GPU will not be used.
WARNING: All log messages before absl::InitializeLog() is called are written to STDERR
I0000 00:00:1784574363.878706  428654 cudart_stub.cc:31] Could not find cuda drivers on your machine, GPU will not be used.
WARNING: All log messages before absl::InitializeLog() is called are written to STDERR
I0000 00:00:1784574363.878690  428655 cudart_stub.cc:31] Could not find cuda drivers on your machine, GPU will not be used.
WARNING: All log messages before absl::InitializeLog() is called are written to STDERR
I0000 00:00:1784574363.878645  428656 cudart_stub.cc:31] Could not find cuda drivers on your machine, GPU will not be used.
WARNING: All log messages before absl::InitializeLog() is called are written to STDERR
I0000 00:00:1784574363.878711  428657 cudart_stub.cc:31] Could not find cuda drivers on your machine, GPU will not be used.
WARNING: All log messages before absl::InitializeLog() is called are written to STDERR
I0000 00:00:1784574364.509507 4058261 cudart_stub.cc:31] Could not find cuda drivers on your machine, GPU will not be used.
WARNING: All log messages before absl::InitializeLog() is called are written to STDERR
I0000 00:00:1784574364.509517 4058263 cudart_stub.cc:31] Could not find cuda drivers on your machine, GPU will not be used.
WARNING: All log messages before absl::InitializeLog() is called are written to STDERR
I0000 00:00:1784574364.509504 4058264 cudart_stub.cc:31] Could not find cuda drivers on your machine, GPU will not be used.
WARNING: All log messages before absl::InitializeLog() is called are written to STDERR
I0000 00:00:1784574364.509491 4058265 cudart_stub.cc:31] Could not find cuda drivers on your machine, GPU will not be used.
WARNING: All log messages before absl::InitializeLog() is called are written to STDERR
I0000 00:00:1784574364.509512 4058267 cudart_stub.cc:31] Could not find cuda drivers on your machine, GPU will not be used.
WARNING: All log messages before absl::InitializeLog() is called are written to STDERR
I0000 00:00:1784574364.509530 4058268 cudart_stub.cc:31] Could not find cuda drivers on your machine, GPU will not be used.
WARNING: All log messages before absl::InitializeLog() is called are written to STDERR
I0000 00:00:1784574364.509611 4058262 cudart_stub.cc:31] Could not find cuda drivers on your machine, GPU will not be used.
WARNING: All log messages before absl::InitializeLog() is called are written to STDERR
I0000 00:00:1784574364.509603 4058266 cudart_stub.cc:31] Could not find cuda drivers on your machine, GPU will not be used.
Distributed data parallel: nccl master at 10.128.112.132:48358
[W720 15:06:07.075335780 socket.cpp:764] [c10d] The client socket cannot be initialized to connect to [frontier07196.frontier.olcf.ornl.gov]:48358 (errno: 97 - Address family not supported by protocol).
[W720 15:06:07.075356310 socket.cpp:764] [c10d] The client socket cannot be initialized to connect to [frontier07196.frontier.olcf.ornl.gov]:48358 (errno: 97 - Address family not supported by protocol).
[W720 15:06:07.075352031 socket.cpp:764] [c10d] The client socket cannot be initialized to connect to [frontier07196.frontier.olcf.ornl.gov]:48358 (errno: 97 - Address family not supported by protocol).
[W720 15:06:07.078232418 socket.cpp:764] [c10d] The client socket cannot be initialized to connect to [frontier07196.frontier.olcf.ornl.gov]:48358 (errno: 97 - Address family not supported by protocol).
[W720 15:06:07.082087409 socket.cpp:764] [c10d] The client socket cannot be initialized to connect to [frontier07196.frontier.olcf.ornl.gov]:48358 (errno: 97 - Address family not supported by protocol).
[W720 15:06:07.082903726 socket.cpp:764] [c10d] The client socket cannot be initialized to connect to [frontier07196.frontier.olcf.ornl.gov]:48358 (errno: 97 - Address family not supported by protocol).
[W720 15:06:07.082884108 socket.cpp:764] [c10d] The client socket cannot be initialized to connect to [frontier07196.frontier.olcf.ornl.gov]:48358 (errno: 97 - Address family not supported by protocol).
[W720 15:06:07.088586179 socket.cpp:764] [c10d] The client socket cannot be initialized to connect to [frontier07196.frontier.olcf.ornl.gov]:48358 (errno: 97 - Address family not supported by protocol).
INFO (rank 3): trainset,valset,testset size: 270000 15000 15000
INFO (rank 4): trainset,valset,testset size: 270000 15000 15000
INFO (rank 6): trainset,valset,testset size: 270000 15000 15000
[W720 15:06:07.135391427 socket.cpp:764] [c10d] The client socket cannot be initialized to connect to [frontier07196.frontier.olcf.ornl.gov]:48358 (errno: 97 - Address family not supported by protocol).
[W720 15:06:07.135386888 socket.cpp:764] [c10d] The client socket cannot be initialized to connect to [frontier07196.frontier.olcf.ornl.gov]:48358 (errno: 97 - Address family not supported by protocol).
[W720 15:06:07.135379193 socket.cpp:764] [c10d] The client socket cannot be initialized to connect to [frontier07196.frontier.olcf.ornl.gov]:48358 (errno: 97 - Address family not supported by protocol).
[W720 15:06:07.135367892 socket.cpp:764] [c10d] The client socket cannot be initialized to connect to [frontier07196.frontier.olcf.ornl.gov]:48358 (errno: 97 - Address family not supported by protocol).
[W720 15:06:07.138708161 socket.cpp:764] [c10d] The client socket cannot be initialized to connect to [frontier07196.frontier.olcf.ornl.gov]:48358 (errno: 97 - Address family not supported by protocol).
[W720 15:06:07.141880305 socket.cpp:764] [c10d] The client socket cannot be initialized to connect to [frontier07196.frontier.olcf.ornl.gov]:48358 (errno: 97 - Address family not supported by protocol).
[W720 15:06:07.143576861 socket.cpp:764] [c10d] The client socket cannot be initialized to connect to [frontier07196.frontier.olcf.ornl.gov]:48358 (errno: 97 - Address family not supported by protocol).
[W720 15:06:07.143931328 socket.cpp:764] [c10d] The client socket cannot be initialized to connect to [frontier07196.frontier.olcf.ornl.gov]:48358 (errno: 97 - Address family not supported by protocol).
INFO (rank 9): trainset,valset,testset size: 270000 15000 15000
INFO (rank 11): trainset,valset,testset size: 270000 15000 15000
INFO (rank 13): trainset,valset,testset size: 270000 15000 15000
INFO (rank 12): trainset,valset,testset size: 270000 15000 15000
INFO (rank 14): trainset,valset,testset size: 270000 15000 15000
INFO (rank 15): trainset,valset,testset size: 270000 15000 15000
INFO (rank 10): trainset,valset,testset size: 270000 15000 15000
INFO (rank 8): trainset,valset,testset size: 270000 15000 15000
INFO (rank 7): trainset,valset,testset size: 270000 15000 15000
INFO (rank 2): trainset,valset,testset size: 270000 15000 15000
INFO (rank 1): trainset,valset,testset size: 270000 15000 15000
INFO (rank 5): trainset,valset,testset size: 270000 15000 15000
INFO (rank 0): HDF5 training mode: skipping OPF case discovery/download/split preparation.
INFO (rank 0): trainset,valset,testset size: 270000 15000 15000
0: Using GPU
Using FSDP: False Version: 1 Sharding: ShardingStrategy.FULL_SHARD
Using FSDP: False Version: 1 Sharding: ShardingStrategy.FULL_SHARD
Using FSDP: False Version: 1 Sharding: ShardingStrategy.FULL_SHARD
Using FSDP: False Version: 1 Sharding: ShardingStrategy.FULL_SHARD
Using FSDP: False Version: 1 Sharding: ShardingStrategy.FULL_SHARD
Using FSDP: False Version: 1 Sharding: ShardingStrategy.FULL_SHARD
Using FSDP: False Version: 1 Sharding: ShardingStrategy.FULL_SHARD
Using FSDP: False Version: 1 Sharding: ShardingStrategy.FULL_SHARD
Using FSDP: False Version: 1 Sharding: ShardingStrategy.FULL_SHARD
Using FSDP: False Version: 1 Sharding: ShardingStrategy.FULL_SHARD
INFO (rank 0): [DomainLoss] config (enabled=True): smoothness_weight=0.001, transformer_smoothness_weight=0.001, voltage_bound_weight=0.01, voltage_bound_feature_indices=[2, 3], voltage_output_index=-1
INFO (rank 0): [DomainLoss] Wrapping model with OPFEnhancedModelWrapper.
Using FSDP: False Version: 1 Sharding: ShardingStrategy.FULL_SHARD
Using FSDP: False Version: 1 Sharding: ShardingStrategy.FULL_SHARD
Using FSDP: False Version: 1 Sharding: ShardingStrategy.FULL_SHARD
Using FSDP: False Version: 1 Sharding: ShardingStrategy.FULL_SHARD
Using FSDP: False Version: 1 Sharding: ShardingStrategy.FULL_SHARD
0: CPUs, NVIDIA, and AMD GPUs do not need optimize wrapper
0: EnhancedModelWrapper detected: OPFEnhancedModelWrapper
0: Applying DDP optimizations: find_unused_parameters=True, gradient_as_bucket_view=False
0: Using GPU
Using FSDP: False Version: 1 Sharding: ShardingStrategy.FULL_SHARD
[diag][rank 0][626224.704] Entering print_model
0:     module.model.graph_convs.0.attn.in_proj_weight	           [192, 64]	     12288
0:       module.model.graph_convs.0.attn.in_proj_bias	               [192]	       192
0:    module.model.graph_convs.0.attn.out_proj.weight	            [64, 64]	      4096
0:      module.model.graph_convs.0.attn.out_proj.bias	                [64]	        64
0:            module.model.graph_convs.0.mlp.0.weight	           [128, 64]	      8192
0:              module.model.graph_convs.0.mlp.0.bias	               [128]	       128
0:            module.model.graph_convs.0.mlp.3.weight	           [64, 128]	      8192
0:              module.model.graph_convs.0.mlp.3.bias	                [64]	        64
0: module.model.graph_convs.0.norm1_dict.bus.module.weight	                [64]	        64
0: module.model.graph_convs.0.norm1_dict.bus.module.bias	                [64]	        64
0: module.model.graph_convs.0.norm1_dict.bus.module.running_mean	                [64]	        64
0: module.model.graph_convs.0.norm1_dict.bus.module.running_var	                [64]	        64
0: module.model.graph_convs.0.norm1_dict.bus.module.num_batches_tracked	                  []	         1
0: module.model.graph_convs.0.norm1_dict.generator.module.weight	                [64]	        64
0: module.model.graph_convs.0.norm1_dict.generator.module.bias	                [64]	        64
0: module.model.graph_convs.0.norm1_dict.generator.module.running_mean	                [64]	        64
0: module.model.graph_convs.0.norm1_dict.generator.module.running_var	                [64]	        64
0: module.model.graph_convs.0.norm1_dict.generator.module.num_batches_tracked	                  []	         1
0: module.model.graph_convs.0.norm1_dict.load.module.weight	                [64]	        64
0: module.model.graph_convs.0.norm1_dict.load.module.bias	                [64]	        64
0: module.model.graph_convs.0.norm1_dict.load.module.running_mean	                [64]	        64
0: module.model.graph_convs.0.norm1_dict.load.module.running_var	                [64]	        64
0: module.model.graph_convs.0.norm1_dict.load.module.num_batches_tracked	                  []	         1
0: module.model.graph_convs.0.norm1_dict.shunt.module.weight	                [64]	        64
0: module.model.graph_convs.0.norm1_dict.shunt.module.bias	                [64]	        64
0: module.model.graph_convs.0.norm1_dict.shunt.module.running_mean	                [64]	        64
0: module.model.graph_convs.0.norm1_dict.shunt.module.running_var	                [64]	        64
0: module.model.graph_convs.0.norm1_dict.shunt.module.num_batches_tracked	                  []	         1
0: module.model.graph_convs.0.norm2_dict.bus.module.weight	                [64]	        64
0: module.model.graph_convs.0.norm2_dict.bus.module.bias	                [64]	        64
0: module.model.graph_convs.0.norm2_dict.bus.module.running_mean	                [64]	        64
0: module.model.graph_convs.0.norm2_dict.bus.module.running_var	                [64]	        64
0: module.model.graph_convs.0.norm2_dict.bus.module.num_batches_tracked	                  []	         1
0: module.model.graph_convs.0.norm2_dict.generator.module.weight	                [64]	        64
0: module.model.graph_convs.0.norm2_dict.generator.module.bias	                [64]	        64
0: module.model.graph_convs.0.norm2_dict.generator.module.running_mean	                [64]	        64
0: module.model.graph_convs.0.norm2_dict.generator.module.running_var	                [64]	        64
0: module.model.graph_convs.0.norm2_dict.generator.module.num_batches_tracked	                  []	         1
0: module.model.graph_convs.0.norm2_dict.load.module.weight	                [64]	        64
0: module.model.graph_convs.0.norm2_dict.load.module.bias	                [64]	        64
0: module.model.graph_convs.0.norm2_dict.load.module.running_mean	                [64]	        64
0: module.model.graph_convs.0.norm2_dict.load.module.running_var	                [64]	        64
0: module.model.graph_convs.0.norm2_dict.load.module.num_batches_tracked	                  []	         1
0: module.model.graph_convs.0.norm2_dict.shunt.module.weight	                [64]	        64
0: module.model.graph_convs.0.norm2_dict.shunt.module.bias	                [64]	        64
0: module.model.graph_convs.0.norm2_dict.shunt.module.running_mean	                [64]	        64
0: module.model.graph_convs.0.norm2_dict.shunt.module.running_var	                [64]	        64
0: module.model.graph_convs.0.norm2_dict.shunt.module.num_batches_tracked	                  []	         1
0: module.model.graph_convs.0.norm3_dict.bus.module.weight	                [64]	        64
0: module.model.graph_convs.0.norm3_dict.bus.module.bias	                [64]	        64
0: module.model.graph_convs.0.norm3_dict.bus.module.running_mean	                [64]	        64
0: module.model.graph_convs.0.norm3_dict.bus.module.running_var	                [64]	        64
0: module.model.graph_convs.0.norm3_dict.bus.module.num_batches_tracked	                  []	         1
0: module.model.graph_convs.0.norm3_dict.generator.module.weight	                [64]	        64
0: module.model.graph_convs.0.norm3_dict.generator.module.bias	                [64]	        64
0: module.model.graph_convs.0.norm3_dict.generator.module.running_mean	                [64]	        64
0: module.model.graph_convs.0.norm3_dict.generator.module.running_var	                [64]	        64
0: module.model.graph_convs.0.norm3_dict.generator.module.num_batches_tracked	                  []	         1
0: module.model.graph_convs.0.norm3_dict.load.module.weight	                [64]	        64
0: module.model.graph_convs.0.norm3_dict.load.module.bias	                [64]	        64
0: module.model.graph_convs.0.norm3_dict.load.module.running_mean	                [64]	        64
0: module.model.graph_convs.0.norm3_dict.load.module.running_var	                [64]	        64
0: module.model.graph_convs.0.norm3_dict.load.module.num_batches_tracked	                  []	         1
0: module.model.graph_convs.0.norm3_dict.shunt.module.weight	                [64]	        64
0: module.model.graph_convs.0.norm3_dict.shunt.module.bias	                [64]	        64
0: module.model.graph_convs.0.norm3_dict.shunt.module.running_mean	                [64]	        64
0: module.model.graph_convs.0.norm3_dict.shunt.module.running_var	                [64]	        64
0: module.model.graph_convs.0.norm3_dict.shunt.module.num_batches_tracked	                  []	         1
0:     module.model.graph_convs.1.attn.in_proj_weight	           [192, 64]	     12288
0:       module.model.graph_convs.1.attn.in_proj_bias	               [192]	       192
0:    module.model.graph_convs.1.attn.out_proj.weight	            [64, 64]	      4096
0:      module.model.graph_convs.1.attn.out_proj.bias	                [64]	        64
0:            module.model.graph_convs.1.mlp.0.weight	           [128, 64]	      8192
0:              module.model.graph_convs.1.mlp.0.bias	               [128]	       128
0:            module.model.graph_convs.1.mlp.3.weight	           [64, 128]	      8192
0:              module.model.graph_convs.1.mlp.3.bias	                [64]	        64
0: module.model.graph_convs.1.norm1_dict.bus.module.weight	                [64]	        64
0: module.model.graph_convs.1.norm1_dict.bus.module.bias	                [64]	        64
0: module.model.graph_convs.1.norm1_dict.bus.module.running_mean	                [64]	        64
0: module.model.graph_convs.1.norm1_dict.bus.module.running_var	                [64]	        64
0: module.model.graph_convs.1.norm1_dict.bus.module.num_batches_tracked	                  []	         1
0: module.model.graph_convs.1.norm1_dict.generator.module.weight	                [64]	        64
0: module.model.graph_convs.1.norm1_dict.generator.module.bias	                [64]	        64
0: module.model.graph_convs.1.norm1_dict.generator.module.running_mean	                [64]	        64
0: module.model.graph_convs.1.norm1_dict.generator.module.running_var	                [64]	        64
0: module.model.graph_convs.1.norm1_dict.generator.module.num_batches_tracked	                  []	         1
0: module.model.graph_convs.1.norm1_dict.load.module.weight	                [64]	        64
0: module.model.graph_convs.1.norm1_dict.load.module.bias	                [64]	        64
0: module.model.graph_convs.1.norm1_dict.load.module.running_mean	                [64]	        64
0: module.model.graph_convs.1.norm1_dict.load.module.running_var	                [64]	        64
0: module.model.graph_convs.1.norm1_dict.load.module.num_batches_tracked	                  []	         1
0: module.model.graph_convs.1.norm1_dict.shunt.module.weight	                [64]	        64
0: module.model.graph_convs.1.norm1_dict.shunt.module.bias	                [64]	        64
0: module.model.graph_convs.1.norm1_dict.shunt.module.running_mean	                [64]	        64
0: module.model.graph_convs.1.norm1_dict.shunt.module.running_var	                [64]	        64
0: module.model.graph_convs.1.norm1_dict.shunt.module.num_batches_tracked	                  []	         1
0: module.model.graph_convs.1.norm2_dict.bus.module.weight	                [64]	        64
0: module.model.graph_convs.1.norm2_dict.bus.module.bias	                [64]	        64
0: module.model.graph_convs.1.norm2_dict.bus.module.running_mean	                [64]	        64
0: module.model.graph_convs.1.norm2_dict.bus.module.running_var	                [64]	        64
0: module.model.graph_convs.1.norm2_dict.bus.module.num_batches_tracked	                  []	         1
0: module.model.graph_convs.1.norm2_dict.generator.module.weight	                [64]	        64
0: module.model.graph_convs.1.norm2_dict.generator.module.bias	                [64]	        64
0: module.model.graph_convs.1.norm2_dict.generator.module.running_mean	                [64]	        64
0: module.model.graph_convs.1.norm2_dict.generator.module.running_var	                [64]	        64
0: module.model.graph_convs.1.norm2_dict.generator.module.num_batches_tracked	                  []	         1
0: module.model.graph_convs.1.norm2_dict.load.module.weight	                [64]	        64
0: module.model.graph_convs.1.norm2_dict.load.module.bias	                [64]	        64
0: module.model.graph_convs.1.norm2_dict.load.module.running_mean	                [64]	        64
0: module.model.graph_convs.1.norm2_dict.load.module.running_var	                [64]	        64
0: module.model.graph_convs.1.norm2_dict.load.module.num_batches_tracked	                  []	         1
0: module.model.graph_convs.1.norm2_dict.shunt.module.weight	                [64]	        64
0: module.model.graph_convs.1.norm2_dict.shunt.module.bias	                [64]	        64
0: module.model.graph_convs.1.norm2_dict.shunt.module.running_mean	                [64]	        64
0: module.model.graph_convs.1.norm2_dict.shunt.module.running_var	                [64]	        64
0: module.model.graph_convs.1.norm2_dict.shunt.module.num_batches_tracked	                  []	         1
0: module.model.graph_convs.1.norm3_dict.bus.module.weight	                [64]	        64
0: module.model.graph_convs.1.norm3_dict.bus.module.bias	                [64]	        64
0: module.model.graph_convs.1.norm3_dict.bus.module.running_mean	                [64]	        64
0: module.model.graph_convs.1.norm3_dict.bus.module.running_var	                [64]	        64
0: module.model.graph_convs.1.norm3_dict.bus.module.num_batches_tracked	                  []	         1
0: module.model.graph_convs.1.norm3_dict.generator.module.weight	                [64]	        64
0: module.model.graph_convs.1.norm3_dict.generator.module.bias	                [64]	        64
0: module.model.graph_convs.1.norm3_dict.generator.module.running_mean	                [64]	        64
0: module.model.graph_convs.1.norm3_dict.generator.module.running_var	                [64]	        64
0: module.model.graph_convs.1.norm3_dict.generator.module.num_batches_tracked	                  []	         1
0: module.model.graph_convs.1.norm3_dict.load.module.weight	                [64]	        64
0: module.model.graph_convs.1.norm3_dict.load.module.bias	                [64]	        64
0: module.model.graph_convs.1.norm3_dict.load.module.running_mean	                [64]	        64
0: module.model.graph_convs.1.norm3_dict.load.module.running_var	                [64]	        64
0: module.model.graph_convs.1.norm3_dict.load.module.num_batches_tracked	                  []	         1
0: module.model.graph_convs.1.norm3_dict.shunt.module.weight	                [64]	        64
0: module.model.graph_convs.1.norm3_dict.shunt.module.bias	                [64]	        64
0: module.model.graph_convs.1.norm3_dict.shunt.module.running_mean	                [64]	        64
0: module.model.graph_convs.1.norm3_dict.shunt.module.running_var	                [64]	        64
0: module.model.graph_convs.1.norm3_dict.shunt.module.num_batches_tracked	                  []	         1
0:     module.model.graph_convs.2.attn.in_proj_weight	           [192, 64]	     12288
0:       module.model.graph_convs.2.attn.in_proj_bias	               [192]	       192
0:    module.model.graph_convs.2.attn.out_proj.weight	            [64, 64]	      4096
0:      module.model.graph_convs.2.attn.out_proj.bias	                [64]	        64
0:            module.model.graph_convs.2.mlp.0.weight	           [128, 64]	      8192
0:              module.model.graph_convs.2.mlp.0.bias	               [128]	       128
0:            module.model.graph_convs.2.mlp.3.weight	           [64, 128]	      8192
0:              module.model.graph_convs.2.mlp.3.bias	                [64]	        64
0: module.model.graph_convs.2.norm1_dict.bus.module.weight	                [64]	        64
0: module.model.graph_convs.2.norm1_dict.bus.module.bias	                [64]	        64
0: module.model.graph_convs.2.norm1_dict.bus.module.running_mean	                [64]	        64
0: module.model.graph_convs.2.norm1_dict.bus.module.running_var	                [64]	        64
0: module.model.graph_convs.2.norm1_dict.bus.module.num_batches_tracked	                  []	         1
0: module.model.graph_convs.2.norm1_dict.generator.module.weight	                [64]	        64
0: module.model.graph_convs.2.norm1_dict.generator.module.bias	                [64]	        64
0: module.model.graph_convs.2.norm1_dict.generator.module.running_mean	                [64]	        64
0: module.model.graph_convs.2.norm1_dict.generator.module.running_var	                [64]	        64
0: module.model.graph_convs.2.norm1_dict.generator.module.num_batches_tracked	                  []	         1
0: module.model.graph_convs.2.norm1_dict.load.module.weight	                [64]	        64
0: module.model.graph_convs.2.norm1_dict.load.module.bias	                [64]	        64
0: module.model.graph_convs.2.norm1_dict.load.module.running_mean	                [64]	        64
0: module.model.graph_convs.2.norm1_dict.load.module.running_var	                [64]	        64
0: module.model.graph_convs.2.norm1_dict.load.module.num_batches_tracked	                  []	         1
0: module.model.graph_convs.2.norm1_dict.shunt.module.weight	                [64]	        64
0: module.model.graph_convs.2.norm1_dict.shunt.module.bias	                [64]	        64
0: module.model.graph_convs.2.norm1_dict.shunt.module.running_mean	                [64]	        64
0: module.model.graph_convs.2.norm1_dict.shunt.module.running_var	                [64]	        64
0: module.model.graph_convs.2.norm1_dict.shunt.module.num_batches_tracked	                  []	         1
0: module.model.graph_convs.2.norm2_dict.bus.module.weight	                [64]	        64
0: module.model.graph_convs.2.norm2_dict.bus.module.bias	                [64]	        64
0: module.model.graph_convs.2.norm2_dict.bus.module.running_mean	                [64]	        64
0: module.model.graph_convs.2.norm2_dict.bus.module.running_var	                [64]	        64
0: module.model.graph_convs.2.norm2_dict.bus.module.num_batches_tracked	                  []	         1
0: module.model.graph_convs.2.norm2_dict.generator.module.weight	                [64]	        64
0: module.model.graph_convs.2.norm2_dict.generator.module.bias	                [64]	        64
0: module.model.graph_convs.2.norm2_dict.generator.module.running_mean	                [64]	        64
0: module.model.graph_convs.2.norm2_dict.generator.module.running_var	                [64]	        64
0: module.model.graph_convs.2.norm2_dict.generator.module.num_batches_tracked	                  []	         1
0: module.model.graph_convs.2.norm2_dict.load.module.weight	                [64]	        64
0: module.model.graph_convs.2.norm2_dict.load.module.bias	                [64]	        64
0: module.model.graph_convs.2.norm2_dict.load.module.running_mean	                [64]	        64
0: module.model.graph_convs.2.norm2_dict.load.module.running_var	                [64]	        64
0: module.model.graph_convs.2.norm2_dict.load.module.num_batches_tracked	                  []	         1
0: module.model.graph_convs.2.norm2_dict.shunt.module.weight	                [64]	        64
0: module.model.graph_convs.2.norm2_dict.shunt.module.bias	                [64]	        64
0: module.model.graph_convs.2.norm2_dict.shunt.module.running_mean	                [64]	        64
0: module.model.graph_convs.2.norm2_dict.shunt.module.running_var	                [64]	        64
0: module.model.graph_convs.2.norm2_dict.shunt.module.num_batches_tracked	                  []	         1
0: module.model.graph_convs.2.norm3_dict.bus.module.weight	                [64]	        64
0: module.model.graph_convs.2.norm3_dict.bus.module.bias	                [64]	        64
0: module.model.graph_convs.2.norm3_dict.bus.module.running_mean	                [64]	        64
0: module.model.graph_convs.2.norm3_dict.bus.module.running_var	                [64]	        64
0: module.model.graph_convs.2.norm3_dict.bus.module.num_batches_tracked	                  []	         1
0: module.model.graph_convs.2.norm3_dict.generator.module.weight	                [64]	        64
0: module.model.graph_convs.2.norm3_dict.generator.module.bias	                [64]	        64
0: module.model.graph_convs.2.norm3_dict.generator.module.running_mean	                [64]	        64
0: module.model.graph_convs.2.norm3_dict.generator.module.running_var	                [64]	        64
0: module.model.graph_convs.2.norm3_dict.generator.module.num_batches_tracked	                  []	         1
0: module.model.graph_convs.2.norm3_dict.load.module.weight	                [64]	        64
0: module.model.graph_convs.2.norm3_dict.load.module.bias	                [64]	        64
0: module.model.graph_convs.2.norm3_dict.load.module.running_mean	                [64]	        64
0: module.model.graph_convs.2.norm3_dict.load.module.running_var	                [64]	        64
0: module.model.graph_convs.2.norm3_dict.load.module.num_batches_tracked	                  []	         1
0: module.model.graph_convs.2.norm3_dict.shunt.module.weight	                [64]	        64
0: module.model.graph_convs.2.norm3_dict.shunt.module.bias	                [64]	        64
0: module.model.graph_convs.2.norm3_dict.shunt.module.running_mean	                [64]	        64
0: module.model.graph_convs.2.norm3_dict.shunt.module.running_var	                [64]	        64
0: module.model.graph_convs.2.norm3_dict.shunt.module.num_batches_tracked	                  []	         1
0:     module.model.graph_convs.3.attn.in_proj_weight	           [192, 64]	     12288
0:       module.model.graph_convs.3.attn.in_proj_bias	               [192]	       192
0:    module.model.graph_convs.3.attn.out_proj.weight	            [64, 64]	      4096
0:      module.model.graph_convs.3.attn.out_proj.bias	                [64]	        64
0:            module.model.graph_convs.3.mlp.0.weight	           [128, 64]	      8192
0:              module.model.graph_convs.3.mlp.0.bias	               [128]	       128
0:            module.model.graph_convs.3.mlp.3.weight	           [64, 128]	      8192
0:              module.model.graph_convs.3.mlp.3.bias	                [64]	        64
0: module.model.graph_convs.3.norm1_dict.bus.module.weight	                [64]	        64
0: module.model.graph_convs.3.norm1_dict.bus.module.bias	                [64]	        64
0: module.model.graph_convs.3.norm1_dict.bus.module.running_mean	                [64]	        64
0: module.model.graph_convs.3.norm1_dict.bus.module.running_var	                [64]	        64
0: module.model.graph_convs.3.norm1_dict.bus.module.num_batches_tracked	                  []	         1
0: module.model.graph_convs.3.norm1_dict.generator.module.weight	                [64]	        64
0: module.model.graph_convs.3.norm1_dict.generator.module.bias	                [64]	        64
0: module.model.graph_convs.3.norm1_dict.generator.module.running_mean	                [64]	        64
0: module.model.graph_convs.3.norm1_dict.generator.module.running_var	                [64]	        64
0: module.model.graph_convs.3.norm1_dict.generator.module.num_batches_tracked	                  []	         1
0: module.model.graph_convs.3.norm1_dict.load.module.weight	                [64]	        64
0: module.model.graph_convs.3.norm1_dict.load.module.bias	                [64]	        64
0: module.model.graph_convs.3.norm1_dict.load.module.running_mean	                [64]	        64
0: module.model.graph_convs.3.norm1_dict.load.module.running_var	                [64]	        64
0: module.model.graph_convs.3.norm1_dict.load.module.num_batches_tracked	                  []	         1
0: module.model.graph_convs.3.norm1_dict.shunt.module.weight	                [64]	        64
0: module.model.graph_convs.3.norm1_dict.shunt.module.bias	                [64]	        64
0: module.model.graph_convs.3.norm1_dict.shunt.module.running_mean	                [64]	        64
0: module.model.graph_convs.3.norm1_dict.shunt.module.running_var	                [64]	        64
0: module.model.graph_convs.3.norm1_dict.shunt.module.num_batches_tracked	                  []	         1
0: module.model.graph_convs.3.norm2_dict.bus.module.weight	                [64]	        64
0: module.model.graph_convs.3.norm2_dict.bus.module.bias	                [64]	        64
0: module.model.graph_convs.3.norm2_dict.bus.module.running_mean	                [64]	        64
0: module.model.graph_convs.3.norm2_dict.bus.module.running_var	                [64]	        64
0: module.model.graph_convs.3.norm2_dict.bus.module.num_batches_tracked	                  []	         1
0: module.model.graph_convs.3.norm2_dict.generator.module.weight	                [64]	        64
0: module.model.graph_convs.3.norm2_dict.generator.module.bias	                [64]	        64
0: module.model.graph_convs.3.norm2_dict.generator.module.running_mean	                [64]	        64
0: module.model.graph_convs.3.norm2_dict.generator.module.running_var	                [64]	        64
0: module.model.graph_convs.3.norm2_dict.generator.module.num_batches_tracked	                  []	         1
0: module.model.graph_convs.3.norm2_dict.load.module.weight	                [64]	        64
0: module.model.graph_convs.3.norm2_dict.load.module.bias	                [64]	        64
0: module.model.graph_convs.3.norm2_dict.load.module.running_mean	                [64]	        64
0: module.model.graph_convs.3.norm2_dict.load.module.running_var	                [64]	        64
0: module.model.graph_convs.3.norm2_dict.load.module.num_batches_tracked	                  []	         1
0: module.model.graph_convs.3.norm2_dict.shunt.module.weight	                [64]	        64
0: module.model.graph_convs.3.norm2_dict.shunt.module.bias	                [64]	        64
0: module.model.graph_convs.3.norm2_dict.shunt.module.running_mean	                [64]	        64
0: module.model.graph_convs.3.norm2_dict.shunt.module.running_var	                [64]	        64
0: module.model.graph_convs.3.norm2_dict.shunt.module.num_batches_tracked	                  []	         1
0: module.model.graph_convs.3.norm3_dict.bus.module.weight	                [64]	        64
0: module.model.graph_convs.3.norm3_dict.bus.module.bias	                [64]	        64
0: module.model.graph_convs.3.norm3_dict.bus.module.running_mean	                [64]	        64
0: module.model.graph_convs.3.norm3_dict.bus.module.running_var	                [64]	        64
0: module.model.graph_convs.3.norm3_dict.bus.module.num_batches_tracked	                  []	         1
0: module.model.graph_convs.3.norm3_dict.generator.module.weight	                [64]	        64
0: module.model.graph_convs.3.norm3_dict.generator.module.bias	                [64]	        64
0: module.model.graph_convs.3.norm3_dict.generator.module.running_mean	                [64]	        64
0: module.model.graph_convs.3.norm3_dict.generator.module.running_var	                [64]	        64
0: module.model.graph_convs.3.norm3_dict.generator.module.num_batches_tracked	                  []	         1
0: module.model.graph_convs.3.norm3_dict.load.module.weight	                [64]	        64
0: module.model.graph_convs.3.norm3_dict.load.module.bias	                [64]	        64
0: module.model.graph_convs.3.norm3_dict.load.module.running_mean	                [64]	        64
0: module.model.graph_convs.3.norm3_dict.load.module.running_var	                [64]	        64
0: module.model.graph_convs.3.norm3_dict.load.module.num_batches_tracked	                  []	         1
0: module.model.graph_convs.3.norm3_dict.shunt.module.weight	                [64]	        64
0: module.model.graph_convs.3.norm3_dict.shunt.module.bias	                [64]	        64
0: module.model.graph_convs.3.norm3_dict.shunt.module.running_mean	                [64]	        64
0: module.model.graph_convs.3.norm3_dict.shunt.module.running_var	                [64]	        64
0: module.model.graph_convs.3.norm3_dict.shunt.module.num_batches_tracked	                  []	         1
0:     module.model.graph_convs.4.attn.in_proj_weight	           [192, 64]	     12288
0:       module.model.graph_convs.4.attn.in_proj_bias	               [192]	       192
0:    module.model.graph_convs.4.attn.out_proj.weight	            [64, 64]	      4096
0:      module.model.graph_convs.4.attn.out_proj.bias	                [64]	        64
0:            module.model.graph_convs.4.mlp.0.weight	           [128, 64]	      8192
0:              module.model.graph_convs.4.mlp.0.bias	               [128]	       128
0:            module.model.graph_convs.4.mlp.3.weight	           [64, 128]	      8192
0:              module.model.graph_convs.4.mlp.3.bias	                [64]	        64
0: module.model.graph_convs.4.norm1_dict.bus.module.weight	                [64]	        64
0: module.model.graph_convs.4.norm1_dict.bus.module.bias	                [64]	        64
0: module.model.graph_convs.4.norm1_dict.bus.module.running_mean	                [64]	        64
0: module.model.graph_convs.4.norm1_dict.bus.module.running_var	                [64]	        64
0: module.model.graph_convs.4.norm1_dict.bus.module.num_batches_tracked	                  []	         1
0: module.model.graph_convs.4.norm1_dict.generator.module.weight	                [64]	        64
0: module.model.graph_convs.4.norm1_dict.generator.module.bias	                [64]	        64
0: module.model.graph_convs.4.norm1_dict.generator.module.running_mean	                [64]	        64
0: module.model.graph_convs.4.norm1_dict.generator.module.running_var	                [64]	        64
0: module.model.graph_convs.4.norm1_dict.generator.module.num_batches_tracked	                  []	         1
0: module.model.graph_convs.4.norm1_dict.load.module.weight	                [64]	        64
0: module.model.graph_convs.4.norm1_dict.load.module.bias	                [64]	        64
0: module.model.graph_convs.4.norm1_dict.load.module.running_mean	                [64]	        64
0: module.model.graph_convs.4.norm1_dict.load.module.running_var	                [64]	        64
0: module.model.graph_convs.4.norm1_dict.load.module.num_batches_tracked	                  []	         1
0: module.model.graph_convs.4.norm1_dict.shunt.module.weight	                [64]	        64
0: module.model.graph_convs.4.norm1_dict.shunt.module.bias	                [64]	        64
0: module.model.graph_convs.4.norm1_dict.shunt.module.running_mean	                [64]	        64
0: module.model.graph_convs.4.norm1_dict.shunt.module.running_var	                [64]	        64
0: module.model.graph_convs.4.norm1_dict.shunt.module.num_batches_tracked	                  []	         1
0: module.model.graph_convs.4.norm2_dict.bus.module.weight	                [64]	        64
0: module.model.graph_convs.4.norm2_dict.bus.module.bias	                [64]	        64
0: module.model.graph_convs.4.norm2_dict.bus.module.running_mean	                [64]	        64
0: module.model.graph_convs.4.norm2_dict.bus.module.running_var	                [64]	        64
0: module.model.graph_convs.4.norm2_dict.bus.module.num_batches_tracked	                  []	         1
0: module.model.graph_convs.4.norm2_dict.generator.module.weight	                [64]	        64
0: module.model.graph_convs.4.norm2_dict.generator.module.bias	                [64]	        64
0: module.model.graph_convs.4.norm2_dict.generator.module.running_mean	                [64]	        64
0: module.model.graph_convs.4.norm2_dict.generator.module.running_var	                [64]	        64
0: module.model.graph_convs.4.norm2_dict.generator.module.num_batches_tracked	                  []	         1
0: module.model.graph_convs.4.norm2_dict.load.module.weight	                [64]	        64
0: module.model.graph_convs.4.norm2_dict.load.module.bias	                [64]	        64
0: module.model.graph_convs.4.norm2_dict.load.module.running_mean	                [64]	        64
0: module.model.graph_convs.4.norm2_dict.load.module.running_var	                [64]	        64
0: module.model.graph_convs.4.norm2_dict.load.module.num_batches_tracked	                  []	         1
0: module.model.graph_convs.4.norm2_dict.shunt.module.weight	                [64]	        64
0: module.model.graph_convs.4.norm2_dict.shunt.module.bias	                [64]	        64
0: module.model.graph_convs.4.norm2_dict.shunt.module.running_mean	                [64]	        64
0: module.model.graph_convs.4.norm2_dict.shunt.module.running_var	                [64]	        64
0: module.model.graph_convs.4.norm2_dict.shunt.module.num_batches_tracked	                  []	         1
0: module.model.graph_convs.4.norm3_dict.bus.module.weight	                [64]	        64
0: module.model.graph_convs.4.norm3_dict.bus.module.bias	                [64]	        64
0: module.model.graph_convs.4.norm3_dict.bus.module.running_mean	                [64]	        64
0: module.model.graph_convs.4.norm3_dict.bus.module.running_var	                [64]	        64
0: module.model.graph_convs.4.norm3_dict.bus.module.num_batches_tracked	                  []	         1
0: module.model.graph_convs.4.norm3_dict.generator.module.weight	                [64]	        64
0: module.model.graph_convs.4.norm3_dict.generator.module.bias	                [64]	        64
0: module.model.graph_convs.4.norm3_dict.generator.module.running_mean	                [64]	        64
0: module.model.graph_convs.4.norm3_dict.generator.module.running_var	                [64]	        64
0: module.model.graph_convs.4.norm3_dict.generator.module.num_batches_tracked	                  []	         1
0: module.model.graph_convs.4.norm3_dict.load.module.weight	                [64]	        64
0: module.model.graph_convs.4.norm3_dict.load.module.bias	                [64]	        64
0: module.model.graph_convs.4.norm3_dict.load.module.running_mean	                [64]	        64
0: module.model.graph_convs.4.norm3_dict.load.module.running_var	                [64]	        64
0: module.model.graph_convs.4.norm3_dict.load.module.num_batches_tracked	                  []	         1
0: module.model.graph_convs.4.norm3_dict.shunt.module.weight	                [64]	        64
0: module.model.graph_convs.4.norm3_dict.shunt.module.bias	                [64]	        64
0: module.model.graph_convs.4.norm3_dict.shunt.module.running_mean	                [64]	        64
0: module.model.graph_convs.4.norm3_dict.shunt.module.running_var	                [64]	        64
0: module.model.graph_convs.4.norm3_dict.shunt.module.num_batches_tracked	                  []	         1
0:     module.model.graph_convs.5.attn.in_proj_weight	           [192, 64]	     12288
0:       module.model.graph_convs.5.attn.in_proj_bias	               [192]	       192
0:    module.model.graph_convs.5.attn.out_proj.weight	            [64, 64]	      4096
0:      module.model.graph_convs.5.attn.out_proj.bias	                [64]	        64
0:            module.model.graph_convs.5.mlp.0.weight	           [128, 64]	      8192
0:              module.model.graph_convs.5.mlp.0.bias	               [128]	       128
0:            module.model.graph_convs.5.mlp.3.weight	           [64, 128]	      8192
0:              module.model.graph_convs.5.mlp.3.bias	                [64]	        64
0: module.model.graph_convs.5.norm1_dict.bus.module.weight	                [64]	        64
0: module.model.graph_convs.5.norm1_dict.bus.module.bias	                [64]	        64
0: module.model.graph_convs.5.norm1_dict.bus.module.running_mean	                [64]	        64
0: module.model.graph_convs.5.norm1_dict.bus.module.running_var	                [64]	        64
0: module.model.graph_convs.5.norm1_dict.bus.module.num_batches_tracked	                  []	         1
0: module.model.graph_convs.5.norm1_dict.generator.module.weight	                [64]	        64
0: module.model.graph_convs.5.norm1_dict.generator.module.bias	                [64]	        64
0: module.model.graph_convs.5.norm1_dict.generator.module.running_mean	                [64]	        64
0: module.model.graph_convs.5.norm1_dict.generator.module.running_var	                [64]	        64
0: module.model.graph_convs.5.norm1_dict.generator.module.num_batches_tracked	                  []	         1
0: module.model.graph_convs.5.norm1_dict.load.module.weight	                [64]	        64
0: module.model.graph_convs.5.norm1_dict.load.module.bias	                [64]	        64
0: module.model.graph_convs.5.norm1_dict.load.module.running_mean	                [64]	        64
0: module.model.graph_convs.5.norm1_dict.load.module.running_var	                [64]	        64
0: module.model.graph_convs.5.norm1_dict.load.module.num_batches_tracked	                  []	         1
0: module.model.graph_convs.5.norm1_dict.shunt.module.weight	                [64]	        64
0: module.model.graph_convs.5.norm1_dict.shunt.module.bias	                [64]	        64
0: module.model.graph_convs.5.norm1_dict.shunt.module.running_mean	                [64]	        64
0: module.model.graph_convs.5.norm1_dict.shunt.module.running_var	                [64]	        64
0: module.model.graph_convs.5.norm1_dict.shunt.module.num_batches_tracked	                  []	         1
0: module.model.graph_convs.5.norm2_dict.bus.module.weight	                [64]	        64
0: module.model.graph_convs.5.norm2_dict.bus.module.bias	                [64]	        64
0: module.model.graph_convs.5.norm2_dict.bus.module.running_mean	                [64]	        64
0: module.model.graph_convs.5.norm2_dict.bus.module.running_var	                [64]	        64
0: module.model.graph_convs.5.norm2_dict.bus.module.num_batches_tracked	                  []	         1
0: module.model.graph_convs.5.norm2_dict.generator.module.weight	                [64]	        64
0: module.model.graph_convs.5.norm2_dict.generator.module.bias	                [64]	        64
0: module.model.graph_convs.5.norm2_dict.generator.module.running_mean	                [64]	        64
0: module.model.graph_convs.5.norm2_dict.generator.module.running_var	                [64]	        64
0: module.model.graph_convs.5.norm2_dict.generator.module.num_batches_tracked	                  []	         1
0: module.model.graph_convs.5.norm2_dict.load.module.weight	                [64]	        64
0: module.model.graph_convs.5.norm2_dict.load.module.bias	                [64]	        64
0: module.model.graph_convs.5.norm2_dict.load.module.running_mean	                [64]	        64
0: module.model.graph_convs.5.norm2_dict.load.module.running_var	                [64]	        64
0: module.model.graph_convs.5.norm2_dict.load.module.num_batches_tracked	                  []	         1
0: module.model.graph_convs.5.norm2_dict.shunt.module.weight	                [64]	        64
0: module.model.graph_convs.5.norm2_dict.shunt.module.bias	                [64]	        64
0: module.model.graph_convs.5.norm2_dict.shunt.module.running_mean	                [64]	        64
0: module.model.graph_convs.5.norm2_dict.shunt.module.running_var	                [64]	        64
0: module.model.graph_convs.5.norm2_dict.shunt.module.num_batches_tracked	                  []	         1
0: module.model.graph_convs.5.norm3_dict.bus.module.weight	                [64]	        64
0: module.model.graph_convs.5.norm3_dict.bus.module.bias	                [64]	        64
0: module.model.graph_convs.5.norm3_dict.bus.module.running_mean	                [64]	        64
0: module.model.graph_convs.5.norm3_dict.bus.module.running_var	                [64]	        64
0: module.model.graph_convs.5.norm3_dict.bus.module.num_batches_tracked	                  []	         1
0: module.model.graph_convs.5.norm3_dict.generator.module.weight	                [64]	        64
0: module.model.graph_convs.5.norm3_dict.generator.module.bias	                [64]	        64
0: module.model.graph_convs.5.norm3_dict.generator.module.running_mean	                [64]	        64
0: module.model.graph_convs.5.norm3_dict.generator.module.running_var	                [64]	        64
0: module.model.graph_convs.5.norm3_dict.generator.module.num_batches_tracked	                  []	         1
0: module.model.graph_convs.5.norm3_dict.load.module.weight	                [64]	        64
0: module.model.graph_convs.5.norm3_dict.load.module.bias	                [64]	        64
0: module.model.graph_convs.5.norm3_dict.load.module.running_mean	                [64]	        64
0: module.model.graph_convs.5.norm3_dict.load.module.running_var	                [64]	        64
0: module.model.graph_convs.5.norm3_dict.load.module.num_batches_tracked	                  []	         1
0: module.model.graph_convs.5.norm3_dict.shunt.module.weight	                [64]	        64
0: module.model.graph_convs.5.norm3_dict.shunt.module.bias	                [64]	        64
0: module.model.graph_convs.5.norm3_dict.shunt.module.running_mean	                [64]	        64
0: module.model.graph_convs.5.norm3_dict.shunt.module.running_var	                [64]	        64
0: module.model.graph_convs.5.norm3_dict.shunt.module.num_batches_tracked	                  []	         1
0:     module.model.graph_convs.6.attn.in_proj_weight	           [192, 64]	     12288
0:       module.model.graph_convs.6.attn.in_proj_bias	               [192]	       192
0:    module.model.graph_convs.6.attn.out_proj.weight	            [64, 64]	      4096
0:      module.model.graph_convs.6.attn.out_proj.bias	                [64]	        64
0:            module.model.graph_convs.6.mlp.0.weight	           [128, 64]	      8192
0:              module.model.graph_convs.6.mlp.0.bias	               [128]	       128
0:            module.model.graph_convs.6.mlp.3.weight	           [64, 128]	      8192
0:              module.model.graph_convs.6.mlp.3.bias	                [64]	        64
0: module.model.graph_convs.6.norm1_dict.bus.module.weight	                [64]	        64
0: module.model.graph_convs.6.norm1_dict.bus.module.bias	                [64]	        64
0: module.model.graph_convs.6.norm1_dict.bus.module.running_mean	                [64]	        64
0: module.model.graph_convs.6.norm1_dict.bus.module.running_var	                [64]	        64
0: module.model.graph_convs.6.norm1_dict.bus.module.num_batches_tracked	                  []	         1
0: module.model.graph_convs.6.norm1_dict.generator.module.weight	                [64]	        64
0: module.model.graph_convs.6.norm1_dict.generator.module.bias	                [64]	        64
0: module.model.graph_convs.6.norm1_dict.generator.module.running_mean	                [64]	        64
0: module.model.graph_convs.6.norm1_dict.generator.module.running_var	                [64]	        64
0: module.model.graph_convs.6.norm1_dict.generator.module.num_batches_tracked	                  []	         1
0: module.model.graph_convs.6.norm1_dict.load.module.weight	                [64]	        64
0: module.model.graph_convs.6.norm1_dict.load.module.bias	                [64]	        64
0: module.model.graph_convs.6.norm1_dict.load.module.running_mean	                [64]	        64
0: module.model.graph_convs.6.norm1_dict.load.module.running_var	                [64]	        64
0: module.model.graph_convs.6.norm1_dict.load.module.num_batches_tracked	                  []	         1
0: module.model.graph_convs.6.norm1_dict.shunt.module.weight	                [64]	        64
0: module.model.graph_convs.6.norm1_dict.shunt.module.bias	                [64]	        64
0: module.model.graph_convs.6.norm1_dict.shunt.module.running_mean	                [64]	        64
0: module.model.graph_convs.6.norm1_dict.shunt.module.running_var	                [64]	        64
0: module.model.graph_convs.6.norm1_dict.shunt.module.num_batches_tracked	                  []	         1
0: module.model.graph_convs.6.norm2_dict.bus.module.weight	                [64]	        64
0: module.model.graph_convs.6.norm2_dict.bus.module.bias	                [64]	        64
0: module.model.graph_convs.6.norm2_dict.bus.module.running_mean	                [64]	        64
0: module.model.graph_convs.6.norm2_dict.bus.module.running_var	                [64]	        64
0: module.model.graph_convs.6.norm2_dict.bus.module.num_batches_tracked	                  []	         1
0: module.model.graph_convs.6.norm2_dict.generator.module.weight	                [64]	        64
0: module.model.graph_convs.6.norm2_dict.generator.module.bias	                [64]	        64
0: module.model.graph_convs.6.norm2_dict.generator.module.running_mean	                [64]	        64
0: module.model.graph_convs.6.norm2_dict.generator.module.running_var	                [64]	        64
0: module.model.graph_convs.6.norm2_dict.generator.module.num_batches_tracked	                  []	         1
0: module.model.graph_convs.6.norm2_dict.load.module.weight	                [64]	        64
0: module.model.graph_convs.6.norm2_dict.load.module.bias	                [64]	        64
0: module.model.graph_convs.6.norm2_dict.load.module.running_mean	                [64]	        64
0: module.model.graph_convs.6.norm2_dict.load.module.running_var	                [64]	        64
0: module.model.graph_convs.6.norm2_dict.load.module.num_batches_tracked	                  []	         1
0: module.model.graph_convs.6.norm2_dict.shunt.module.weight	                [64]	        64
0: module.model.graph_convs.6.norm2_dict.shunt.module.bias	                [64]	        64
0: module.model.graph_convs.6.norm2_dict.shunt.module.running_mean	                [64]	        64
0: module.model.graph_convs.6.norm2_dict.shunt.module.running_var	                [64]	        64
0: module.model.graph_convs.6.norm2_dict.shunt.module.num_batches_tracked	                  []	         1
0: module.model.graph_convs.6.norm3_dict.bus.module.weight	                [64]	        64
0: module.model.graph_convs.6.norm3_dict.bus.module.bias	                [64]	        64
0: module.model.graph_convs.6.norm3_dict.bus.module.running_mean	                [64]	        64
0: module.model.graph_convs.6.norm3_dict.bus.module.running_var	                [64]	        64
0: module.model.graph_convs.6.norm3_dict.bus.module.num_batches_tracked	                  []	         1
0: module.model.graph_convs.6.norm3_dict.generator.module.weight	                [64]	        64
0: module.model.graph_convs.6.norm3_dict.generator.module.bias	                [64]	        64
0: module.model.graph_convs.6.norm3_dict.generator.module.running_mean	                [64]	        64
0: module.model.graph_convs.6.norm3_dict.generator.module.running_var	                [64]	        64
0: module.model.graph_convs.6.norm3_dict.generator.module.num_batches_tracked	                  []	         1
0: module.model.graph_convs.6.norm3_dict.load.module.weight	                [64]	        64
0: module.model.graph_convs.6.norm3_dict.load.module.bias	                [64]	        64
0: module.model.graph_convs.6.norm3_dict.load.module.running_mean	                [64]	        64
0: module.model.graph_convs.6.norm3_dict.load.module.running_var	                [64]	        64
0: module.model.graph_convs.6.norm3_dict.load.module.num_batches_tracked	                  []	         1
0: module.model.graph_convs.6.norm3_dict.shunt.module.weight	                [64]	        64
0: module.model.graph_convs.6.norm3_dict.shunt.module.bias	                [64]	        64
0: module.model.graph_convs.6.norm3_dict.shunt.module.running_mean	                [64]	        64
0: module.model.graph_convs.6.norm3_dict.shunt.module.running_var	                [64]	        64
0: module.model.graph_convs.6.norm3_dict.shunt.module.num_batches_tracked	                  []	         1
0:     module.model.graph_convs.7.attn.in_proj_weight	           [192, 64]	     12288
0:       module.model.graph_convs.7.attn.in_proj_bias	               [192]	       192
0:    module.model.graph_convs.7.attn.out_proj.weight	            [64, 64]	      4096
0:      module.model.graph_convs.7.attn.out_proj.bias	                [64]	        64
0:            module.model.graph_convs.7.mlp.0.weight	           [128, 64]	      8192
0:              module.model.graph_convs.7.mlp.0.bias	               [128]	       128
0:            module.model.graph_convs.7.mlp.3.weight	           [64, 128]	      8192
0:              module.model.graph_convs.7.mlp.3.bias	                [64]	        64
0: module.model.graph_convs.7.norm1_dict.bus.module.weight	                [64]	        64
0: module.model.graph_convs.7.norm1_dict.bus.module.bias	                [64]	        64
0: module.model.graph_convs.7.norm1_dict.bus.module.running_mean	                [64]	        64
0: module.model.graph_convs.7.norm1_dict.bus.module.running_var	                [64]	        64
0: module.model.graph_convs.7.norm1_dict.bus.module.num_batches_tracked	                  []	         1
0: module.model.graph_convs.7.norm1_dict.generator.module.weight	                [64]	        64
0: module.model.graph_convs.7.norm1_dict.generator.module.bias	                [64]	        64
0: module.model.graph_convs.7.norm1_dict.generator.module.running_mean	                [64]	        64
0: module.model.graph_convs.7.norm1_dict.generator.module.running_var	                [64]	        64
0: module.model.graph_convs.7.norm1_dict.generator.module.num_batches_tracked	                  []	         1
0: module.model.graph_convs.7.norm1_dict.load.module.weight	                [64]	        64
0: module.model.graph_convs.7.norm1_dict.load.module.bias	                [64]	        64
0: module.model.graph_convs.7.norm1_dict.load.module.running_mean	                [64]	        64
0: module.model.graph_convs.7.norm1_dict.load.module.running_var	                [64]	        64
0: module.model.graph_convs.7.norm1_dict.load.module.num_batches_tracked	                  []	         1
0: module.model.graph_convs.7.norm1_dict.shunt.module.weight	                [64]	        64
0: module.model.graph_convs.7.norm1_dict.shunt.module.bias	                [64]	        64
0: module.model.graph_convs.7.norm1_dict.shunt.module.running_mean	                [64]	        64
0: module.model.graph_convs.7.norm1_dict.shunt.module.running_var	                [64]	        64
0: module.model.graph_convs.7.norm1_dict.shunt.module.num_batches_tracked	                  []	         1
0: module.model.graph_convs.7.norm2_dict.bus.module.weight	                [64]	        64
0: module.model.graph_convs.7.norm2_dict.bus.module.bias	                [64]	        64
0: module.model.graph_convs.7.norm2_dict.bus.module.running_mean	                [64]	        64
0: module.model.graph_convs.7.norm2_dict.bus.module.running_var	                [64]	        64
0: module.model.graph_convs.7.norm2_dict.bus.module.num_batches_tracked	                  []	         1
0: module.model.graph_convs.7.norm2_dict.generator.module.weight	                [64]	        64
0: module.model.graph_convs.7.norm2_dict.generator.module.bias	                [64]	        64
0: module.model.graph_convs.7.norm2_dict.generator.module.running_mean	                [64]	        64
0: module.model.graph_convs.7.norm2_dict.generator.module.running_var	                [64]	        64
0: module.model.graph_convs.7.norm2_dict.generator.module.num_batches_tracked	                  []	         1
0: module.model.graph_convs.7.norm2_dict.load.module.weight	                [64]	        64
0: module.model.graph_convs.7.norm2_dict.load.module.bias	                [64]	        64
0: module.model.graph_convs.7.norm2_dict.load.module.running_mean	                [64]	        64
0: module.model.graph_convs.7.norm2_dict.load.module.running_var	                [64]	        64
0: module.model.graph_convs.7.norm2_dict.load.module.num_batches_tracked	                  []	         1
0: module.model.graph_convs.7.norm2_dict.shunt.module.weight	                [64]	        64
0: module.model.graph_convs.7.norm2_dict.shunt.module.bias	                [64]	        64
0: module.model.graph_convs.7.norm2_dict.shunt.module.running_mean	                [64]	        64
0: module.model.graph_convs.7.norm2_dict.shunt.module.running_var	                [64]	        64
0: module.model.graph_convs.7.norm2_dict.shunt.module.num_batches_tracked	                  []	         1
0: module.model.graph_convs.7.norm3_dict.bus.module.weight	                [64]	        64
0: module.model.graph_convs.7.norm3_dict.bus.module.bias	                [64]	        64
0: module.model.graph_convs.7.norm3_dict.bus.module.running_mean	                [64]	        64
0: module.model.graph_convs.7.norm3_dict.bus.module.running_var	                [64]	        64
0: module.model.graph_convs.7.norm3_dict.bus.module.num_batches_tracked	                  []	         1
0: module.model.graph_convs.7.norm3_dict.generator.module.weight	                [64]	        64
0: module.model.graph_convs.7.norm3_dict.generator.module.bias	                [64]	        64
0: module.model.graph_convs.7.norm3_dict.generator.module.running_mean	                [64]	        64
0: module.model.graph_convs.7.norm3_dict.generator.module.running_var	                [64]	        64
0: module.model.graph_convs.7.norm3_dict.generator.module.num_batches_tracked	                  []	         1
0: module.model.graph_convs.7.norm3_dict.load.module.weight	                [64]	        64
0: module.model.graph_convs.7.norm3_dict.load.module.bias	                [64]	        64
0: module.model.graph_convs.7.norm3_dict.load.module.running_mean	                [64]	        64
0: module.model.graph_convs.7.norm3_dict.load.module.running_var	                [64]	        64
0: module.model.graph_convs.7.norm3_dict.load.module.num_batches_tracked	                  []	         1
0: module.model.graph_convs.7.norm3_dict.shunt.module.weight	                [64]	        64
0: module.model.graph_convs.7.norm3_dict.shunt.module.bias	                [64]	        64
0: module.model.graph_convs.7.norm3_dict.shunt.module.running_mean	                [64]	        64
0: module.model.graph_convs.7.norm3_dict.shunt.module.running_var	                [64]	        64
0: module.model.graph_convs.7.norm3_dict.shunt.module.num_batches_tracked	                  []	         1
0:     module.model.graph_convs.8.attn.in_proj_weight	           [192, 64]	     12288
0:       module.model.graph_convs.8.attn.in_proj_bias	               [192]	       192
0:    module.model.graph_convs.8.attn.out_proj.weight	            [64, 64]	      4096
0:      module.model.graph_convs.8.attn.out_proj.bias	                [64]	        64
0:            module.model.graph_convs.8.mlp.0.weight	           [128, 64]	      8192
0:              module.model.graph_convs.8.mlp.0.bias	               [128]	       128
0:            module.model.graph_convs.8.mlp.3.weight	           [64, 128]	      8192
0:              module.model.graph_convs.8.mlp.3.bias	                [64]	        64
0: module.model.graph_convs.8.norm1_dict.bus.module.weight	                [64]	        64
0: module.model.graph_convs.8.norm1_dict.bus.module.bias	                [64]	        64
0: module.model.graph_convs.8.norm1_dict.bus.module.running_mean	                [64]	        64
0: module.model.graph_convs.8.norm1_dict.bus.module.running_var	                [64]	        64
0: module.model.graph_convs.8.norm1_dict.bus.module.num_batches_tracked	                  []	         1
0: module.model.graph_convs.8.norm1_dict.generator.module.weight	                [64]	        64
0: module.model.graph_convs.8.norm1_dict.generator.module.bias	                [64]	        64
0: module.model.graph_convs.8.norm1_dict.generator.module.running_mean	                [64]	        64
0: module.model.graph_convs.8.norm1_dict.generator.module.running_var	                [64]	        64
0: module.model.graph_convs.8.norm1_dict.generator.module.num_batches_tracked	                  []	         1
0: module.model.graph_convs.8.norm1_dict.load.module.weight	                [64]	        64
0: module.model.graph_convs.8.norm1_dict.load.module.bias	                [64]	        64
0: module.model.graph_convs.8.norm1_dict.load.module.running_mean	                [64]	        64
0: module.model.graph_convs.8.norm1_dict.load.module.running_var	                [64]	        64
0: module.model.graph_convs.8.norm1_dict.load.module.num_batches_tracked	                  []	         1
0: module.model.graph_convs.8.norm1_dict.shunt.module.weight	                [64]	        64
0: module.model.graph_convs.8.norm1_dict.shunt.module.bias	                [64]	        64
0: module.model.graph_convs.8.norm1_dict.shunt.module.running_mean	                [64]	        64
0: module.model.graph_convs.8.norm1_dict.shunt.module.running_var	                [64]	        64
0: module.model.graph_convs.8.norm1_dict.shunt.module.num_batches_tracked	                  []	         1
0: module.model.graph_convs.8.norm2_dict.bus.module.weight	                [64]	        64
0: module.model.graph_convs.8.norm2_dict.bus.module.bias	                [64]	        64
0: module.model.graph_convs.8.norm2_dict.bus.module.running_mean	                [64]	        64
0: module.model.graph_convs.8.norm2_dict.bus.module.running_var	                [64]	        64
0: module.model.graph_convs.8.norm2_dict.bus.module.num_batches_tracked	                  []	         1
0: module.model.graph_convs.8.norm2_dict.generator.module.weight	                [64]	        64
0: module.model.graph_convs.8.norm2_dict.generator.module.bias	                [64]	        64
0: module.model.graph_convs.8.norm2_dict.generator.module.running_mean	                [64]	        64
0: module.model.graph_convs.8.norm2_dict.generator.module.running_var	                [64]	        64
0: module.model.graph_convs.8.norm2_dict.generator.module.num_batches_tracked	                  []	         1
0: module.model.graph_convs.8.norm2_dict.load.module.weight	                [64]	        64
0: module.model.graph_convs.8.norm2_dict.load.module.bias	                [64]	        64
0: module.model.graph_convs.8.norm2_dict.load.module.running_mean	                [64]	        64
0: module.model.graph_convs.8.norm2_dict.load.module.running_var	                [64]	        64
0: module.model.graph_convs.8.norm2_dict.load.module.num_batches_tracked	                  []	         1
0: module.model.graph_convs.8.norm2_dict.shunt.module.weight	                [64]	        64
0: module.model.graph_convs.8.norm2_dict.shunt.module.bias	                [64]	        64
0: module.model.graph_convs.8.norm2_dict.shunt.module.running_mean	                [64]	        64
0: module.model.graph_convs.8.norm2_dict.shunt.module.running_var	                [64]	        64
0: module.model.graph_convs.8.norm2_dict.shunt.module.num_batches_tracked	                  []	         1
0: module.model.graph_convs.8.norm3_dict.bus.module.weight	                [64]	        64
0: module.model.graph_convs.8.norm3_dict.bus.module.bias	                [64]	        64
0: module.model.graph_convs.8.norm3_dict.bus.module.running_mean	                [64]	        64
0: module.model.graph_convs.8.norm3_dict.bus.module.running_var	                [64]	        64
0: module.model.graph_convs.8.norm3_dict.bus.module.num_batches_tracked	                  []	         1
0: module.model.graph_convs.8.norm3_dict.generator.module.weight	                [64]	        64
0: module.model.graph_convs.8.norm3_dict.generator.module.bias	                [64]	        64
0: module.model.graph_convs.8.norm3_dict.generator.module.running_mean	                [64]	        64
0: module.model.graph_convs.8.norm3_dict.generator.module.running_var	                [64]	        64
0: module.model.graph_convs.8.norm3_dict.generator.module.num_batches_tracked	                  []	         1
0: module.model.graph_convs.8.norm3_dict.load.module.weight	                [64]	        64
0: module.model.graph_convs.8.norm3_dict.load.module.bias	                [64]	        64
0: module.model.graph_convs.8.norm3_dict.load.module.running_mean	                [64]	        64
0: module.model.graph_convs.8.norm3_dict.load.module.running_var	                [64]	        64
0: module.model.graph_convs.8.norm3_dict.load.module.num_batches_tracked	                  []	         1
0: module.model.graph_convs.8.norm3_dict.shunt.module.weight	                [64]	        64
0: module.model.graph_convs.8.norm3_dict.shunt.module.bias	                [64]	        64
0: module.model.graph_convs.8.norm3_dict.shunt.module.running_mean	                [64]	        64
0: module.model.graph_convs.8.norm3_dict.shunt.module.running_var	                [64]	        64
0: module.model.graph_convs.8.norm3_dict.shunt.module.num_batches_tracked	                  []	         1
0:     module.model.graph_convs.9.attn.in_proj_weight	           [192, 64]	     12288
0:       module.model.graph_convs.9.attn.in_proj_bias	               [192]	       192
0:    module.model.graph_convs.9.attn.out_proj.weight	            [64, 64]	      4096
0:      module.model.graph_convs.9.attn.out_proj.bias	                [64]	        64
0:            module.model.graph_convs.9.mlp.0.weight	           [128, 64]	      8192
0:              module.model.graph_convs.9.mlp.0.bias	               [128]	       128
0:            module.model.graph_convs.9.mlp.3.weight	           [64, 128]	      8192
0:              module.model.graph_convs.9.mlp.3.bias	                [64]	        64
0: module.model.graph_convs.9.norm1_dict.bus.module.weight	                [64]	        64
0: module.model.graph_convs.9.norm1_dict.bus.module.bias	                [64]	        64
0: module.model.graph_convs.9.norm1_dict.bus.module.running_mean	                [64]	        64
0: module.model.graph_convs.9.norm1_dict.bus.module.running_var	                [64]	        64
0: module.model.graph_convs.9.norm1_dict.bus.module.num_batches_tracked	                  []	         1
0: module.model.graph_convs.9.norm1_dict.generator.module.weight	                [64]	        64
0: module.model.graph_convs.9.norm1_dict.generator.module.bias	                [64]	        64
0: module.model.graph_convs.9.norm1_dict.generator.module.running_mean	                [64]	        64
0: module.model.graph_convs.9.norm1_dict.generator.module.running_var	                [64]	        64
0: module.model.graph_convs.9.norm1_dict.generator.module.num_batches_tracked	                  []	         1
0: module.model.graph_convs.9.norm1_dict.load.module.weight	                [64]	        64
0: module.model.graph_convs.9.norm1_dict.load.module.bias	                [64]	        64
0: module.model.graph_convs.9.norm1_dict.load.module.running_mean	                [64]	        64
0: module.model.graph_convs.9.norm1_dict.load.module.running_var	                [64]	        64
0: module.model.graph_convs.9.norm1_dict.load.module.num_batches_tracked	                  []	         1
0: module.model.graph_convs.9.norm1_dict.shunt.module.weight	                [64]	        64
0: module.model.graph_convs.9.norm1_dict.shunt.module.bias	                [64]	        64
0: module.model.graph_convs.9.norm1_dict.shunt.module.running_mean	                [64]	        64
0: module.model.graph_convs.9.norm1_dict.shunt.module.running_var	                [64]	        64
0: module.model.graph_convs.9.norm1_dict.shunt.module.num_batches_tracked	                  []	         1
0: module.model.graph_convs.9.norm2_dict.bus.module.weight	                [64]	        64
0: module.model.graph_convs.9.norm2_dict.bus.module.bias	                [64]	        64
0: module.model.graph_convs.9.norm2_dict.bus.module.running_mean	                [64]	        64
0: module.model.graph_convs.9.norm2_dict.bus.module.running_var	                [64]	        64
0: module.model.graph_convs.9.norm2_dict.bus.module.num_batches_tracked	                  []	         1
0: module.model.graph_convs.9.norm2_dict.generator.module.weight	                [64]	        64
0: module.model.graph_convs.9.norm2_dict.generator.module.bias	                [64]	        64
0: module.model.graph_convs.9.norm2_dict.generator.module.running_mean	                [64]	        64
0: module.model.graph_convs.9.norm2_dict.generator.module.running_var	                [64]	        64
0: module.model.graph_convs.9.norm2_dict.generator.module.num_batches_tracked	                  []	         1
0: module.model.graph_convs.9.norm2_dict.load.module.weight	                [64]	        64
0: module.model.graph_convs.9.norm2_dict.load.module.bias	                [64]	        64
0: module.model.graph_convs.9.norm2_dict.load.module.running_mean	                [64]	        64
0: module.model.graph_convs.9.norm2_dict.load.module.running_var	                [64]	        64
0: module.model.graph_convs.9.norm2_dict.load.module.num_batches_tracked	                  []	         1
0: module.model.graph_convs.9.norm2_dict.shunt.module.weight	                [64]	        64
0: module.model.graph_convs.9.norm2_dict.shunt.module.bias	                [64]	        64
0: module.model.graph_convs.9.norm2_dict.shunt.module.running_mean	                [64]	        64
0: module.model.graph_convs.9.norm2_dict.shunt.module.running_var	                [64]	        64
0: module.model.graph_convs.9.norm2_dict.shunt.module.num_batches_tracked	                  []	         1
0: module.model.graph_convs.9.norm3_dict.bus.module.weight	                [64]	        64
0: module.model.graph_convs.9.norm3_dict.bus.module.bias	                [64]	        64
0: module.model.graph_convs.9.norm3_dict.bus.module.running_mean	                [64]	        64
0: module.model.graph_convs.9.norm3_dict.bus.module.running_var	                [64]	        64
0: module.model.graph_convs.9.norm3_dict.bus.module.num_batches_tracked	                  []	         1
0: module.model.graph_convs.9.norm3_dict.generator.module.weight	                [64]	        64
0: module.model.graph_convs.9.norm3_dict.generator.module.bias	                [64]	        64
0: module.model.graph_convs.9.norm3_dict.generator.module.running_mean	                [64]	        64
0: module.model.graph_convs.9.norm3_dict.generator.module.running_var	                [64]	        64
0: module.model.graph_convs.9.norm3_dict.generator.module.num_batches_tracked	                  []	         1
0: module.model.graph_convs.9.norm3_dict.load.module.weight	                [64]	        64
0: module.model.graph_convs.9.norm3_dict.load.module.bias	                [64]	        64
0: module.model.graph_convs.9.norm3_dict.load.module.running_mean	                [64]	        64
0: module.model.graph_convs.9.norm3_dict.load.module.running_var	                [64]	        64
0: module.model.graph_convs.9.norm3_dict.load.module.num_batches_tracked	                  []	         1
0: module.model.graph_convs.9.norm3_dict.shunt.module.weight	                [64]	        64
0: module.model.graph_convs.9.norm3_dict.shunt.module.bias	                [64]	        64
0: module.model.graph_convs.9.norm3_dict.shunt.module.running_mean	                [64]	        64
0: module.model.graph_convs.9.norm3_dict.shunt.module.running_var	                [64]	        64
0: module.model.graph_convs.9.norm3_dict.shunt.module.num_batches_tracked	                  []	         1
0:    module.model.graph_convs.10.attn.in_proj_weight	           [192, 64]	     12288
0:      module.model.graph_convs.10.attn.in_proj_bias	               [192]	       192
0:   module.model.graph_convs.10.attn.out_proj.weight	            [64, 64]	      4096
0:     module.model.graph_convs.10.attn.out_proj.bias	                [64]	        64
0:           module.model.graph_convs.10.mlp.0.weight	           [128, 64]	      8192
0:             module.model.graph_convs.10.mlp.0.bias	               [128]	       128
0:           module.model.graph_convs.10.mlp.3.weight	           [64, 128]	      8192
0:             module.model.graph_convs.10.mlp.3.bias	                [64]	        64
0: module.model.graph_convs.10.norm1_dict.bus.module.weight	                [64]	        64
0: module.model.graph_convs.10.norm1_dict.bus.module.bias	                [64]	        64
0: module.model.graph_convs.10.norm1_dict.bus.module.running_mean	                [64]	        64
0: module.model.graph_convs.10.norm1_dict.bus.module.running_var	                [64]	        64
0: module.model.graph_convs.10.norm1_dict.bus.module.num_batches_tracked	                  []	         1
0: module.model.graph_convs.10.norm1_dict.generator.module.weight	                [64]	        64
0: module.model.graph_convs.10.norm1_dict.generator.module.bias	                [64]	        64
0: module.model.graph_convs.10.norm1_dict.generator.module.running_mean	                [64]	        64
0: module.model.graph_convs.10.norm1_dict.generator.module.running_var	                [64]	        64
0: module.model.graph_convs.10.norm1_dict.generator.module.num_batches_tracked	                  []	         1
0: module.model.graph_convs.10.norm1_dict.load.module.weight	                [64]	        64
0: module.model.graph_convs.10.norm1_dict.load.module.bias	                [64]	        64
0: module.model.graph_convs.10.norm1_dict.load.module.running_mean	                [64]	        64
0: module.model.graph_convs.10.norm1_dict.load.module.running_var	                [64]	        64
0: module.model.graph_convs.10.norm1_dict.load.module.num_batches_tracked	                  []	         1
0: module.model.graph_convs.10.norm1_dict.shunt.module.weight	                [64]	        64
0: module.model.graph_convs.10.norm1_dict.shunt.module.bias	                [64]	        64
0: module.model.graph_convs.10.norm1_dict.shunt.module.running_mean	                [64]	        64
0: module.model.graph_convs.10.norm1_dict.shunt.module.running_var	                [64]	        64
0: module.model.graph_convs.10.norm1_dict.shunt.module.num_batches_tracked	                  []	         1
0: module.model.graph_convs.10.norm2_dict.bus.module.weight	                [64]	        64
0: module.model.graph_convs.10.norm2_dict.bus.module.bias	                [64]	        64
0: module.model.graph_convs.10.norm2_dict.bus.module.running_mean	                [64]	        64
0: module.model.graph_convs.10.norm2_dict.bus.module.running_var	                [64]	        64
0: module.model.graph_convs.10.norm2_dict.bus.module.num_batches_tracked	                  []	         1
0: module.model.graph_convs.10.norm2_dict.generator.module.weight	                [64]	        64
0: module.model.graph_convs.10.norm2_dict.generator.module.bias	                [64]	        64
0: module.model.graph_convs.10.norm2_dict.generator.module.running_mean	                [64]	        64
0: module.model.graph_convs.10.norm2_dict.generator.module.running_var	                [64]	        64
0: module.model.graph_convs.10.norm2_dict.generator.module.num_batches_tracked	                  []	         1
0: module.model.graph_convs.10.norm2_dict.load.module.weight	                [64]	        64
0: module.model.graph_convs.10.norm2_dict.load.module.bias	                [64]	        64
0: module.model.graph_convs.10.norm2_dict.load.module.running_mean	                [64]	        64
0: module.model.graph_convs.10.norm2_dict.load.module.running_var	                [64]	        64
0: module.model.graph_convs.10.norm2_dict.load.module.num_batches_tracked	                  []	         1
0: module.model.graph_convs.10.norm2_dict.shunt.module.weight	                [64]	        64
0: module.model.graph_convs.10.norm2_dict.shunt.module.bias	                [64]	        64
0: module.model.graph_convs.10.norm2_dict.shunt.module.running_mean	                [64]	        64
0: module.model.graph_convs.10.norm2_dict.shunt.module.running_var	                [64]	        64
0: module.model.graph_convs.10.norm2_dict.shunt.module.num_batches_tracked	                  []	         1
0: module.model.graph_convs.10.norm3_dict.bus.module.weight	                [64]	        64
0: module.model.graph_convs.10.norm3_dict.bus.module.bias	                [64]	        64
0: module.model.graph_convs.10.norm3_dict.bus.module.running_mean	                [64]	        64
0: module.model.graph_convs.10.norm3_dict.bus.module.running_var	                [64]	        64
0: module.model.graph_convs.10.norm3_dict.bus.module.num_batches_tracked	                  []	         1
0: module.model.graph_convs.10.norm3_dict.generator.module.weight	                [64]	        64
0: module.model.graph_convs.10.norm3_dict.generator.module.bias	                [64]	        64
0: module.model.graph_convs.10.norm3_dict.generator.module.running_mean	                [64]	        64
0: module.model.graph_convs.10.norm3_dict.generator.module.running_var	                [64]	        64
0: module.model.graph_convs.10.norm3_dict.generator.module.num_batches_tracked	                  []	         1
0: module.model.graph_convs.10.norm3_dict.load.module.weight	                [64]	        64
0: module.model.graph_convs.10.norm3_dict.load.module.bias	                [64]	        64
0: module.model.graph_convs.10.norm3_dict.load.module.running_mean	                [64]	        64
0: module.model.graph_convs.10.norm3_dict.load.module.running_var	                [64]	        64
0: module.model.graph_convs.10.norm3_dict.load.module.num_batches_tracked	                  []	         1
0: module.model.graph_convs.10.norm3_dict.shunt.module.weight	                [64]	        64
0: module.model.graph_convs.10.norm3_dict.shunt.module.bias	                [64]	        64
0: module.model.graph_convs.10.norm3_dict.shunt.module.running_mean	                [64]	        64
0: module.model.graph_convs.10.norm3_dict.shunt.module.running_var	                [64]	        64
0: module.model.graph_convs.10.norm3_dict.shunt.module.num_batches_tracked	                  []	         1
0:    module.model.graph_convs.11.attn.in_proj_weight	           [192, 64]	     12288
0:      module.model.graph_convs.11.attn.in_proj_bias	               [192]	       192
0:   module.model.graph_convs.11.attn.out_proj.weight	            [64, 64]	      4096
0:     module.model.graph_convs.11.attn.out_proj.bias	                [64]	        64
0:           module.model.graph_convs.11.mlp.0.weight	           [128, 64]	      8192
0:             module.model.graph_convs.11.mlp.0.bias	               [128]	       128
0:           module.model.graph_convs.11.mlp.3.weight	           [64, 128]	      8192
0:             module.model.graph_convs.11.mlp.3.bias	                [64]	        64
0: module.model.graph_convs.11.norm1_dict.bus.module.weight	                [64]	        64
0: module.model.graph_convs.11.norm1_dict.bus.module.bias	                [64]	        64
0: module.model.graph_convs.11.norm1_dict.bus.module.running_mean	                [64]	        64
0: module.model.graph_convs.11.norm1_dict.bus.module.running_var	                [64]	        64
0: module.model.graph_convs.11.norm1_dict.bus.module.num_batches_tracked	                  []	         1
0: module.model.graph_convs.11.norm1_dict.generator.module.weight	                [64]	        64
0: module.model.graph_convs.11.norm1_dict.generator.module.bias	                [64]	        64
0: module.model.graph_convs.11.norm1_dict.generator.module.running_mean	                [64]	        64
0: module.model.graph_convs.11.norm1_dict.generator.module.running_var	                [64]	        64
0: module.model.graph_convs.11.norm1_dict.generator.module.num_batches_tracked	                  []	         1
0: module.model.graph_convs.11.norm1_dict.load.module.weight	                [64]	        64
0: module.model.graph_convs.11.norm1_dict.load.module.bias	                [64]	        64
0: module.model.graph_convs.11.norm1_dict.load.module.running_mean	                [64]	        64
0: module.model.graph_convs.11.norm1_dict.load.module.running_var	                [64]	        64
0: module.model.graph_convs.11.norm1_dict.load.module.num_batches_tracked	                  []	         1
0: module.model.graph_convs.11.norm1_dict.shunt.module.weight	                [64]	        64
0: module.model.graph_convs.11.norm1_dict.shunt.module.bias	                [64]	        64
0: module.model.graph_convs.11.norm1_dict.shunt.module.running_mean	                [64]	        64
0: module.model.graph_convs.11.norm1_dict.shunt.module.running_var	                [64]	        64
0: module.model.graph_convs.11.norm1_dict.shunt.module.num_batches_tracked	                  []	         1
0: module.model.graph_convs.11.norm2_dict.bus.module.weight	                [64]	        64
0: module.model.graph_convs.11.norm2_dict.bus.module.bias	                [64]	        64
0: module.model.graph_convs.11.norm2_dict.bus.module.running_mean	                [64]	        64
0: module.model.graph_convs.11.norm2_dict.bus.module.running_var	                [64]	        64
0: module.model.graph_convs.11.norm2_dict.bus.module.num_batches_tracked	                  []	         1
0: module.model.graph_convs.11.norm2_dict.generator.module.weight	                [64]	        64
0: module.model.graph_convs.11.norm2_dict.generator.module.bias	                [64]	        64
0: module.model.graph_convs.11.norm2_dict.generator.module.running_mean	                [64]	        64
0: module.model.graph_convs.11.norm2_dict.generator.module.running_var	                [64]	        64
0: module.model.graph_convs.11.norm2_dict.generator.module.num_batches_tracked	                  []	         1
0: module.model.graph_convs.11.norm2_dict.load.module.weight	                [64]	        64
0: module.model.graph_convs.11.norm2_dict.load.module.bias	                [64]	        64
0: module.model.graph_convs.11.norm2_dict.load.module.running_mean	                [64]	        64
0: module.model.graph_convs.11.norm2_dict.load.module.running_var	                [64]	        64
0: module.model.graph_convs.11.norm2_dict.load.module.num_batches_tracked	                  []	         1
0: module.model.graph_convs.11.norm2_dict.shunt.module.weight	                [64]	        64
0: module.model.graph_convs.11.norm2_dict.shunt.module.bias	                [64]	        64
0: module.model.graph_convs.11.norm2_dict.shunt.module.running_mean	                [64]	        64
0: module.model.graph_convs.11.norm2_dict.shunt.module.running_var	                [64]	        64
0: module.model.graph_convs.11.norm2_dict.shunt.module.num_batches_tracked	                  []	         1
0: module.model.graph_convs.11.norm3_dict.bus.module.weight	                [64]	        64
0: module.model.graph_convs.11.norm3_dict.bus.module.bias	                [64]	        64
0: module.model.graph_convs.11.norm3_dict.bus.module.running_mean	                [64]	        64
0: module.model.graph_convs.11.norm3_dict.bus.module.running_var	                [64]	        64
0: module.model.graph_convs.11.norm3_dict.bus.module.num_batches_tracked	                  []	         1
0: module.model.graph_convs.11.norm3_dict.generator.module.weight	                [64]	        64
0: module.model.graph_convs.11.norm3_dict.generator.module.bias	                [64]	        64
0: module.model.graph_convs.11.norm3_dict.generator.module.running_mean	                [64]	        64
0: module.model.graph_convs.11.norm3_dict.generator.module.running_var	                [64]	        64
0: module.model.graph_convs.11.norm3_dict.generator.module.num_batches_tracked	                  []	         1
0: module.model.graph_convs.11.norm3_dict.load.module.weight	                [64]	        64
0: module.model.graph_convs.11.norm3_dict.load.module.bias	                [64]	        64
0: module.model.graph_convs.11.norm3_dict.load.module.running_mean	                [64]	        64
0: module.model.graph_convs.11.norm3_dict.load.module.running_var	                [64]	        64
0: module.model.graph_convs.11.norm3_dict.load.module.num_batches_tracked	                  []	         1
0: module.model.graph_convs.11.norm3_dict.shunt.module.weight	                [64]	        64
0: module.model.graph_convs.11.norm3_dict.shunt.module.bias	                [64]	        64
0: module.model.graph_convs.11.norm3_dict.shunt.module.running_mean	                [64]	        64
0: module.model.graph_convs.11.norm3_dict.shunt.module.running_var	                [64]	        64
0: module.model.graph_convs.11.norm3_dict.shunt.module.num_batches_tracked	                  []	         1
0:    module.model.graph_convs.12.attn.in_proj_weight	           [192, 64]	     12288
0:      module.model.graph_convs.12.attn.in_proj_bias	               [192]	       192
0:   module.model.graph_convs.12.attn.out_proj.weight	            [64, 64]	      4096
0:     module.model.graph_convs.12.attn.out_proj.bias	                [64]	        64
0:           module.model.graph_convs.12.mlp.0.weight	           [128, 64]	      8192
0:             module.model.graph_convs.12.mlp.0.bias	               [128]	       128
0:           module.model.graph_convs.12.mlp.3.weight	           [64, 128]	      8192
0:             module.model.graph_convs.12.mlp.3.bias	                [64]	        64
0: module.model.graph_convs.12.norm1_dict.bus.module.weight	                [64]	        64
0: module.model.graph_convs.12.norm1_dict.bus.module.bias	                [64]	        64
0: module.model.graph_convs.12.norm1_dict.bus.module.running_mean	                [64]	        64
0: module.model.graph_convs.12.norm1_dict.bus.module.running_var	                [64]	        64
0: module.model.graph_convs.12.norm1_dict.bus.module.num_batches_tracked	                  []	         1
0: module.model.graph_convs.12.norm1_dict.generator.module.weight	                [64]	        64
0: module.model.graph_convs.12.norm1_dict.generator.module.bias	                [64]	        64
0: module.model.graph_convs.12.norm1_dict.generator.module.running_mean	                [64]	        64
0: module.model.graph_convs.12.norm1_dict.generator.module.running_var	                [64]	        64
0: module.model.graph_convs.12.norm1_dict.generator.module.num_batches_tracked	                  []	         1
0: module.model.graph_convs.12.norm1_dict.load.module.weight	                [64]	        64
0: module.model.graph_convs.12.norm1_dict.load.module.bias	                [64]	        64
0: module.model.graph_convs.12.norm1_dict.load.module.running_mean	                [64]	        64
0: module.model.graph_convs.12.norm1_dict.load.module.running_var	                [64]	        64
0: module.model.graph_convs.12.norm1_dict.load.module.num_batches_tracked	                  []	         1
0: module.model.graph_convs.12.norm1_dict.shunt.module.weight	                [64]	        64
0: module.model.graph_convs.12.norm1_dict.shunt.module.bias	                [64]	        64
0: module.model.graph_convs.12.norm1_dict.shunt.module.running_mean	                [64]	        64
0: module.model.graph_convs.12.norm1_dict.shunt.module.running_var	                [64]	        64
0: module.model.graph_convs.12.norm1_dict.shunt.module.num_batches_tracked	                  []	         1
0: module.model.graph_convs.12.norm2_dict.bus.module.weight	                [64]	        64
0: module.model.graph_convs.12.norm2_dict.bus.module.bias	                [64]	        64
0: module.model.graph_convs.12.norm2_dict.bus.module.running_mean	                [64]	        64
0: module.model.graph_convs.12.norm2_dict.bus.module.running_var	                [64]	        64
0: module.model.graph_convs.12.norm2_dict.bus.module.num_batches_tracked	                  []	         1
0: module.model.graph_convs.12.norm2_dict.generator.module.weight	                [64]	        64
0: module.model.graph_convs.12.norm2_dict.generator.module.bias	                [64]	        64
0: module.model.graph_convs.12.norm2_dict.generator.module.running_mean	                [64]	        64
0: module.model.graph_convs.12.norm2_dict.generator.module.running_var	                [64]	        64
0: module.model.graph_convs.12.norm2_dict.generator.module.num_batches_tracked	                  []	         1
0: module.model.graph_convs.12.norm2_dict.load.module.weight	                [64]	        64
0: module.model.graph_convs.12.norm2_dict.load.module.bias	                [64]	        64
0: module.model.graph_convs.12.norm2_dict.load.module.running_mean	                [64]	        64
0: module.model.graph_convs.12.norm2_dict.load.module.running_var	                [64]	        64
0: module.model.graph_convs.12.norm2_dict.load.module.num_batches_tracked	                  []	         1
0: module.model.graph_convs.12.norm2_dict.shunt.module.weight	                [64]	        64
0: module.model.graph_convs.12.norm2_dict.shunt.module.bias	                [64]	        64
0: module.model.graph_convs.12.norm2_dict.shunt.module.running_mean	                [64]	        64
0: module.model.graph_convs.12.norm2_dict.shunt.module.running_var	                [64]	        64
0: module.model.graph_convs.12.norm2_dict.shunt.module.num_batches_tracked	                  []	         1
0: module.model.graph_convs.12.norm3_dict.bus.module.weight	                [64]	        64
0: module.model.graph_convs.12.norm3_dict.bus.module.bias	                [64]	        64
0: module.model.graph_convs.12.norm3_dict.bus.module.running_mean	                [64]	        64
0: module.model.graph_convs.12.norm3_dict.bus.module.running_var	                [64]	        64
0: module.model.graph_convs.12.norm3_dict.bus.module.num_batches_tracked	                  []	         1
0: module.model.graph_convs.12.norm3_dict.generator.module.weight	                [64]	        64
0: module.model.graph_convs.12.norm3_dict.generator.module.bias	                [64]	        64
0: module.model.graph_convs.12.norm3_dict.generator.module.running_mean	                [64]	        64
0: module.model.graph_convs.12.norm3_dict.generator.module.running_var	                [64]	        64
0: module.model.graph_convs.12.norm3_dict.generator.module.num_batches_tracked	                  []	         1
0: module.model.graph_convs.12.norm3_dict.load.module.weight	                [64]	        64
0: module.model.graph_convs.12.norm3_dict.load.module.bias	                [64]	        64
0: module.model.graph_convs.12.norm3_dict.load.module.running_mean	                [64]	        64
0: module.model.graph_convs.12.norm3_dict.load.module.running_var	                [64]	        64
0: module.model.graph_convs.12.norm3_dict.load.module.num_batches_tracked	                  []	         1
0: module.model.graph_convs.12.norm3_dict.shunt.module.weight	                [64]	        64
0: module.model.graph_convs.12.norm3_dict.shunt.module.bias	                [64]	        64
0: module.model.graph_convs.12.norm3_dict.shunt.module.running_mean	                [64]	        64
0: module.model.graph_convs.12.norm3_dict.shunt.module.running_var	                [64]	        64
0: module.model.graph_convs.12.norm3_dict.shunt.module.num_batches_tracked	                  []	         1
0:    module.model.graph_convs.13.attn.in_proj_weight	           [192, 64]	     12288
0:      module.model.graph_convs.13.attn.in_proj_bias	               [192]	       192
0:   module.model.graph_convs.13.attn.out_proj.weight	            [64, 64]	      4096
0:     module.model.graph_convs.13.attn.out_proj.bias	                [64]	        64
0:           module.model.graph_convs.13.mlp.0.weight	           [128, 64]	      8192
0:             module.model.graph_convs.13.mlp.0.bias	               [128]	       128
0:           module.model.graph_convs.13.mlp.3.weight	           [64, 128]	      8192
0:             module.model.graph_convs.13.mlp.3.bias	                [64]	        64
0: module.model.graph_convs.13.norm1_dict.bus.module.weight	                [64]	        64
0: module.model.graph_convs.13.norm1_dict.bus.module.bias	                [64]	        64
0: module.model.graph_convs.13.norm1_dict.bus.module.running_mean	                [64]	        64
0: module.model.graph_convs.13.norm1_dict.bus.module.running_var	                [64]	        64
0: module.model.graph_convs.13.norm1_dict.bus.module.num_batches_tracked	                  []	         1
0: module.model.graph_convs.13.norm1_dict.generator.module.weight	                [64]	        64
0: module.model.graph_convs.13.norm1_dict.generator.module.bias	                [64]	        64
0: module.model.graph_convs.13.norm1_dict.generator.module.running_mean	                [64]	        64
0: module.model.graph_convs.13.norm1_dict.generator.module.running_var	                [64]	        64
0: module.model.graph_convs.13.norm1_dict.generator.module.num_batches_tracked	                  []	         1
0: module.model.graph_convs.13.norm1_dict.load.module.weight	                [64]	        64
0: module.model.graph_convs.13.norm1_dict.load.module.bias	                [64]	        64
0: module.model.graph_convs.13.norm1_dict.load.module.running_mean	                [64]	        64
0: module.model.graph_convs.13.norm1_dict.load.module.running_var	                [64]	        64
0: module.model.graph_convs.13.norm1_dict.load.module.num_batches_tracked	                  []	         1
0: module.model.graph_convs.13.norm1_dict.shunt.module.weight	                [64]	        64
0: module.model.graph_convs.13.norm1_dict.shunt.module.bias	                [64]	        64
0: module.model.graph_convs.13.norm1_dict.shunt.module.running_mean	                [64]	        64
0: module.model.graph_convs.13.norm1_dict.shunt.module.running_var	                [64]	        64
0: module.model.graph_convs.13.norm1_dict.shunt.module.num_batches_tracked	                  []	         1
0: module.model.graph_convs.13.norm2_dict.bus.module.weight	                [64]	        64
0: module.model.graph_convs.13.norm2_dict.bus.module.bias	                [64]	        64
0: module.model.graph_convs.13.norm2_dict.bus.module.running_mean	                [64]	        64
0: module.model.graph_convs.13.norm2_dict.bus.module.running_var	                [64]	        64
0: module.model.graph_convs.13.norm2_dict.bus.module.num_batches_tracked	                  []	         1
0: module.model.graph_convs.13.norm2_dict.generator.module.weight	                [64]	        64
0: module.model.graph_convs.13.norm2_dict.generator.module.bias	                [64]	        64
0: module.model.graph_convs.13.norm2_dict.generator.module.running_mean	                [64]	        64
0: module.model.graph_convs.13.norm2_dict.generator.module.running_var	                [64]	        64
0: module.model.graph_convs.13.norm2_dict.generator.module.num_batches_tracked	                  []	         1
0: module.model.graph_convs.13.norm2_dict.load.module.weight	                [64]	        64
0: module.model.graph_convs.13.norm2_dict.load.module.bias	                [64]	        64
0: module.model.graph_convs.13.norm2_dict.load.module.running_mean	                [64]	        64
0: module.model.graph_convs.13.norm2_dict.load.module.running_var	                [64]	        64
0: module.model.graph_convs.13.norm2_dict.load.module.num_batches_tracked	                  []	         1
0: module.model.graph_convs.13.norm2_dict.shunt.module.weight	                [64]	        64
0: module.model.graph_convs.13.norm2_dict.shunt.module.bias	                [64]	        64
0: module.model.graph_convs.13.norm2_dict.shunt.module.running_mean	                [64]	        64
0: module.model.graph_convs.13.norm2_dict.shunt.module.running_var	                [64]	        64
0: module.model.graph_convs.13.norm2_dict.shunt.module.num_batches_tracked	                  []	         1
0: module.model.graph_convs.13.norm3_dict.bus.module.weight	                [64]	        64
0: module.model.graph_convs.13.norm3_dict.bus.module.bias	                [64]	        64
0: module.model.graph_convs.13.norm3_dict.bus.module.running_mean	                [64]	        64
0: module.model.graph_convs.13.norm3_dict.bus.module.running_var	                [64]	        64
0: module.model.graph_convs.13.norm3_dict.bus.module.num_batches_tracked	                  []	         1
0: module.model.graph_convs.13.norm3_dict.generator.module.weight	                [64]	        64
0: module.model.graph_convs.13.norm3_dict.generator.module.bias	                [64]	        64
0: module.model.graph_convs.13.norm3_dict.generator.module.running_mean	                [64]	        64
0: module.model.graph_convs.13.norm3_dict.generator.module.running_var	                [64]	        64
0: module.model.graph_convs.13.norm3_dict.generator.module.num_batches_tracked	                  []	         1
0: module.model.graph_convs.13.norm3_dict.load.module.weight	                [64]	        64
0: module.model.graph_convs.13.norm3_dict.load.module.bias	                [64]	        64
0: module.model.graph_convs.13.norm3_dict.load.module.running_mean	                [64]	        64
0: module.model.graph_convs.13.norm3_dict.load.module.running_var	                [64]	        64
0: module.model.graph_convs.13.norm3_dict.load.module.num_batches_tracked	                  []	         1
0: module.model.graph_convs.13.norm3_dict.shunt.module.weight	                [64]	        64
0: module.model.graph_convs.13.norm3_dict.shunt.module.bias	                [64]	        64
0: module.model.graph_convs.13.norm3_dict.shunt.module.running_mean	                [64]	        64
0: module.model.graph_convs.13.norm3_dict.shunt.module.running_var	                [64]	        64
0: module.model.graph_convs.13.norm3_dict.shunt.module.num_batches_tracked	                  []	         1
0:    module.model.graph_convs.14.attn.in_proj_weight	           [192, 64]	     12288
0:      module.model.graph_convs.14.attn.in_proj_bias	               [192]	       192
0:   module.model.graph_convs.14.attn.out_proj.weight	            [64, 64]	      4096
0:     module.model.graph_convs.14.attn.out_proj.bias	                [64]	        64
0:           module.model.graph_convs.14.mlp.0.weight	           [128, 64]	      8192
0:             module.model.graph_convs.14.mlp.0.bias	               [128]	       128
0:           module.model.graph_convs.14.mlp.3.weight	           [64, 128]	      8192
0:             module.model.graph_convs.14.mlp.3.bias	                [64]	        64
0: module.model.graph_convs.14.norm1_dict.bus.module.weight	                [64]	        64
0: module.model.graph_convs.14.norm1_dict.bus.module.bias	                [64]	        64
0: module.model.graph_convs.14.norm1_dict.bus.module.running_mean	                [64]	        64
0: module.model.graph_convs.14.norm1_dict.bus.module.running_var	                [64]	        64
0: module.model.graph_convs.14.norm1_dict.bus.module.num_batches_tracked	                  []	         1
0: module.model.graph_convs.14.norm1_dict.generator.module.weight	                [64]	        64
0: module.model.graph_convs.14.norm1_dict.generator.module.bias	                [64]	        64
0: module.model.graph_convs.14.norm1_dict.generator.module.running_mean	                [64]	        64
0: module.model.graph_convs.14.norm1_dict.generator.module.running_var	                [64]	        64
0: module.model.graph_convs.14.norm1_dict.generator.module.num_batches_tracked	                  []	         1
0: module.model.graph_convs.14.norm1_dict.load.module.weight	                [64]	        64
0: module.model.graph_convs.14.norm1_dict.load.module.bias	                [64]	        64
0: module.model.graph_convs.14.norm1_dict.load.module.running_mean	                [64]	        64
0: module.model.graph_convs.14.norm1_dict.load.module.running_var	                [64]	        64
0: module.model.graph_convs.14.norm1_dict.load.module.num_batches_tracked	                  []	         1
0: module.model.graph_convs.14.norm1_dict.shunt.module.weight	                [64]	        64
0: module.model.graph_convs.14.norm1_dict.shunt.module.bias	                [64]	        64
0: module.model.graph_convs.14.norm1_dict.shunt.module.running_mean	                [64]	        64
0: module.model.graph_convs.14.norm1_dict.shunt.module.running_var	                [64]	        64
0: module.model.graph_convs.14.norm1_dict.shunt.module.num_batches_tracked	                  []	         1
0: module.model.graph_convs.14.norm2_dict.bus.module.weight	                [64]	        64
0: module.model.graph_convs.14.norm2_dict.bus.module.bias	                [64]	        64
0: module.model.graph_convs.14.norm2_dict.bus.module.running_mean	                [64]	        64
0: module.model.graph_convs.14.norm2_dict.bus.module.running_var	                [64]	        64
0: module.model.graph_convs.14.norm2_dict.bus.module.num_batches_tracked	                  []	         1
0: module.model.graph_convs.14.norm2_dict.generator.module.weight	                [64]	        64
0: module.model.graph_convs.14.norm2_dict.generator.module.bias	                [64]	        64
0: module.model.graph_convs.14.norm2_dict.generator.module.running_mean	                [64]	        64
0: module.model.graph_convs.14.norm2_dict.generator.module.running_var	                [64]	        64
0: module.model.graph_convs.14.norm2_dict.generator.module.num_batches_tracked	                  []	         1
0: module.model.graph_convs.14.norm2_dict.load.module.weight	                [64]	        64
0: module.model.graph_convs.14.norm2_dict.load.module.bias	                [64]	        64
0: module.model.graph_convs.14.norm2_dict.load.module.running_mean	                [64]	        64
0: module.model.graph_convs.14.norm2_dict.load.module.running_var	                [64]	        64
0: module.model.graph_convs.14.norm2_dict.load.module.num_batches_tracked	                  []	         1
0: module.model.graph_convs.14.norm2_dict.shunt.module.weight	                [64]	        64
0: module.model.graph_convs.14.norm2_dict.shunt.module.bias	                [64]	        64
0: module.model.graph_convs.14.norm2_dict.shunt.module.running_mean	                [64]	        64
0: module.model.graph_convs.14.norm2_dict.shunt.module.running_var	                [64]	        64
0: module.model.graph_convs.14.norm2_dict.shunt.module.num_batches_tracked	                  []	         1
0: module.model.graph_convs.14.norm3_dict.bus.module.weight	                [64]	        64
0: module.model.graph_convs.14.norm3_dict.bus.module.bias	                [64]	        64
0: module.model.graph_convs.14.norm3_dict.bus.module.running_mean	                [64]	        64
0: module.model.graph_convs.14.norm3_dict.bus.module.running_var	                [64]	        64
0: module.model.graph_convs.14.norm3_dict.bus.module.num_batches_tracked	                  []	         1
0: module.model.graph_convs.14.norm3_dict.generator.module.weight	                [64]	        64
0: module.model.graph_convs.14.norm3_dict.generator.module.bias	                [64]	        64
0: module.model.graph_convs.14.norm3_dict.generator.module.running_mean	                [64]	        64
0: module.model.graph_convs.14.norm3_dict.generator.module.running_var	                [64]	        64
0: module.model.graph_convs.14.norm3_dict.generator.module.num_batches_tracked	                  []	         1
0: module.model.graph_convs.14.norm3_dict.load.module.weight	                [64]	        64
0: module.model.graph_convs.14.norm3_dict.load.module.bias	                [64]	        64
0: module.model.graph_convs.14.norm3_dict.load.module.running_mean	                [64]	        64
0: module.model.graph_convs.14.norm3_dict.load.module.running_var	                [64]	        64
0: module.model.graph_convs.14.norm3_dict.load.module.num_batches_tracked	                  []	         1
0: module.model.graph_convs.14.norm3_dict.shunt.module.weight	                [64]	        64
0: module.model.graph_convs.14.norm3_dict.shunt.module.bias	                [64]	        64
0: module.model.graph_convs.14.norm3_dict.shunt.module.running_mean	                [64]	        64
0: module.model.graph_convs.14.norm3_dict.shunt.module.running_var	                [64]	        64
0: module.model.graph_convs.14.norm3_dict.shunt.module.num_batches_tracked	                  []	         1
0:    module.model.graph_convs.15.attn.in_proj_weight	           [192, 64]	     12288
0:      module.model.graph_convs.15.attn.in_proj_bias	               [192]	       192
0:   module.model.graph_convs.15.attn.out_proj.weight	            [64, 64]	      4096
0:     module.model.graph_convs.15.attn.out_proj.bias	                [64]	        64
0:           module.model.graph_convs.15.mlp.0.weight	           [128, 64]	      8192
0:             module.model.graph_convs.15.mlp.0.bias	               [128]	       128
0:           module.model.graph_convs.15.mlp.3.weight	           [64, 128]	      8192
0:             module.model.graph_convs.15.mlp.3.bias	                [64]	        64
0: module.model.graph_convs.15.norm1_dict.bus.module.weight	                [64]	        64
0: module.model.graph_convs.15.norm1_dict.bus.module.bias	                [64]	        64
0: module.model.graph_convs.15.norm1_dict.bus.module.running_mean	                [64]	        64
0: module.model.graph_convs.15.norm1_dict.bus.module.running_var	                [64]	        64
0: module.model.graph_convs.15.norm1_dict.bus.module.num_batches_tracked	                  []	         1
0: module.model.graph_convs.15.norm1_dict.generator.module.weight	                [64]	        64
0: module.model.graph_convs.15.norm1_dict.generator.module.bias	                [64]	        64
0: module.model.graph_convs.15.norm1_dict.generator.module.running_mean	                [64]	        64
0: module.model.graph_convs.15.norm1_dict.generator.module.running_var	                [64]	        64
0: module.model.graph_convs.15.norm1_dict.generator.module.num_batches_tracked	                  []	         1
0: module.model.graph_convs.15.norm1_dict.load.module.weight	                [64]	        64
0: module.model.graph_convs.15.norm1_dict.load.module.bias	                [64]	        64
0: module.model.graph_convs.15.norm1_dict.load.module.running_mean	                [64]	        64
0: module.model.graph_convs.15.norm1_dict.load.module.running_var	                [64]	        64
0: module.model.graph_convs.15.norm1_dict.load.module.num_batches_tracked	                  []	         1
0: module.model.graph_convs.15.norm1_dict.shunt.module.weight	                [64]	        64
0: module.model.graph_convs.15.norm1_dict.shunt.module.bias	                [64]	        64
0: module.model.graph_convs.15.norm1_dict.shunt.module.running_mean	                [64]	        64
0: module.model.graph_convs.15.norm1_dict.shunt.module.running_var	                [64]	        64
0: module.model.graph_convs.15.norm1_dict.shunt.module.num_batches_tracked	                  []	         1
0: module.model.graph_convs.15.norm2_dict.bus.module.weight	                [64]	        64
0: module.model.graph_convs.15.norm2_dict.bus.module.bias	                [64]	        64
0: module.model.graph_convs.15.norm2_dict.bus.module.running_mean	                [64]	        64
0: module.model.graph_convs.15.norm2_dict.bus.module.running_var	                [64]	        64
0: module.model.graph_convs.15.norm2_dict.bus.module.num_batches_tracked	                  []	         1
0: module.model.graph_convs.15.norm2_dict.generator.module.weight	                [64]	        64
0: module.model.graph_convs.15.norm2_dict.generator.module.bias	                [64]	        64
0: module.model.graph_convs.15.norm2_dict.generator.module.running_mean	                [64]	        64
0: module.model.graph_convs.15.norm2_dict.generator.module.running_var	                [64]	        64
0: module.model.graph_convs.15.norm2_dict.generator.module.num_batches_tracked	                  []	         1
0: module.model.graph_convs.15.norm2_dict.load.module.weight	                [64]	        64
0: module.model.graph_convs.15.norm2_dict.load.module.bias	                [64]	        64
0: module.model.graph_convs.15.norm2_dict.load.module.running_mean	                [64]	        64
0: module.model.graph_convs.15.norm2_dict.load.module.running_var	                [64]	        64
0: module.model.graph_convs.15.norm2_dict.load.module.num_batches_tracked	                  []	         1
0: module.model.graph_convs.15.norm2_dict.shunt.module.weight	                [64]	        64
0: module.model.graph_convs.15.norm2_dict.shunt.module.bias	                [64]	        64
0: module.model.graph_convs.15.norm2_dict.shunt.module.running_mean	                [64]	        64
0: module.model.graph_convs.15.norm2_dict.shunt.module.running_var	                [64]	        64
0: module.model.graph_convs.15.norm2_dict.shunt.module.num_batches_tracked	                  []	         1
0: module.model.graph_convs.15.norm3_dict.bus.module.weight	                [64]	        64
0: module.model.graph_convs.15.norm3_dict.bus.module.bias	                [64]	        64
0: module.model.graph_convs.15.norm3_dict.bus.module.running_mean	                [64]	        64
0: module.model.graph_convs.15.norm3_dict.bus.module.running_var	                [64]	        64
0: module.model.graph_convs.15.norm3_dict.bus.module.num_batches_tracked	                  []	         1
0: module.model.graph_convs.15.norm3_dict.generator.module.weight	                [64]	        64
0: module.model.graph_convs.15.norm3_dict.generator.module.bias	                [64]	        64
0: module.model.graph_convs.15.norm3_dict.generator.module.running_mean	                [64]	        64
0: module.model.graph_convs.15.norm3_dict.generator.module.running_var	                [64]	        64
0: module.model.graph_convs.15.norm3_dict.generator.module.num_batches_tracked	                  []	         1
0: module.model.graph_convs.15.norm3_dict.load.module.weight	                [64]	        64
0: module.model.graph_convs.15.norm3_dict.load.module.bias	                [64]	        64
0: module.model.graph_convs.15.norm3_dict.load.module.running_mean	                [64]	        64
0: module.model.graph_convs.15.norm3_dict.load.module.running_var	                [64]	        64
0: module.model.graph_convs.15.norm3_dict.load.module.num_batches_tracked	                  []	         1
0: module.model.graph_convs.15.norm3_dict.shunt.module.weight	                [64]	        64
0: module.model.graph_convs.15.norm3_dict.shunt.module.bias	                [64]	        64
0: module.model.graph_convs.15.norm3_dict.shunt.module.running_mean	                [64]	        64
0: module.model.graph_convs.15.norm3_dict.shunt.module.running_var	                [64]	        64
0: module.model.graph_convs.15.norm3_dict.shunt.module.num_batches_tracked	                  []	         1
0:    module.model.feature_layers.0.bus.module.weight	                [64]	        64
0:      module.model.feature_layers.0.bus.module.bias	                [64]	        64
0: module.model.feature_layers.0.bus.module.running_mean	                [64]	        64
0: module.model.feature_layers.0.bus.module.running_var	                [64]	        64
0: module.model.feature_layers.0.bus.module.num_batches_tracked	                  []	         1
0: module.model.feature_layers.0.generator.module.weight	                [64]	        64
0: module.model.feature_layers.0.generator.module.bias	                [64]	        64
0: module.model.feature_layers.0.generator.module.running_mean	                [64]	        64
0: module.model.feature_layers.0.generator.module.running_var	                [64]	        64
0: module.model.feature_layers.0.generator.module.num_batches_tracked	                  []	         1
0:   module.model.feature_layers.0.load.module.weight	                [64]	        64
0:     module.model.feature_layers.0.load.module.bias	                [64]	        64
0: module.model.feature_layers.0.load.module.running_mean	                [64]	        64
0: module.model.feature_layers.0.load.module.running_var	                [64]	        64
0: module.model.feature_layers.0.load.module.num_batches_tracked	                  []	         1
0:  module.model.feature_layers.0.shunt.module.weight	                [64]	        64
0:    module.model.feature_layers.0.shunt.module.bias	                [64]	        64
0: module.model.feature_layers.0.shunt.module.running_mean	                [64]	        64
0: module.model.feature_layers.0.shunt.module.running_var	                [64]	        64
0: module.model.feature_layers.0.shunt.module.num_batches_tracked	                  []	         1
0:    module.model.feature_layers.1.bus.module.weight	                [64]	        64
0:      module.model.feature_layers.1.bus.module.bias	                [64]	        64
0: module.model.feature_layers.1.bus.module.running_mean	                [64]	        64
0: module.model.feature_layers.1.bus.module.running_var	                [64]	        64
0: module.model.feature_layers.1.bus.module.num_batches_tracked	                  []	         1
0: module.model.feature_layers.1.generator.module.weight	                [64]	        64
0: module.model.feature_layers.1.generator.module.bias	                [64]	        64
0: module.model.feature_layers.1.generator.module.running_mean	                [64]	        64
0: module.model.feature_layers.1.generator.module.running_var	                [64]	        64
0: module.model.feature_layers.1.generator.module.num_batches_tracked	                  []	         1
0:   module.model.feature_layers.1.load.module.weight	                [64]	        64
0:     module.model.feature_layers.1.load.module.bias	                [64]	        64
0: module.model.feature_layers.1.load.module.running_mean	                [64]	        64
0: module.model.feature_layers.1.load.module.running_var	                [64]	        64
0: module.model.feature_layers.1.load.module.num_batches_tracked	                  []	         1
0:  module.model.feature_layers.1.shunt.module.weight	                [64]	        64
0:    module.model.feature_layers.1.shunt.module.bias	                [64]	        64
0: module.model.feature_layers.1.shunt.module.running_mean	                [64]	        64
0: module.model.feature_layers.1.shunt.module.running_var	                [64]	        64
0: module.model.feature_layers.1.shunt.module.num_batches_tracked	                  []	         1
0:    module.model.feature_layers.2.bus.module.weight	                [64]	        64
0:      module.model.feature_layers.2.bus.module.bias	                [64]	        64
0: module.model.feature_layers.2.bus.module.running_mean	                [64]	        64
0: module.model.feature_layers.2.bus.module.running_var	                [64]	        64
0: module.model.feature_layers.2.bus.module.num_batches_tracked	                  []	         1
0: module.model.feature_layers.2.generator.module.weight	                [64]	        64
0: module.model.feature_layers.2.generator.module.bias	                [64]	        64
0: module.model.feature_layers.2.generator.module.running_mean	                [64]	        64
0: module.model.feature_layers.2.generator.module.running_var	                [64]	        64
0: module.model.feature_layers.2.generator.module.num_batches_tracked	                  []	         1
0:   module.model.feature_layers.2.load.module.weight	                [64]	        64
0:     module.model.feature_layers.2.load.module.bias	                [64]	        64
0: module.model.feature_layers.2.load.module.running_mean	                [64]	        64
0: module.model.feature_layers.2.load.module.running_var	                [64]	        64
0: module.model.feature_layers.2.load.module.num_batches_tracked	                  []	         1
0:  module.model.feature_layers.2.shunt.module.weight	                [64]	        64
0:    module.model.feature_layers.2.shunt.module.bias	                [64]	        64
0: module.model.feature_layers.2.shunt.module.running_mean	                [64]	        64
0: module.model.feature_layers.2.shunt.module.running_var	                [64]	        64
0: module.model.feature_layers.2.shunt.module.num_batches_tracked	                  []	         1
0:    module.model.feature_layers.3.bus.module.weight	                [64]	        64
0:      module.model.feature_layers.3.bus.module.bias	                [64]	        64
0: module.model.feature_layers.3.bus.module.running_mean	                [64]	        64
0: module.model.feature_layers.3.bus.module.running_var	                [64]	        64
0: module.model.feature_layers.3.bus.module.num_batches_tracked	                  []	         1
0: module.model.feature_layers.3.generator.module.weight	                [64]	        64
0: module.model.feature_layers.3.generator.module.bias	                [64]	        64
0: module.model.feature_layers.3.generator.module.running_mean	                [64]	        64
0: module.model.feature_layers.3.generator.module.running_var	                [64]	        64
0: module.model.feature_layers.3.generator.module.num_batches_tracked	                  []	         1
0:   module.model.feature_layers.3.load.module.weight	                [64]	        64
0:     module.model.feature_layers.3.load.module.bias	                [64]	        64
0: module.model.feature_layers.3.load.module.running_mean	                [64]	        64
0: module.model.feature_layers.3.load.module.running_var	                [64]	        64
0: module.model.feature_layers.3.load.module.num_batches_tracked	                  []	         1
0:  module.model.feature_layers.3.shunt.module.weight	                [64]	        64
0:    module.model.feature_layers.3.shunt.module.bias	                [64]	        64
0: module.model.feature_layers.3.shunt.module.running_mean	                [64]	        64
0: module.model.feature_layers.3.shunt.module.running_var	                [64]	        64
0: module.model.feature_layers.3.shunt.module.num_batches_tracked	                  []	         1
0:    module.model.feature_layers.4.bus.module.weight	                [64]	        64
0:      module.model.feature_layers.4.bus.module.bias	                [64]	        64
0: module.model.feature_layers.4.bus.module.running_mean	                [64]	        64
0: module.model.feature_layers.4.bus.module.running_var	                [64]	        64
0: module.model.feature_layers.4.bus.module.num_batches_tracked	                  []	         1
0: module.model.feature_layers.4.generator.module.weight	                [64]	        64
0: module.model.feature_layers.4.generator.module.bias	                [64]	        64
0: module.model.feature_layers.4.generator.module.running_mean	                [64]	        64
0: module.model.feature_layers.4.generator.module.running_var	                [64]	        64
0: module.model.feature_layers.4.generator.module.num_batches_tracked	                  []	         1
0:   module.model.feature_layers.4.load.module.weight	                [64]	        64
0:     module.model.feature_layers.4.load.module.bias	                [64]	        64
0: module.model.feature_layers.4.load.module.running_mean	                [64]	        64
0: module.model.feature_layers.4.load.module.running_var	                [64]	        64
0: module.model.feature_layers.4.load.module.num_batches_tracked	                  []	         1
0:  module.model.feature_layers.4.shunt.module.weight	                [64]	        64
0:    module.model.feature_layers.4.shunt.module.bias	                [64]	        64
0: module.model.feature_layers.4.shunt.module.running_mean	                [64]	        64
0: module.model.feature_layers.4.shunt.module.running_var	                [64]	        64
0: module.model.feature_layers.4.shunt.module.num_batches_tracked	                  []	         1
0:    module.model.feature_layers.5.bus.module.weight	                [64]	        64
0:      module.model.feature_layers.5.bus.module.bias	                [64]	        64
0: module.model.feature_layers.5.bus.module.running_mean	                [64]	        64
0: module.model.feature_layers.5.bus.module.running_var	                [64]	        64
0: module.model.feature_layers.5.bus.module.num_batches_tracked	                  []	         1
0: module.model.feature_layers.5.generator.module.weight	                [64]	        64
0: module.model.feature_layers.5.generator.module.bias	                [64]	        64
0: module.model.feature_layers.5.generator.module.running_mean	                [64]	        64
0: module.model.feature_layers.5.generator.module.running_var	                [64]	        64
0: module.model.feature_layers.5.generator.module.num_batches_tracked	                  []	         1
0:   module.model.feature_layers.5.load.module.weight	                [64]	        64
0:     module.model.feature_layers.5.load.module.bias	                [64]	        64
0: module.model.feature_layers.5.load.module.running_mean	                [64]	        64
0: module.model.feature_layers.5.load.module.running_var	                [64]	        64
0: module.model.feature_layers.5.load.module.num_batches_tracked	                  []	         1
0:  module.model.feature_layers.5.shunt.module.weight	                [64]	        64
0:    module.model.feature_layers.5.shunt.module.bias	                [64]	        64
0: module.model.feature_layers.5.shunt.module.running_mean	                [64]	        64
0: module.model.feature_layers.5.shunt.module.running_var	                [64]	        64
0: module.model.feature_layers.5.shunt.module.num_batches_tracked	                  []	         1
0:    module.model.feature_layers.6.bus.module.weight	                [64]	        64
0:      module.model.feature_layers.6.bus.module.bias	                [64]	        64
0: module.model.feature_layers.6.bus.module.running_mean	                [64]	        64
0: module.model.feature_layers.6.bus.module.running_var	                [64]	        64
0: module.model.feature_layers.6.bus.module.num_batches_tracked	                  []	         1
0: module.model.feature_layers.6.generator.module.weight	                [64]	        64
0: module.model.feature_layers.6.generator.module.bias	                [64]	        64
0: module.model.feature_layers.6.generator.module.running_mean	                [64]	        64
0: module.model.feature_layers.6.generator.module.running_var	                [64]	        64
0: module.model.feature_layers.6.generator.module.num_batches_tracked	                  []	         1
0:   module.model.feature_layers.6.load.module.weight	                [64]	        64
0:     module.model.feature_layers.6.load.module.bias	                [64]	        64
0: module.model.feature_layers.6.load.module.running_mean	                [64]	        64
0: module.model.feature_layers.6.load.module.running_var	                [64]	        64
0: module.model.feature_layers.6.load.module.num_batches_tracked	                  []	         1
0:  module.model.feature_layers.6.shunt.module.weight	                [64]	        64
0:    module.model.feature_layers.6.shunt.module.bias	                [64]	        64
0: module.model.feature_layers.6.shunt.module.running_mean	                [64]	        64
0: module.model.feature_layers.6.shunt.module.running_var	                [64]	        64
0: module.model.feature_layers.6.shunt.module.num_batches_tracked	                  []	         1
0:    module.model.feature_layers.7.bus.module.weight	                [64]	        64
0:      module.model.feature_layers.7.bus.module.bias	                [64]	        64
0: module.model.feature_layers.7.bus.module.running_mean	                [64]	        64
0: module.model.feature_layers.7.bus.module.running_var	                [64]	        64
0: module.model.feature_layers.7.bus.module.num_batches_tracked	                  []	         1
0: module.model.feature_layers.7.generator.module.weight	                [64]	        64
0: module.model.feature_layers.7.generator.module.bias	                [64]	        64
0: module.model.feature_layers.7.generator.module.running_mean	                [64]	        64
0: module.model.feature_layers.7.generator.module.running_var	                [64]	        64
0: module.model.feature_layers.7.generator.module.num_batches_tracked	                  []	         1
0:   module.model.feature_layers.7.load.module.weight	                [64]	        64
0:     module.model.feature_layers.7.load.module.bias	                [64]	        64
0: module.model.feature_layers.7.load.module.running_mean	                [64]	        64
0: module.model.feature_layers.7.load.module.running_var	                [64]	        64
0: module.model.feature_layers.7.load.module.num_batches_tracked	                  []	         1
0:  module.model.feature_layers.7.shunt.module.weight	                [64]	        64
0:    module.model.feature_layers.7.shunt.module.bias	                [64]	        64
0: module.model.feature_layers.7.shunt.module.running_mean	                [64]	        64
0: module.model.feature_layers.7.shunt.module.running_var	                [64]	        64
0: module.model.feature_layers.7.shunt.module.num_batches_tracked	                  []	         1
0:    module.model.feature_layers.8.bus.module.weight	                [64]	        64
0:      module.model.feature_layers.8.bus.module.bias	                [64]	        64
0: module.model.feature_layers.8.bus.module.running_mean	                [64]	        64
0: module.model.feature_layers.8.bus.module.running_var	                [64]	        64
0: module.model.feature_layers.8.bus.module.num_batches_tracked	                  []	         1
0: module.model.feature_layers.8.generator.module.weight	                [64]	        64
0: module.model.feature_layers.8.generator.module.bias	                [64]	        64
0: module.model.feature_layers.8.generator.module.running_mean	                [64]	        64
0: module.model.feature_layers.8.generator.module.running_var	                [64]	        64
0: module.model.feature_layers.8.generator.module.num_batches_tracked	                  []	         1
0:   module.model.feature_layers.8.load.module.weight	                [64]	        64
0:     module.model.feature_layers.8.load.module.bias	                [64]	        64
0: module.model.feature_layers.8.load.module.running_mean	                [64]	        64
0: module.model.feature_layers.8.load.module.running_var	                [64]	        64
0: module.model.feature_layers.8.load.module.num_batches_tracked	                  []	         1
0:  module.model.feature_layers.8.shunt.module.weight	                [64]	        64
0:    module.model.feature_layers.8.shunt.module.bias	                [64]	        64
0: module.model.feature_layers.8.shunt.module.running_mean	                [64]	        64
0: module.model.feature_layers.8.shunt.module.running_var	                [64]	        64
0: module.model.feature_layers.8.shunt.module.num_batches_tracked	                  []	         1
0:    module.model.feature_layers.9.bus.module.weight	                [64]	        64
0:      module.model.feature_layers.9.bus.module.bias	                [64]	        64
0: module.model.feature_layers.9.bus.module.running_mean	                [64]	        64
0: module.model.feature_layers.9.bus.module.running_var	                [64]	        64
0: module.model.feature_layers.9.bus.module.num_batches_tracked	                  []	         1
0: module.model.feature_layers.9.generator.module.weight	                [64]	        64
0: module.model.feature_layers.9.generator.module.bias	                [64]	        64
0: module.model.feature_layers.9.generator.module.running_mean	                [64]	        64
0: module.model.feature_layers.9.generator.module.running_var	                [64]	        64
0: module.model.feature_layers.9.generator.module.num_batches_tracked	                  []	         1
0:   module.model.feature_layers.9.load.module.weight	                [64]	        64
0:     module.model.feature_layers.9.load.module.bias	                [64]	        64
0: module.model.feature_layers.9.load.module.running_mean	                [64]	        64
0: module.model.feature_layers.9.load.module.running_var	                [64]	        64
0: module.model.feature_layers.9.load.module.num_batches_tracked	                  []	         1
0:  module.model.feature_layers.9.shunt.module.weight	                [64]	        64
0:    module.model.feature_layers.9.shunt.module.bias	                [64]	        64
0: module.model.feature_layers.9.shunt.module.running_mean	                [64]	        64
0: module.model.feature_layers.9.shunt.module.running_var	                [64]	        64
0: module.model.feature_layers.9.shunt.module.num_batches_tracked	                  []	         1
0:   module.model.feature_layers.10.bus.module.weight	                [64]	        64
0:     module.model.feature_layers.10.bus.module.bias	                [64]	        64
0: module.model.feature_layers.10.bus.module.running_mean	                [64]	        64
0: module.model.feature_layers.10.bus.module.running_var	                [64]	        64
0: module.model.feature_layers.10.bus.module.num_batches_tracked	                  []	         1
0: module.model.feature_layers.10.generator.module.weight	                [64]	        64
0: module.model.feature_layers.10.generator.module.bias	                [64]	        64
0: module.model.feature_layers.10.generator.module.running_mean	                [64]	        64
0: module.model.feature_layers.10.generator.module.running_var	                [64]	        64
0: module.model.feature_layers.10.generator.module.num_batches_tracked	                  []	         1
0:  module.model.feature_layers.10.load.module.weight	                [64]	        64
0:    module.model.feature_layers.10.load.module.bias	                [64]	        64
0: module.model.feature_layers.10.load.module.running_mean	                [64]	        64
0: module.model.feature_layers.10.load.module.running_var	                [64]	        64
0: module.model.feature_layers.10.load.module.num_batches_tracked	                  []	         1
0: module.model.feature_layers.10.shunt.module.weight	                [64]	        64
0:   module.model.feature_layers.10.shunt.module.bias	                [64]	        64
0: module.model.feature_layers.10.shunt.module.running_mean	                [64]	        64
0: module.model.feature_layers.10.shunt.module.running_var	                [64]	        64
0: module.model.feature_layers.10.shunt.module.num_batches_tracked	                  []	         1
0:   module.model.feature_layers.11.bus.module.weight	                [64]	        64
0:     module.model.feature_layers.11.bus.module.bias	                [64]	        64
0: module.model.feature_layers.11.bus.module.running_mean	                [64]	        64
0: module.model.feature_layers.11.bus.module.running_var	                [64]	        64
0: module.model.feature_layers.11.bus.module.num_batches_tracked	                  []	         1
0: module.model.feature_layers.11.generator.module.weight	                [64]	        64
0: module.model.feature_layers.11.generator.module.bias	                [64]	        64
0: module.model.feature_layers.11.generator.module.running_mean	                [64]	        64
0: module.model.feature_layers.11.generator.module.running_var	                [64]	        64
0: module.model.feature_layers.11.generator.module.num_batches_tracked	                  []	         1
0:  module.model.feature_layers.11.load.module.weight	                [64]	        64
0:    module.model.feature_layers.11.load.module.bias	                [64]	        64
0: module.model.feature_layers.11.load.module.running_mean	                [64]	        64
0: module.model.feature_layers.11.load.module.running_var	                [64]	        64
0: module.model.feature_layers.11.load.module.num_batches_tracked	                  []	         1
0: module.model.feature_layers.11.shunt.module.weight	                [64]	        64
0:   module.model.feature_layers.11.shunt.module.bias	                [64]	        64
0: module.model.feature_layers.11.shunt.module.running_mean	                [64]	        64
0: module.model.feature_layers.11.shunt.module.running_var	                [64]	        64
0: module.model.feature_layers.11.shunt.module.num_batches_tracked	                  []	         1
0:   module.model.feature_layers.12.bus.module.weight	                [64]	        64
0:     module.model.feature_layers.12.bus.module.bias	                [64]	        64
0: module.model.feature_layers.12.bus.module.running_mean	                [64]	        64
0: module.model.feature_layers.12.bus.module.running_var	                [64]	        64
0: module.model.feature_layers.12.bus.module.num_batches_tracked	                  []	         1
0: module.model.feature_layers.12.generator.module.weight	                [64]	        64
0: module.model.feature_layers.12.generator.module.bias	                [64]	        64
0: module.model.feature_layers.12.generator.module.running_mean	                [64]	        64
0: module.model.feature_layers.12.generator.module.running_var	                [64]	        64
0: module.model.feature_layers.12.generator.module.num_batches_tracked	                  []	         1
0:  module.model.feature_layers.12.load.module.weight	                [64]	        64
0:    module.model.feature_layers.12.load.module.bias	                [64]	        64
0: module.model.feature_layers.12.load.module.running_mean	                [64]	        64
0: module.model.feature_layers.12.load.module.running_var	                [64]	        64
0: module.model.feature_layers.12.load.module.num_batches_tracked	                  []	         1
0: module.model.feature_layers.12.shunt.module.weight	                [64]	        64
0:   module.model.feature_layers.12.shunt.module.bias	                [64]	        64
0: module.model.feature_layers.12.shunt.module.running_mean	                [64]	        64
0: module.model.feature_layers.12.shunt.module.running_var	                [64]	        64
0: module.model.feature_layers.12.shunt.module.num_batches_tracked	                  []	         1
0:   module.model.feature_layers.13.bus.module.weight	                [64]	        64
0:     module.model.feature_layers.13.bus.module.bias	                [64]	        64
0: module.model.feature_layers.13.bus.module.running_mean	                [64]	        64
0: module.model.feature_layers.13.bus.module.running_var	                [64]	        64
0: module.model.feature_layers.13.bus.module.num_batches_tracked	                  []	         1
0: module.model.feature_layers.13.generator.module.weight	                [64]	        64
0: module.model.feature_layers.13.generator.module.bias	                [64]	        64
0: module.model.feature_layers.13.generator.module.running_mean	                [64]	        64
0: module.model.feature_layers.13.generator.module.running_var	                [64]	        64
0: module.model.feature_layers.13.generator.module.num_batches_tracked	                  []	         1
0:  module.model.feature_layers.13.load.module.weight	                [64]	        64
0:    module.model.feature_layers.13.load.module.bias	                [64]	        64
0: module.model.feature_layers.13.load.module.running_mean	                [64]	        64
0: module.model.feature_layers.13.load.module.running_var	                [64]	        64
0: module.model.feature_layers.13.load.module.num_batches_tracked	                  []	         1
0: module.model.feature_layers.13.shunt.module.weight	                [64]	        64
0:   module.model.feature_layers.13.shunt.module.bias	                [64]	        64
0: module.model.feature_layers.13.shunt.module.running_mean	                [64]	        64
0: module.model.feature_layers.13.shunt.module.running_var	                [64]	        64
0: module.model.feature_layers.13.shunt.module.num_batches_tracked	                  []	         1
0:   module.model.feature_layers.14.bus.module.weight	                [64]	        64
0:     module.model.feature_layers.14.bus.module.bias	                [64]	        64
0: module.model.feature_layers.14.bus.module.running_mean	                [64]	        64
0: module.model.feature_layers.14.bus.module.running_var	                [64]	        64
0: module.model.feature_layers.14.bus.module.num_batches_tracked	                  []	         1
0: module.model.feature_layers.14.generator.module.weight	                [64]	        64
0: module.model.feature_layers.14.generator.module.bias	                [64]	        64
0: module.model.feature_layers.14.generator.module.running_mean	                [64]	        64
0: module.model.feature_layers.14.generator.module.running_var	                [64]	        64
0: module.model.feature_layers.14.generator.module.num_batches_tracked	                  []	         1
0:  module.model.feature_layers.14.load.module.weight	                [64]	        64
0:    module.model.feature_layers.14.load.module.bias	                [64]	        64
0: module.model.feature_layers.14.load.module.running_mean	                [64]	        64
0: module.model.feature_layers.14.load.module.running_var	                [64]	        64
0: module.model.feature_layers.14.load.module.num_batches_tracked	                  []	         1
0: module.model.feature_layers.14.shunt.module.weight	                [64]	        64
0:   module.model.feature_layers.14.shunt.module.bias	                [64]	        64
0: module.model.feature_layers.14.shunt.module.running_mean	                [64]	        64
0: module.model.feature_layers.14.shunt.module.running_var	                [64]	        64
0: module.model.feature_layers.14.shunt.module.num_batches_tracked	                  []	         1
0:   module.model.feature_layers.15.bus.module.weight	                [64]	        64
0:     module.model.feature_layers.15.bus.module.bias	                [64]	        64
0: module.model.feature_layers.15.bus.module.running_mean	                [64]	        64
0: module.model.feature_layers.15.bus.module.running_var	                [64]	        64
0: module.model.feature_layers.15.bus.module.num_batches_tracked	                  []	         1
0: module.model.feature_layers.15.generator.module.weight	                [64]	        64
0: module.model.feature_layers.15.generator.module.bias	                [64]	        64
0: module.model.feature_layers.15.generator.module.running_mean	                [64]	        64
0: module.model.feature_layers.15.generator.module.running_var	                [64]	        64
0: module.model.feature_layers.15.generator.module.num_batches_tracked	                  []	         1
0:  module.model.feature_layers.15.load.module.weight	                [64]	        64
0:    module.model.feature_layers.15.load.module.bias	                [64]	        64
0: module.model.feature_layers.15.load.module.running_mean	                [64]	        64
0: module.model.feature_layers.15.load.module.running_var	                [64]	        64
0: module.model.feature_layers.15.load.module.num_batches_tracked	                  []	         1
0: module.model.feature_layers.15.shunt.module.weight	                [64]	        64
0:   module.model.feature_layers.15.shunt.module.bias	                [64]	        64
0: module.model.feature_layers.15.shunt.module.running_mean	                [64]	        64
0: module.model.feature_layers.15.shunt.module.running_var	                [64]	        64
0: module.model.feature_layers.15.shunt.module.num_batches_tracked	                  []	         1
0:             module.model.node_embedders.bus.weight	             [64, 4]	       256
0:               module.model.node_embedders.bus.bias	                [64]	        64
0:       module.model.node_embedders.generator.weight	            [64, 11]	       704
0:         module.model.node_embedders.generator.bias	                [64]	        64
0:            module.model.node_embedders.load.weight	             [64, 2]	       128
0:              module.model.node_embedders.load.bias	                [64]	        64
0:           module.model.node_embedders.shunt.weight	             [64, 2]	       128
0:             module.model.node_embedders.shunt.bias	                [64]	        64
0:    module.model.heads_NN.0.branch-0.mlp.0.0.weight	            [32, 64]	      2048
0:      module.model.heads_NN.0.branch-0.mlp.0.0.bias	                [32]	        32
0:    module.model.heads_NN.0.branch-0.mlp.0.2.weight	            [16, 32]	       512
0:      module.model.heads_NN.0.branch-0.mlp.0.2.bias	                [16]	        16
0:    module.model.heads_NN.0.branch-0.mlp.0.4.weight	             [2, 16]	        32
0:      module.model.heads_NN.0.branch-0.mlp.0.4.bias	                 [2]	         2
0: --------------------------------------------------
0:                                              Total	                    	    601362
0: All (total, MB): 601362 2.29499
[diag][rank 0][626224.760] Exited print_model
[diag][rank 0][626224.760] Entering load_existing_model_config
[diag][rank 0][626224.760] Exited load_existing_model_config
[diag][rank 0][626224.760] Entering train_validate_test
[precision-diagnostic] requested=fp32 model_param_dtype=torch.float32
[precision-diagnostic] first_batch_float_dtype=torch.float32
[rank8]: Traceback (most recent call last):
[rank8]:   File "/lustre/orion/lrn070/proj-shared/ndelingat/HydraGNN/examples/opf/train_opf_solution_heterogeneous.py", line 1387, in <module>
[rank8]:     hydragnn.train.train_validate_test(
[rank8]:   File "/lustre/orion/lrn070/proj-shared/ndelingat/HydraGNN/hydragnn/train/train_validate_test.py", line 341, in train_validate_test
[rank8]:     train_result = train(
[rank8]:                    ^^^^^^
[rank8]:   File "/lustre/orion/lrn070/proj-shared/ndelingat/HydraGNN/hydragnn/train/train_validate_test.py", line 824, in train
[rank8]:     pred = model(data)
[rank8]:            ^^^^^^^^^^^
[rank8]:   File "/lustre/orion/lrn070/proj-shared/ndelingat/HydraGNN/installation_DOE_supercomputers/HydraGNN-Installation-Frontier/hydragnn_venv/lib/python3.11/site-packages/torch/nn/modules/module.py", line 1778, in _wrapped_call_impl
[rank8]:     return self._call_impl(*args, **kwargs)
[rank8]:            ^^^^^^^^^^^^^^^^^^^^^^^^^^^^^^^^
[rank8]:   File "/lustre/orion/lrn070/proj-shared/ndelingat/HydraGNN/installation_DOE_supercomputers/HydraGNN-Installation-Frontier/hydragnn_venv/lib/python3.11/site-packages/torch/nn/modules/module.py", line 1789, in _call_impl
[rank8]:     return forward_call(*args, **kwargs)
[rank8]:            ^^^^^^^^^^^^^^^^^^^^^^^^^^^^^
[rank8]:   File "/lustre/orion/lrn070/proj-shared/ndelingat/HydraGNN/installation_DOE_supercomputers/HydraGNN-Installation-Frontier/hydragnn_venv/lib/python3.11/site-packages/torch/nn/parallel/distributed.py", line 1832, in forward
[rank8]:     else self._run_ddp_forward(*inputs, **kwargs)
[rank8]:          ^^^^^^^^^^^^^^^^^^^^^^^^^^^^^^^^^^^^^^^^
[rank8]:   File "/lustre/orion/lrn070/proj-shared/ndelingat/HydraGNN/installation_DOE_supercomputers/HydraGNN-Installation-Frontier/hydragnn_venv/lib/python3.11/site-packages/torch/nn/parallel/distributed.py", line 1657, in _run_ddp_forward
[rank8]:     return self.module(*inputs, **kwargs)  # type: ignore[index]
[rank8]:            ^^^^^^^^^^^^^^^^^^^^^^^^^^^^^^
[rank8]:   File "/lustre/orion/lrn070/proj-shared/ndelingat/HydraGNN/installation_DOE_supercomputers/HydraGNN-Installation-Frontier/hydragnn_venv/lib/python3.11/site-packages/torch/nn/modules/module.py", line 1778, in _wrapped_call_impl
[rank8]:     return self._call_impl(*args, **kwargs)
[rank8]:            ^^^^^^^^^^^^^^^^^^^^^^^^^^^^^^^^
[rank8]:   File "/lustre/orion/lrn070/proj-shared/ndelingat/HydraGNN/installation_DOE_supercomputers/HydraGNN-Installation-Frontier/hydragnn_venv/lib/python3.11/site-packages/torch/nn/modules/module.py", line 1789, in _call_impl
[rank8]:     return forward_call(*args, **kwargs)
[rank8]:            ^^^^^^^^^^^^^^^^^^^^^^^^^^^^^
[rank8]:   File "/lustre/orion/lrn070/proj-shared/ndelingat/HydraGNN/examples/opf/opf_solution_utils.py", line 358, in forward
[rank8]:     return self.model(data)
[rank8]:            ^^^^^^^^^^^^^^^^
[rank8]:   File "/lustre/orion/lrn070/proj-shared/ndelingat/HydraGNN/installation_DOE_supercomputers/HydraGNN-Installation-Frontier/hydragnn_venv/lib/python3.11/site-packages/torch/nn/modules/module.py", line 1778, in _wrapped_call_impl
[rank8]:     return self._call_impl(*args, **kwargs)
[rank8]:            ^^^^^^^^^^^^^^^^^^^^^^^^^^^^^^^^
[rank8]:   File "/lustre/orion/lrn070/proj-shared/ndelingat/HydraGNN/installation_DOE_supercomputers/HydraGNN-Installation-Frontier/hydragnn_venv/lib/python3.11/site-packages/torch/nn/modules/module.py", line 1789, in _call_impl
[rank8]:     return forward_call(*args, **kwargs)
[rank8]:            ^^^^^^^^^^^^^^^^^^^^^^^^^^^^^
[rank8]:   File "/lustre/orion/lrn070/proj-shared/ndelingat/HydraGNN/hydragnn/models/heterogeneous/HeteroBase.py", line 771, in forward
[rank8]:     x_dict, batch_dict = self._prepare_node_features(data)
[rank8]:                          ^^^^^^^^^^^^^^^^^^^^^^^^^^^
[rank8]:   File "/lustre/orion/lrn070/proj-shared/ndelingat/HydraGNN/installation_DOE_supercomputers/HydraGNN-Installation-Frontier/hydragnn_venv/lib/python3.11/site-packages/torch/nn/modules/module.py", line 1967, in __getattr__
[rank11]: Traceback (most recent call last):
[rank11]:   File "/lustre/orion/lrn070/proj-shared/ndelingat/HydraGNN/examples/opf/train_opf_solution_heterogeneous.py", line 1387, in <module>
[rank11]:     hydragnn.train.train_validate_test(
[rank11]:   File "/lustre/orion/lrn070/proj-shared/ndelingat/HydraGNN/hydragnn/train/train_validate_test.py", line 341, in train_validate_test
[rank11]:     train_result = train(
[rank11]:                    ^^^^^^
[rank11]:   File "/lustre/orion/lrn070/proj-shared/ndelingat/HydraGNN/hydragnn/train/train_validate_test.py", line 824, in train
[rank11]:     pred = model(data)
[rank11]:            ^^^^^^^^^^^
[rank11]:   File "/lustre/orion/lrn070/proj-shared/ndelingat/HydraGNN/installation_DOE_supercomputers/HydraGNN-Installation-Frontier/hydragnn_venv/lib/python3.11/site-packages/torch/nn/modules/module.py", line 1778, in _wrapped_call_impl
[rank11]:     return self._call_impl(*args, **kwargs)
[rank11]:            ^^^^^^^^^^^^^^^^^^^^^^^^^^^^^^^^
[rank11]:   File "/lustre/orion/lrn070/proj-shared/ndelingat/HydraGNN/installation_DOE_supercomputers/HydraGNN-Installation-Frontier/hydragnn_venv/lib/python3.11/site-packages/torch/nn/modules/module.py", line 1789, in _call_impl
[rank11]:     return forward_call(*args, **kwargs)
[rank11]:            ^^^^^^^^^^^^^^^^^^^^^^^^^^^^^
[rank11]:   File "/lustre/orion/lrn070/proj-shared/ndelingat/HydraGNN/installation_DOE_supercomputers/HydraGNN-Installation-Frontier/hydragnn_venv/lib/python3.11/site-packages/torch/nn/parallel/distributed.py", line 1832, in forward
[rank11]:     else self._run_ddp_forward(*inputs, **kwargs)
[rank11]:          ^^^^^^^^^^^^^^^^^^^^^^^^^^^^^^^^^^^^^^^^
[rank11]:   File "/lustre/orion/lrn070/proj-shared/ndelingat/HydraGNN/installation_DOE_supercomputers/HydraGNN-Installation-Frontier/hydragnn_venv/lib/python3.11/site-packages/torch/nn/parallel/distributed.py", line 1657, in _run_ddp_forward
[rank11]:     return self.module(*inputs, **kwargs)  # type: ignore[index]
[rank11]:            ^^^^^^^^^^^^^^^^^^^^^^^^^^^^^^
[rank11]:   File "/lustre/orion/lrn070/proj-shared/ndelingat/HydraGNN/installation_DOE_supercomputers/HydraGNN-Installation-Frontier/hydragnn_venv/lib/python3.11/site-packages/torch/nn/modules/module.py", line 1778, in _wrapped_call_impl
[rank11]:     return self._call_impl(*args, **kwargs)
[rank11]:            ^^^^^^^^^^^^^^^^^^^^^^^^^^^^^^^^
[rank11]:   File "/lustre/orion/lrn070/proj-shared/ndelingat/HydraGNN/installation_DOE_supercomputers/HydraGNN-Installation-Frontier/hydragnn_venv/lib/python3.11/site-packages/torch/nn/modules/module.py", line 1789, in _call_impl
[rank11]:     return forward_call(*args, **kwargs)
[rank11]:            ^^^^^^^^^^^^^^^^^^^^^^^^^^^^^
[rank11]:   File "/lustre/orion/lrn070/proj-shared/ndelingat/HydraGNN/examples/opf/opf_solution_utils.py", line 358, in forward
[rank11]:     return self.model(data)
[rank11]:            ^^^^^^^^^^^^^^^^
[rank11]:   File "/lustre/orion/lrn070/proj-shared/ndelingat/HydraGNN/installation_DOE_supercomputers/HydraGNN-Installation-Frontier/hydragnn_venv/lib/python3.11/site-packages/torch/nn/modules/module.py", line 1778, in _wrapped_call_impl
[rank11]:     return self._call_impl(*args, **kwargs)
[rank11]:            ^^^^^^^^^^^^^^^^^^^^^^^^^^^^^^^^
[rank11]:   File "/lustre/orion/lrn070/proj-shared/ndelingat/HydraGNN/installation_DOE_supercomputers/HydraGNN-Installation-Frontier/hydragnn_venv/lib/python3.11/site-packages/torch/nn/modules/module.py", line 1789, in _call_impl
[rank11]:     return forward_call(*args, **kwargs)
[rank11]:            ^^^^^^^^^^^^^^^^^^^^^^^^^^^^^
[rank11]:   File "/lustre/orion/lrn070/proj-shared/ndelingat/HydraGNN/hydragnn/models/heterogeneous/HeteroBase.py", line 771, in forward
[rank11]:     x_dict, batch_dict = self._prepare_node_features(data)
[rank11]:                          ^^^^^^^^^^^^^^^^^^^^^^^^^^^
[rank13]: Traceback (most recent call last):
[rank13]:   File "/lustre/orion/lrn070/proj-shared/ndelingat/HydraGNN/examples/opf/train_opf_solution_heterogeneous.py", line 1387, in <module>
[rank13]:     hydragnn.train.train_validate_test(
[rank13]:   File "/lustre/orion/lrn070/proj-shared/ndelingat/HydraGNN/hydragnn/train/train_validate_test.py", line 341, in train_validate_test
[rank13]:     train_result = train(
[rank13]:                    ^^^^^^
[rank13]:   File "/lustre/orion/lrn070/proj-shared/ndelingat/HydraGNN/hydragnn/train/train_validate_test.py", line 824, in train
[rank13]:     pred = model(data)
[rank13]:            ^^^^^^^^^^^
[rank13]:   File "/lustre/orion/lrn070/proj-shared/ndelingat/HydraGNN/installation_DOE_supercomputers/HydraGNN-Installation-Frontier/hydragnn_venv/lib/python3.11/site-packages/torch/nn/modules/module.py", line 1778, in _wrapped_call_impl
[rank13]:     return self._call_impl(*args, **kwargs)
[rank13]:            ^^^^^^^^^^^^^^^^^^^^^^^^^^^^^^^^
[rank13]:   File "/lustre/orion/lrn070/proj-shared/ndelingat/HydraGNN/installation_DOE_supercomputers/HydraGNN-Installation-Frontier/hydragnn_venv/lib/python3.11/site-packages/torch/nn/modules/module.py", line 1789, in _call_impl
[rank13]:     return forward_call(*args, **kwargs)
[rank13]:            ^^^^^^^^^^^^^^^^^^^^^^^^^^^^^
[rank13]:   File "/lustre/orion/lrn070/proj-shared/ndelingat/HydraGNN/installation_DOE_supercomputers/HydraGNN-Installation-Frontier/hydragnn_venv/lib/python3.11/site-packages/torch/nn/parallel/distributed.py", line 1832, in forward
[rank13]:     else self._run_ddp_forward(*inputs, **kwargs)
[rank13]:          ^^^^^^^^^^^^^^^^^^^^^^^^^^^^^^^^^^^^^^^^
[rank13]:   File "/lustre/orion/lrn070/proj-shared/ndelingat/HydraGNN/installation_DOE_supercomputers/HydraGNN-Installation-Frontier/hydragnn_venv/lib/python3.11/site-packages/torch/nn/parallel/distributed.py", line 1657, in _run_ddp_forward
[rank13]:     return self.module(*inputs, **kwargs)  # type: ignore[index]
[rank13]:            ^^^^^^^^^^^^^^^^^^^^^^^^^^^^^^
[rank13]:   File "/lustre/orion/lrn070/proj-shared/ndelingat/HydraGNN/installation_DOE_supercomputers/HydraGNN-Installation-Frontier/hydragnn_venv/lib/python3.11/site-packages/torch/nn/modules/module.py", line 1778, in _wrapped_call_impl
[rank13]:     return self._call_impl(*args, **kwargs)
[rank13]:            ^^^^^^^^^^^^^^^^^^^^^^^^^^^^^^^^
[rank13]:   File "/lustre/orion/lrn070/proj-shared/ndelingat/HydraGNN/installation_DOE_supercomputers/HydraGNN-Installation-Frontier/hydragnn_venv/lib/python3.11/site-packages/torch/nn/modules/module.py", line 1789, in _call_impl
[rank13]:     return forward_call(*args, **kwargs)
[rank13]:            ^^^^^^^^^^^^^^^^^^^^^^^^^^^^^
[rank13]:   File "/lustre/orion/lrn070/proj-shared/ndelingat/HydraGNN/examples/opf/opf_solution_utils.py", line 358, in forward
[rank13]:     return self.model(data)
[rank13]:            ^^^^^^^^^^^^^^^^
[rank13]:   File "/lustre/orion/lrn070/proj-shared/ndelingat/HydraGNN/installation_DOE_supercomputers/HydraGNN-Installation-Frontier/hydragnn_venv/lib/python3.11/site-packages/torch/nn/modules/module.py", line 1778, in _wrapped_call_impl
[rank13]:     return self._call_impl(*args, **kwargs)
[rank13]:            ^^^^^^^^^^^^^^^^^^^^^^^^^^^^^^^^
[rank13]:   File "/lustre/orion/lrn070/proj-shared/ndelingat/HydraGNN/installation_DOE_supercomputers/HydraGNN-Installation-Frontier/hydragnn_venv/lib/python3.11/site-packages/torch/nn/modules/module.py", line 1789, in _call_impl
[rank13]:     return forward_call(*args, **kwargs)
[rank13]:            ^^^^^^^^^^^^^^^^^^^^^^^^^^^^^
[rank13]:   File "/lustre/orion/lrn070/proj-shared/ndelingat/HydraGNN/hydragnn/models/heterogeneous/HeteroBase.py", line 771, in forward
[rank13]:     x_dict, batch_dict = self._prepare_node_features(data)
[rank13]:                          ^^^^^^^^^^^^^^^^^^^^^^^^^^^
[rank8]:     raise AttributeError(
[rank8]: AttributeError: 'HeteroSAGEStack' object has no attribute '_prepare_node_features'
[rank9]: Traceback (most recent call last):
[rank9]:   File "/lustre/orion/lrn070/proj-shared/ndelingat/HydraGNN/examples/opf/train_opf_solution_heterogeneous.py", line 1387, in <module>
[rank9]:     hydragnn.train.train_validate_test(
[rank9]:   File "/lustre/orion/lrn070/proj-shared/ndelingat/HydraGNN/hydragnn/train/train_validate_test.py", line 341, in train_validate_test
[rank9]:     train_result = train(
[rank9]:                    ^^^^^^
[rank9]:   File "/lustre/orion/lrn070/proj-shared/ndelingat/HydraGNN/hydragnn/train/train_validate_test.py", line 824, in train
[rank9]:     pred = model(data)
[rank9]:            ^^^^^^^^^^^
[rank9]:   File "/lustre/orion/lrn070/proj-shared/ndelingat/HydraGNN/installation_DOE_supercomputers/HydraGNN-Installation-Frontier/hydragnn_venv/lib/python3.11/site-packages/torch/nn/modules/module.py", line 1778, in _wrapped_call_impl
[rank9]:     return self._call_impl(*args, **kwargs)
[rank9]:            ^^^^^^^^^^^^^^^^^^^^^^^^^^^^^^^^
[rank9]:   File "/lustre/orion/lrn070/proj-shared/ndelingat/HydraGNN/installation_DOE_supercomputers/HydraGNN-Installation-Frontier/hydragnn_venv/lib/python3.11/site-packages/torch/nn/modules/module.py", line 1789, in _call_impl
[rank9]:     return forward_call(*args, **kwargs)
[rank9]:            ^^^^^^^^^^^^^^^^^^^^^^^^^^^^^
[rank9]:   File "/lustre/orion/lrn070/proj-shared/ndelingat/HydraGNN/installation_DOE_supercomputers/HydraGNN-Installation-Frontier/hydragnn_venv/lib/python3.11/site-packages/torch/nn/parallel/distributed.py", line 1832, in forward
[rank9]:     else self._run_ddp_forward(*inputs, **kwargs)
[rank9]:          ^^^^^^^^^^^^^^^^^^^^^^^^^^^^^^^^^^^^^^^^
[rank9]:   File "/lustre/orion/lrn070/proj-shared/ndelingat/HydraGNN/installation_DOE_supercomputers/HydraGNN-Installation-Frontier/hydragnn_venv/lib/python3.11/site-packages/torch/nn/parallel/distributed.py", line 1657, in _run_ddp_forward
[rank9]:     return self.module(*inputs, **kwargs)  # type: ignore[index]
[rank9]:            ^^^^^^^^^^^^^^^^^^^^^^^^^^^^^^
[rank9]:   File "/lustre/orion/lrn070/proj-shared/ndelingat/HydraGNN/installation_DOE_supercomputers/HydraGNN-Installation-Frontier/hydragnn_venv/lib/python3.11/site-packages/torch/nn/modules/module.py", line 1778, in _wrapped_call_impl
[rank9]:     return self._call_impl(*args, **kwargs)
[rank9]:            ^^^^^^^^^^^^^^^^^^^^^^^^^^^^^^^^
[rank9]:   File "/lustre/orion/lrn070/proj-shared/ndelingat/HydraGNN/installation_DOE_supercomputers/HydraGNN-Installation-Frontier/hydragnn_venv/lib/python3.11/site-packages/torch/nn/modules/module.py", line 1789, in _call_impl
[rank9]:     return forward_call(*args, **kwargs)
[rank9]:            ^^^^^^^^^^^^^^^^^^^^^^^^^^^^^
[rank9]:   File "/lustre/orion/lrn070/proj-shared/ndelingat/HydraGNN/examples/opf/opf_solution_utils.py", line 358, in forward
[rank9]:     return self.model(data)
[rank9]:            ^^^^^^^^^^^^^^^^
[rank9]:   File "/lustre/orion/lrn070/proj-shared/ndelingat/HydraGNN/installation_DOE_supercomputers/HydraGNN-Installation-Frontier/hydragnn_venv/lib/python3.11/site-packages/torch/nn/modules/module.py", line 1778, in _wrapped_call_impl
[rank9]:     return self._call_impl(*args, **kwargs)
[rank9]:            ^^^^^^^^^^^^^^^^^^^^^^^^^^^^^^^^
[rank9]:   File "/lustre/orion/lrn070/proj-shared/ndelingat/HydraGNN/installation_DOE_supercomputers/HydraGNN-Installation-Frontier/hydragnn_venv/lib/python3.11/site-packages/torch/nn/modules/module.py", line 1789, in _call_impl
[rank9]:     return forward_call(*args, **kwargs)
[rank9]:            ^^^^^^^^^^^^^^^^^^^^^^^^^^^^^
[rank9]:   File "/lustre/orion/lrn070/proj-shared/ndelingat/HydraGNN/hydragnn/models/heterogeneous/HeteroBase.py", line 771, in forward
[rank9]:     x_dict, batch_dict = self._prepare_node_features(data)
[rank9]:                          ^^^^^^^^^^^^^^^^^^^^^^^^^^^
[rank9]:   File "/lustre/orion/lrn070/proj-shared/ndelingat/HydraGNN/installation_DOE_supercomputers/HydraGNN-Installation-Frontier/hydragnn_venv/lib/python3.11/site-packages/torch/nn/modules/module.py", line 1967, in __getattr__
[rank10]: Traceback (most recent call last):
[rank10]:   File "/lustre/orion/lrn070/proj-shared/ndelingat/HydraGNN/examples/opf/train_opf_solution_heterogeneous.py", line 1387, in <module>
[rank10]:     hydragnn.train.train_validate_test(
[rank10]:   File "/lustre/orion/lrn070/proj-shared/ndelingat/HydraGNN/hydragnn/train/train_validate_test.py", line 341, in train_validate_test
[rank10]:     train_result = train(
[rank10]:                    ^^^^^^
[rank10]:   File "/lustre/orion/lrn070/proj-shared/ndelingat/HydraGNN/hydragnn/train/train_validate_test.py", line 824, in train
[rank10]:     pred = model(data)
[rank10]:            ^^^^^^^^^^^
[rank10]:   File "/lustre/orion/lrn070/proj-shared/ndelingat/HydraGNN/installation_DOE_supercomputers/HydraGNN-Installation-Frontier/hydragnn_venv/lib/python3.11/site-packages/torch/nn/modules/module.py", line 1778, in _wrapped_call_impl
[rank10]:     return self._call_impl(*args, **kwargs)
[rank10]:            ^^^^^^^^^^^^^^^^^^^^^^^^^^^^^^^^
[rank10]:   File "/lustre/orion/lrn070/proj-shared/ndelingat/HydraGNN/installation_DOE_supercomputers/HydraGNN-Installation-Frontier/hydragnn_venv/lib/python3.11/site-packages/torch/nn/modules/module.py", line 1789, in _call_impl
[rank10]:     return forward_call(*args, **kwargs)
[rank10]:            ^^^^^^^^^^^^^^^^^^^^^^^^^^^^^
[rank10]:   File "/lustre/orion/lrn070/proj-shared/ndelingat/HydraGNN/installation_DOE_supercomputers/HydraGNN-Installation-Frontier/hydragnn_venv/lib/python3.11/site-packages/torch/nn/parallel/distributed.py", line 1832, in forward
[rank10]:     else self._run_ddp_forward(*inputs, **kwargs)
[rank10]:          ^^^^^^^^^^^^^^^^^^^^^^^^^^^^^^^^^^^^^^^^
[rank10]:   File "/lustre/orion/lrn070/proj-shared/ndelingat/HydraGNN/installation_DOE_supercomputers/HydraGNN-Installation-Frontier/hydragnn_venv/lib/python3.11/site-packages/torch/nn/parallel/distributed.py", line 1657, in _run_ddp_forward
[rank10]:     return self.module(*inputs, **kwargs)  # type: ignore[index]
[rank10]:            ^^^^^^^^^^^^^^^^^^^^^^^^^^^^^^
[rank10]:   File "/lustre/orion/lrn070/proj-shared/ndelingat/HydraGNN/installation_DOE_supercomputers/HydraGNN-Installation-Frontier/hydragnn_venv/lib/python3.11/site-packages/torch/nn/modules/module.py", line 1778, in _wrapped_call_impl
[rank10]:     return self._call_impl(*args, **kwargs)
[rank10]:            ^^^^^^^^^^^^^^^^^^^^^^^^^^^^^^^^
[rank10]:   File "/lustre/orion/lrn070/proj-shared/ndelingat/HydraGNN/installation_DOE_supercomputers/HydraGNN-Installation-Frontier/hydragnn_venv/lib/python3.11/site-packages/torch/nn/modules/module.py", line 1789, in _call_impl
[rank10]:     return forward_call(*args, **kwargs)
[rank10]:            ^^^^^^^^^^^^^^^^^^^^^^^^^^^^^
[rank10]:   File "/lustre/orion/lrn070/proj-shared/ndelingat/HydraGNN/examples/opf/opf_solution_utils.py", line 358, in forward
[rank10]:     return self.model(data)
[rank10]:            ^^^^^^^^^^^^^^^^
[rank10]:   File "/lustre/orion/lrn070/proj-shared/ndelingat/HydraGNN/installation_DOE_supercomputers/HydraGNN-Installation-Frontier/hydragnn_venv/lib/python3.11/site-packages/torch/nn/modules/module.py", line 1778, in _wrapped_call_impl
[rank10]:     return self._call_impl(*args, **kwargs)
[rank10]:            ^^^^^^^^^^^^^^^^^^^^^^^^^^^^^^^^
[rank10]:   File "/lustre/orion/lrn070/proj-shared/ndelingat/HydraGNN/installation_DOE_supercomputers/HydraGNN-Installation-Frontier/hydragnn_venv/lib/python3.11/site-packages/torch/nn/modules/module.py", line 1789, in _call_impl
[rank10]:     return forward_call(*args, **kwargs)
[rank10]:            ^^^^^^^^^^^^^^^^^^^^^^^^^^^^^
[rank10]:   File "/lustre/orion/lrn070/proj-shared/ndelingat/HydraGNN/hydragnn/models/heterogeneous/HeteroBase.py", line 771, in forward
[rank10]:     x_dict, batch_dict = self._prepare_node_features(data)
[rank10]:                          ^^^^^^^^^^^^^^^^^^^^^^^^^^^
[rank11]:   File "/lustre/orion/lrn070/proj-shared/ndelingat/HydraGNN/installation_DOE_supercomputers/HydraGNN-Installation-Frontier/hydragnn_venv/lib/python3.11/site-packages/torch/nn/modules/module.py", line 1967, in __getattr__
[rank11]:     raise AttributeError(
[rank11]: AttributeError: 'HeteroSAGEStack' object has no attribute '_prepare_node_features'
[rank12]: Traceback (most recent call last):
[rank12]:   File "/lustre/orion/lrn070/proj-shared/ndelingat/HydraGNN/examples/opf/train_opf_solution_heterogeneous.py", line 1387, in <module>
[rank12]:     hydragnn.train.train_validate_test(
[rank12]:   File "/lustre/orion/lrn070/proj-shared/ndelingat/HydraGNN/hydragnn/train/train_validate_test.py", line 341, in train_validate_test
[rank12]:     train_result = train(
[rank12]:                    ^^^^^^
[rank12]:   File "/lustre/orion/lrn070/proj-shared/ndelingat/HydraGNN/hydragnn/train/train_validate_test.py", line 824, in train
[rank12]:     pred = model(data)
[rank12]:            ^^^^^^^^^^^
[rank12]:   File "/lustre/orion/lrn070/proj-shared/ndelingat/HydraGNN/installation_DOE_supercomputers/HydraGNN-Installation-Frontier/hydragnn_venv/lib/python3.11/site-packages/torch/nn/modules/module.py", line 1778, in _wrapped_call_impl
[rank12]:     return self._call_impl(*args, **kwargs)
[rank12]:            ^^^^^^^^^^^^^^^^^^^^^^^^^^^^^^^^
[rank12]:   File "/lustre/orion/lrn070/proj-shared/ndelingat/HydraGNN/installation_DOE_supercomputers/HydraGNN-Installation-Frontier/hydragnn_venv/lib/python3.11/site-packages/torch/nn/modules/module.py", line 1789, in _call_impl
[rank12]:     return forward_call(*args, **kwargs)
[rank12]:            ^^^^^^^^^^^^^^^^^^^^^^^^^^^^^
[rank12]:   File "/lustre/orion/lrn070/proj-shared/ndelingat/HydraGNN/installation_DOE_supercomputers/HydraGNN-Installation-Frontier/hydragnn_venv/lib/python3.11/site-packages/torch/nn/parallel/distributed.py", line 1832, in forward
[rank12]:     else self._run_ddp_forward(*inputs, **kwargs)
[rank12]:          ^^^^^^^^^^^^^^^^^^^^^^^^^^^^^^^^^^^^^^^^
[rank12]:   File "/lustre/orion/lrn070/proj-shared/ndelingat/HydraGNN/installation_DOE_supercomputers/HydraGNN-Installation-Frontier/hydragnn_venv/lib/python3.11/site-packages/torch/nn/parallel/distributed.py", line 1657, in _run_ddp_forward
[rank12]:     return self.module(*inputs, **kwargs)  # type: ignore[index]
[rank12]:            ^^^^^^^^^^^^^^^^^^^^^^^^^^^^^^
[rank12]:   File "/lustre/orion/lrn070/proj-shared/ndelingat/HydraGNN/installation_DOE_supercomputers/HydraGNN-Installation-Frontier/hydragnn_venv/lib/python3.11/site-packages/torch/nn/modules/module.py", line 1778, in _wrapped_call_impl
[rank12]:     return self._call_impl(*args, **kwargs)
[rank12]:            ^^^^^^^^^^^^^^^^^^^^^^^^^^^^^^^^
[rank12]:   File "/lustre/orion/lrn070/proj-shared/ndelingat/HydraGNN/installation_DOE_supercomputers/HydraGNN-Installation-Frontier/hydragnn_venv/lib/python3.11/site-packages/torch/nn/modules/module.py", line 1789, in _call_impl
[rank12]:     return forward_call(*args, **kwargs)
[rank12]:            ^^^^^^^^^^^^^^^^^^^^^^^^^^^^^
[rank12]:   File "/lustre/orion/lrn070/proj-shared/ndelingat/HydraGNN/examples/opf/opf_solution_utils.py", line 358, in forward
[rank12]:     return self.model(data)
[rank12]:            ^^^^^^^^^^^^^^^^
[rank12]:   File "/lustre/orion/lrn070/proj-shared/ndelingat/HydraGNN/installation_DOE_supercomputers/HydraGNN-Installation-Frontier/hydragnn_venv/lib/python3.11/site-packages/torch/nn/modules/module.py", line 1778, in _wrapped_call_impl
[rank12]:     return self._call_impl(*args, **kwargs)
[rank12]:            ^^^^^^^^^^^^^^^^^^^^^^^^^^^^^^^^
[rank12]:   File "/lustre/orion/lrn070/proj-shared/ndelingat/HydraGNN/installation_DOE_supercomputers/HydraGNN-Installation-Frontier/hydragnn_venv/lib/python3.11/site-packages/torch/nn/modules/module.py", line 1789, in _call_impl
[rank12]:     return forward_call(*args, **kwargs)
[rank12]:            ^^^^^^^^^^^^^^^^^^^^^^^^^^^^^
[rank12]:   File "/lustre/orion/lrn070/proj-shared/ndelingat/HydraGNN/hydragnn/models/heterogeneous/HeteroBase.py", line 771, in forward
[rank12]:     x_dict, batch_dict = self._prepare_node_features(data)
[rank12]:                          ^^^^^^^^^^^^^^^^^^^^^^^^^^^
[rank13]:   File "/lustre/orion/lrn070/proj-shared/ndelingat/HydraGNN/installation_DOE_supercomputers/HydraGNN-Installation-Frontier/hydragnn_venv/lib/python3.11/site-packages/torch/nn/modules/module.py", line 1967, in __getattr__
[rank13]:     raise AttributeError(
[rank13]: AttributeError: 'HeteroSAGEStack' object has no attribute '_prepare_node_features'
[rank14]: Traceback (most recent call last):
[rank14]:   File "/lustre/orion/lrn070/proj-shared/ndelingat/HydraGNN/examples/opf/train_opf_solution_heterogeneous.py", line 1387, in <module>
[rank14]:     hydragnn.train.train_validate_test(
[rank14]:   File "/lustre/orion/lrn070/proj-shared/ndelingat/HydraGNN/hydragnn/train/train_validate_test.py", line 341, in train_validate_test
[rank14]:     train_result = train(
[rank14]:                    ^^^^^^
[rank14]:   File "/lustre/orion/lrn070/proj-shared/ndelingat/HydraGNN/hydragnn/train/train_validate_test.py", line 824, in train
[rank14]:     pred = model(data)
[rank14]:            ^^^^^^^^^^^
[rank14]:   File "/lustre/orion/lrn070/proj-shared/ndelingat/HydraGNN/installation_DOE_supercomputers/HydraGNN-Installation-Frontier/hydragnn_venv/lib/python3.11/site-packages/torch/nn/modules/module.py", line 1778, in _wrapped_call_impl
[rank14]:     return self._call_impl(*args, **kwargs)
[rank14]:            ^^^^^^^^^^^^^^^^^^^^^^^^^^^^^^^^
[rank14]:   File "/lustre/orion/lrn070/proj-shared/ndelingat/HydraGNN/installation_DOE_supercomputers/HydraGNN-Installation-Frontier/hydragnn_venv/lib/python3.11/site-packages/torch/nn/modules/module.py", line 1789, in _call_impl
[rank14]:     return forward_call(*args, **kwargs)
[rank14]:            ^^^^^^^^^^^^^^^^^^^^^^^^^^^^^
[rank14]:   File "/lustre/orion/lrn070/proj-shared/ndelingat/HydraGNN/installation_DOE_supercomputers/HydraGNN-Installation-Frontier/hydragnn_venv/lib/python3.11/site-packages/torch/nn/parallel/distributed.py", line 1832, in forward
[rank14]:     else self._run_ddp_forward(*inputs, **kwargs)
[rank14]:          ^^^^^^^^^^^^^^^^^^^^^^^^^^^^^^^^^^^^^^^^
[rank14]:   File "/lustre/orion/lrn070/proj-shared/ndelingat/HydraGNN/installation_DOE_supercomputers/HydraGNN-Installation-Frontier/hydragnn_venv/lib/python3.11/site-packages/torch/nn/parallel/distributed.py", line 1657, in _run_ddp_forward
[rank14]:     return self.module(*inputs, **kwargs)  # type: ignore[index]
[rank14]:            ^^^^^^^^^^^^^^^^^^^^^^^^^^^^^^
[rank14]:   File "/lustre/orion/lrn070/proj-shared/ndelingat/HydraGNN/installation_DOE_supercomputers/HydraGNN-Installation-Frontier/hydragnn_venv/lib/python3.11/site-packages/torch/nn/modules/module.py", line 1778, in _wrapped_call_impl
[rank14]:     return self._call_impl(*args, **kwargs)
[rank14]:            ^^^^^^^^^^^^^^^^^^^^^^^^^^^^^^^^
[rank14]:   File "/lustre/orion/lrn070/proj-shared/ndelingat/HydraGNN/installation_DOE_supercomputers/HydraGNN-Installation-Frontier/hydragnn_venv/lib/python3.11/site-packages/torch/nn/modules/module.py", line 1789, in _call_impl
[rank14]:     return forward_call(*args, **kwargs)
[rank14]:            ^^^^^^^^^^^^^^^^^^^^^^^^^^^^^
[rank14]:   File "/lustre/orion/lrn070/proj-shared/ndelingat/HydraGNN/examples/opf/opf_solution_utils.py", line 358, in forward
[rank14]:     return self.model(data)
[rank14]:            ^^^^^^^^^^^^^^^^
[rank14]:   File "/lustre/orion/lrn070/proj-shared/ndelingat/HydraGNN/installation_DOE_supercomputers/HydraGNN-Installation-Frontier/hydragnn_venv/lib/python3.11/site-packages/torch/nn/modules/module.py", line 1778, in _wrapped_call_impl
[rank14]:     return self._call_impl(*args, **kwargs)
[rank14]:            ^^^^^^^^^^^^^^^^^^^^^^^^^^^^^^^^
[rank14]:   File "/lustre/orion/lrn070/proj-shared/ndelingat/HydraGNN/installation_DOE_supercomputers/HydraGNN-Installation-Frontier/hydragnn_venv/lib/python3.11/site-packages/torch/nn/modules/module.py", line 1789, in _call_impl
[rank14]:     return forward_call(*args, **kwargs)
[rank14]:            ^^^^^^^^^^^^^^^^^^^^^^^^^^^^^
[rank14]:   File "/lustre/orion/lrn070/proj-shared/ndelingat/HydraGNN/hydragnn/models/heterogeneous/HeteroBase.py", line 771, in forward
[rank14]:     x_dict, batch_dict = self._prepare_node_features(data)
[rank14]:                          ^^^^^^^^^^^^^^^^^^^^^^^^^^^
[rank15]: Traceback (most recent call last):
[rank15]:   File "/lustre/orion/lrn070/proj-shared/ndelingat/HydraGNN/examples/opf/train_opf_solution_heterogeneous.py", line 1387, in <module>
[rank15]:     hydragnn.train.train_validate_test(
[rank15]:   File "/lustre/orion/lrn070/proj-shared/ndelingat/HydraGNN/hydragnn/train/train_validate_test.py", line 341, in train_validate_test
[rank15]:     train_result = train(
[rank15]:                    ^^^^^^
[rank15]:   File "/lustre/orion/lrn070/proj-shared/ndelingat/HydraGNN/hydragnn/train/train_validate_test.py", line 824, in train
[rank15]:     pred = model(data)
[rank15]:            ^^^^^^^^^^^
[rank15]:   File "/lustre/orion/lrn070/proj-shared/ndelingat/HydraGNN/installation_DOE_supercomputers/HydraGNN-Installation-Frontier/hydragnn_venv/lib/python3.11/site-packages/torch/nn/modules/module.py", line 1778, in _wrapped_call_impl
[rank15]:     return self._call_impl(*args, **kwargs)
[rank15]:            ^^^^^^^^^^^^^^^^^^^^^^^^^^^^^^^^
[rank15]:   File "/lustre/orion/lrn070/proj-shared/ndelingat/HydraGNN/installation_DOE_supercomputers/HydraGNN-Installation-Frontier/hydragnn_venv/lib/python3.11/site-packages/torch/nn/modules/module.py", line 1789, in _call_impl
[rank15]:     return forward_call(*args, **kwargs)
[rank15]:            ^^^^^^^^^^^^^^^^^^^^^^^^^^^^^
[rank15]:   File "/lustre/orion/lrn070/proj-shared/ndelingat/HydraGNN/installation_DOE_supercomputers/HydraGNN-Installation-Frontier/hydragnn_venv/lib/python3.11/site-packages/torch/nn/parallel/distributed.py", line 1832, in forward
[rank15]:     else self._run_ddp_forward(*inputs, **kwargs)
[rank15]:          ^^^^^^^^^^^^^^^^^^^^^^^^^^^^^^^^^^^^^^^^
[rank15]:   File "/lustre/orion/lrn070/proj-shared/ndelingat/HydraGNN/installation_DOE_supercomputers/HydraGNN-Installation-Frontier/hydragnn_venv/lib/python3.11/site-packages/torch/nn/parallel/distributed.py", line 1657, in _run_ddp_forward
[rank15]:     return self.module(*inputs, **kwargs)  # type: ignore[index]
[rank15]:            ^^^^^^^^^^^^^^^^^^^^^^^^^^^^^^
[rank15]:   File "/lustre/orion/lrn070/proj-shared/ndelingat/HydraGNN/installation_DOE_supercomputers/HydraGNN-Installation-Frontier/hydragnn_venv/lib/python3.11/site-packages/torch/nn/modules/module.py", line 1778, in _wrapped_call_impl
[rank15]:     return self._call_impl(*args, **kwargs)
[rank15]:            ^^^^^^^^^^^^^^^^^^^^^^^^^^^^^^^^
[rank15]:   File "/lustre/orion/lrn070/proj-shared/ndelingat/HydraGNN/installation_DOE_supercomputers/HydraGNN-Installation-Frontier/hydragnn_venv/lib/python3.11/site-packages/torch/nn/modules/module.py", line 1789, in _call_impl
[rank15]:     return forward_call(*args, **kwargs)
[rank15]:            ^^^^^^^^^^^^^^^^^^^^^^^^^^^^^
[rank15]:   File "/lustre/orion/lrn070/proj-shared/ndelingat/HydraGNN/examples/opf/opf_solution_utils.py", line 358, in forward
[rank15]:     return self.model(data)
[rank15]:            ^^^^^^^^^^^^^^^^
[rank15]:   File "/lustre/orion/lrn070/proj-shared/ndelingat/HydraGNN/installation_DOE_supercomputers/HydraGNN-Installation-Frontier/hydragnn_venv/lib/python3.11/site-packages/torch/nn/modules/module.py", line 1778, in _wrapped_call_impl
[rank15]:     return self._call_impl(*args, **kwargs)
[rank15]:            ^^^^^^^^^^^^^^^^^^^^^^^^^^^^^^^^
[rank15]:   File "/lustre/orion/lrn070/proj-shared/ndelingat/HydraGNN/installation_DOE_supercomputers/HydraGNN-Installation-Frontier/hydragnn_venv/lib/python3.11/site-packages/torch/nn/modules/module.py", line 1789, in _call_impl
[rank15]:     return forward_call(*args, **kwargs)
[rank15]:            ^^^^^^^^^^^^^^^^^^^^^^^^^^^^^
[rank15]:   File "/lustre/orion/lrn070/proj-shared/ndelingat/HydraGNN/hydragnn/models/heterogeneous/HeteroBase.py", line 771, in forward
[rank15]:     x_dict, batch_dict = self._prepare_node_features(data)
[rank15]:                          ^^^^^^^^^^^^^^^^^^^^^^^^^^^
[rank9]:     raise AttributeError(
[rank9]: AttributeError: 'HeteroSAGEStack' object has no attribute '_prepare_node_features'
[rank10]:   File "/lustre/orion/lrn070/proj-shared/ndelingat/HydraGNN/installation_DOE_supercomputers/HydraGNN-Installation-Frontier/hydragnn_venv/lib/python3.11/site-packages/torch/nn/modules/module.py", line 1967, in __getattr__
[rank10]:     raise AttributeError(
[rank10]: AttributeError: 'HeteroSAGEStack' object has no attribute '_prepare_node_features'
[rank12]:   File "/lustre/orion/lrn070/proj-shared/ndelingat/HydraGNN/installation_DOE_supercomputers/HydraGNN-Installation-Frontier/hydragnn_venv/lib/python3.11/site-packages/torch/nn/modules/module.py", line 1967, in __getattr__
[rank12]:     raise AttributeError(
[rank12]: AttributeError: 'HeteroSAGEStack' object has no attribute '_prepare_node_features'
[rank14]:   File "/lustre/orion/lrn070/proj-shared/ndelingat/HydraGNN/installation_DOE_supercomputers/HydraGNN-Installation-Frontier/hydragnn_venv/lib/python3.11/site-packages/torch/nn/modules/module.py", line 1967, in __getattr__
[rank14]:     raise AttributeError(
[rank14]: AttributeError: 'HeteroSAGEStack' object has no attribute '_prepare_node_features'
[rank15]:   File "/lustre/orion/lrn070/proj-shared/ndelingat/HydraGNN/installation_DOE_supercomputers/HydraGNN-Installation-Frontier/hydragnn_venv/lib/python3.11/site-packages/torch/nn/modules/module.py", line 1967, in __getattr__
[rank15]:     raise AttributeError(
[rank15]: AttributeError: 'HeteroSAGEStack' object has no attribute '_prepare_node_features'
[rank0]: Traceback (most recent call last):
[rank0]:   File "/lustre/orion/lrn070/proj-shared/ndelingat/HydraGNN/examples/opf/train_opf_solution_heterogeneous.py", line 1387, in <module>
[rank0]:     hydragnn.train.train_validate_test(
[rank0]:   File "/lustre/orion/lrn070/proj-shared/ndelingat/HydraGNN/hydragnn/train/train_validate_test.py", line 341, in train_validate_test
[rank0]:     train_result = train(
[rank0]:                    ^^^^^^
[rank0]:   File "/lustre/orion/lrn070/proj-shared/ndelingat/HydraGNN/hydragnn/train/train_validate_test.py", line 824, in train
[rank0]:     pred = model(data)
[rank0]:            ^^^^^^^^^^^
[rank0]:   File "/lustre/orion/lrn070/proj-shared/ndelingat/HydraGNN/installation_DOE_supercomputers/HydraGNN-Installation-Frontier/hydragnn_venv/lib/python3.11/site-packages/torch/nn/modules/module.py", line 1778, in _wrapped_call_impl
[rank0]:     return self._call_impl(*args, **kwargs)
[rank0]:            ^^^^^^^^^^^^^^^^^^^^^^^^^^^^^^^^
[rank0]:   File "/lustre/orion/lrn070/proj-shared/ndelingat/HydraGNN/installation_DOE_supercomputers/HydraGNN-Installation-Frontier/hydragnn_venv/lib/python3.11/site-packages/torch/nn/modules/module.py", line 1789, in _call_impl
[rank0]:     return forward_call(*args, **kwargs)
[rank0]:            ^^^^^^^^^^^^^^^^^^^^^^^^^^^^^
[rank0]:   File "/lustre/orion/lrn070/proj-shared/ndelingat/HydraGNN/installation_DOE_supercomputers/HydraGNN-Installation-Frontier/hydragnn_venv/lib/python3.11/site-packages/torch/nn/parallel/distributed.py", line 1832, in forward
[rank0]:     else self._run_ddp_forward(*inputs, **kwargs)
[rank0]:          ^^^^^^^^^^^^^^^^^^^^^^^^^^^^^^^^^^^^^^^^
[rank0]:   File "/lustre/orion/lrn070/proj-shared/ndelingat/HydraGNN/installation_DOE_supercomputers/HydraGNN-Installation-Frontier/hydragnn_venv/lib/python3.11/site-packages/torch/nn/parallel/distributed.py", line 1657, in _run_ddp_forward
[rank0]:     return self.module(*inputs, **kwargs)  # type: ignore[index]
[rank0]:            ^^^^^^^^^^^^^^^^^^^^^^^^^^^^^^
[rank0]:   File "/lustre/orion/lrn070/proj-shared/ndelingat/HydraGNN/installation_DOE_supercomputers/HydraGNN-Installation-Frontier/hydragnn_venv/lib/python3.11/site-packages/torch/nn/modules/module.py", line 1778, in _wrapped_call_impl
[rank0]:     return self._call_impl(*args, **kwargs)
[rank0]:            ^^^^^^^^^^^^^^^^^^^^^^^^^^^^^^^^
[rank0]:   File "/lustre/orion/lrn070/proj-shared/ndelingat/HydraGNN/installation_DOE_supercomputers/HydraGNN-Installation-Frontier/hydragnn_venv/lib/python3.11/site-packages/torch/nn/modules/module.py", line 1789, in _call_impl
[rank0]:     return forward_call(*args, **kwargs)
[rank0]:            ^^^^^^^^^^^^^^^^^^^^^^^^^^^^^
[rank0]:   File "/lustre/orion/lrn070/proj-shared/ndelingat/HydraGNN/examples/opf/opf_solution_utils.py", line 358, in forward
[rank0]:     return self.model(data)
[rank0]:            ^^^^^^^^^^^^^^^^
[rank0]:   File "/lustre/orion/lrn070/proj-shared/ndelingat/HydraGNN/installation_DOE_supercomputers/HydraGNN-Installation-Frontier/hydragnn_venv/lib/python3.11/site-packages/torch/nn/modules/module.py", line 1778, in _wrapped_call_impl
[rank0]:     return self._call_impl(*args, **kwargs)
[rank0]:            ^^^^^^^^^^^^^^^^^^^^^^^^^^^^^^^^
[rank0]:   File "/lustre/orion/lrn070/proj-shared/ndelingat/HydraGNN/installation_DOE_supercomputers/HydraGNN-Installation-Frontier/hydragnn_venv/lib/python3.11/site-packages/torch/nn/modules/module.py", line 1789, in _call_impl
[rank0]:     return forward_call(*args, **kwargs)
[rank0]:            ^^^^^^^^^^^^^^^^^^^^^^^^^^^^^
[rank0]:   File "/lustre/orion/lrn070/proj-shared/ndelingat/HydraGNN/hydragnn/models/heterogeneous/HeteroBase.py", line 771, in forward
[rank0]:     x_dict, batch_dict = self._prepare_node_features(data)
[rank0]:                          ^^^^^^^^^^^^^^^^^^^^^^^^^^^
[rank0]:   File "/lustre/orion/lrn070/proj-shared/ndelingat/HydraGNN/installation_DOE_supercomputers/HydraGNN-Installation-Frontier/hydragnn_venv/lib/python3.11/site-packages/torch/nn/modules/module.py", line 1967, in __getattr__
[rank5]: Traceback (most recent call last):
[rank5]:   File "/lustre/orion/lrn070/proj-shared/ndelingat/HydraGNN/examples/opf/train_opf_solution_heterogeneous.py", line 1387, in <module>
[rank5]:     hydragnn.train.train_validate_test(
[rank5]:   File "/lustre/orion/lrn070/proj-shared/ndelingat/HydraGNN/hydragnn/train/train_validate_test.py", line 341, in train_validate_test
[rank5]:     train_result = train(
[rank5]:                    ^^^^^^
[rank5]:   File "/lustre/orion/lrn070/proj-shared/ndelingat/HydraGNN/hydragnn/train/train_validate_test.py", line 824, in train
[rank5]:     pred = model(data)
[rank5]:            ^^^^^^^^^^^
[rank5]:   File "/lustre/orion/lrn070/proj-shared/ndelingat/HydraGNN/installation_DOE_supercomputers/HydraGNN-Installation-Frontier/hydragnn_venv/lib/python3.11/site-packages/torch/nn/modules/module.py", line 1778, in _wrapped_call_impl
[rank5]:     return self._call_impl(*args, **kwargs)
[rank5]:            ^^^^^^^^^^^^^^^^^^^^^^^^^^^^^^^^
[rank5]:   File "/lustre/orion/lrn070/proj-shared/ndelingat/HydraGNN/installation_DOE_supercomputers/HydraGNN-Installation-Frontier/hydragnn_venv/lib/python3.11/site-packages/torch/nn/modules/module.py", line 1789, in _call_impl
[rank5]:     return forward_call(*args, **kwargs)
[rank5]:            ^^^^^^^^^^^^^^^^^^^^^^^^^^^^^
[rank5]:   File "/lustre/orion/lrn070/proj-shared/ndelingat/HydraGNN/installation_DOE_supercomputers/HydraGNN-Installation-Frontier/hydragnn_venv/lib/python3.11/site-packages/torch/nn/parallel/distributed.py", line 1832, in forward
[rank5]:     else self._run_ddp_forward(*inputs, **kwargs)
[rank5]:          ^^^^^^^^^^^^^^^^^^^^^^^^^^^^^^^^^^^^^^^^
[rank5]:   File "/lustre/orion/lrn070/proj-shared/ndelingat/HydraGNN/installation_DOE_supercomputers/HydraGNN-Installation-Frontier/hydragnn_venv/lib/python3.11/site-packages/torch/nn/parallel/distributed.py", line 1657, in _run_ddp_forward
[rank5]:     return self.module(*inputs, **kwargs)  # type: ignore[index]
[rank5]:            ^^^^^^^^^^^^^^^^^^^^^^^^^^^^^^
[rank5]:   File "/lustre/orion/lrn070/proj-shared/ndelingat/HydraGNN/installation_DOE_supercomputers/HydraGNN-Installation-Frontier/hydragnn_venv/lib/python3.11/site-packages/torch/nn/modules/module.py", line 1778, in _wrapped_call_impl
[rank5]:     return self._call_impl(*args, **kwargs)
[rank5]:            ^^^^^^^^^^^^^^^^^^^^^^^^^^^^^^^^
[rank5]:   File "/lustre/orion/lrn070/proj-shared/ndelingat/HydraGNN/installation_DOE_supercomputers/HydraGNN-Installation-Frontier/hydragnn_venv/lib/python3.11/site-packages/torch/nn/modules/module.py", line 1789, in _call_impl
[rank5]:     return forward_call(*args, **kwargs)
[rank5]:            ^^^^^^^^^^^^^^^^^^^^^^^^^^^^^
[rank5]:   File "/lustre/orion/lrn070/proj-shared/ndelingat/HydraGNN/examples/opf/opf_solution_utils.py", line 358, in forward
[rank5]:     return self.model(data)
[rank5]:            ^^^^^^^^^^^^^^^^
[rank5]:   File "/lustre/orion/lrn070/proj-shared/ndelingat/HydraGNN/installation_DOE_supercomputers/HydraGNN-Installation-Frontier/hydragnn_venv/lib/python3.11/site-packages/torch/nn/modules/module.py", line 1778, in _wrapped_call_impl
[rank5]:     return self._call_impl(*args, **kwargs)
[rank5]:            ^^^^^^^^^^^^^^^^^^^^^^^^^^^^^^^^
[rank5]:   File "/lustre/orion/lrn070/proj-shared/ndelingat/HydraGNN/installation_DOE_supercomputers/HydraGNN-Installation-Frontier/hydragnn_venv/lib/python3.11/site-packages/torch/nn/modules/module.py", line 1789, in _call_impl
[rank5]:     return forward_call(*args, **kwargs)
[rank5]:            ^^^^^^^^^^^^^^^^^^^^^^^^^^^^^
[rank5]:   File "/lustre/orion/lrn070/proj-shared/ndelingat/HydraGNN/hydragnn/models/heterogeneous/HeteroBase.py", line 771, in forward
[rank5]:     x_dict, batch_dict = self._prepare_node_features(data)
[rank5]:                          ^^^^^^^^^^^^^^^^^^^^^^^^^^^
[rank5]:   File "/lustre/orion/lrn070/proj-shared/ndelingat/HydraGNN/installation_DOE_supercomputers/HydraGNN-Installation-Frontier/hydragnn_venv/lib/python3.11/site-packages/torch/nn/modules/module.py", line 1967, in __getattr__
[rank7]: Traceback (most recent call last):
[rank7]:   File "/lustre/orion/lrn070/proj-shared/ndelingat/HydraGNN/examples/opf/train_opf_solution_heterogeneous.py", line 1387, in <module>
[rank7]:     hydragnn.train.train_validate_test(
[rank7]:   File "/lustre/orion/lrn070/proj-shared/ndelingat/HydraGNN/hydragnn/train/train_validate_test.py", line 341, in train_validate_test
[rank7]:     train_result = train(
[rank7]:                    ^^^^^^
[rank7]:   File "/lustre/orion/lrn070/proj-shared/ndelingat/HydraGNN/hydragnn/train/train_validate_test.py", line 824, in train
[rank7]:     pred = model(data)
[rank7]:            ^^^^^^^^^^^
[rank7]:   File "/lustre/orion/lrn070/proj-shared/ndelingat/HydraGNN/installation_DOE_supercomputers/HydraGNN-Installation-Frontier/hydragnn_venv/lib/python3.11/site-packages/torch/nn/modules/module.py", line 1778, in _wrapped_call_impl
[rank7]:     return self._call_impl(*args, **kwargs)
[rank7]:            ^^^^^^^^^^^^^^^^^^^^^^^^^^^^^^^^
[rank7]:   File "/lustre/orion/lrn070/proj-shared/ndelingat/HydraGNN/installation_DOE_supercomputers/HydraGNN-Installation-Frontier/hydragnn_venv/lib/python3.11/site-packages/torch/nn/modules/module.py", line 1789, in _call_impl
[rank7]:     return forward_call(*args, **kwargs)
[rank7]:            ^^^^^^^^^^^^^^^^^^^^^^^^^^^^^
[rank7]:   File "/lustre/orion/lrn070/proj-shared/ndelingat/HydraGNN/installation_DOE_supercomputers/HydraGNN-Installation-Frontier/hydragnn_venv/lib/python3.11/site-packages/torch/nn/parallel/distributed.py", line 1832, in forward
[rank7]:     else self._run_ddp_forward(*inputs, **kwargs)
[rank7]:          ^^^^^^^^^^^^^^^^^^^^^^^^^^^^^^^^^^^^^^^^
[rank7]:   File "/lustre/orion/lrn070/proj-shared/ndelingat/HydraGNN/installation_DOE_supercomputers/HydraGNN-Installation-Frontier/hydragnn_venv/lib/python3.11/site-packages/torch/nn/parallel/distributed.py", line 1657, in _run_ddp_forward
[rank7]:     return self.module(*inputs, **kwargs)  # type: ignore[index]
[rank7]:            ^^^^^^^^^^^^^^^^^^^^^^^^^^^^^^
[rank7]:   File "/lustre/orion/lrn070/proj-shared/ndelingat/HydraGNN/installation_DOE_supercomputers/HydraGNN-Installation-Frontier/hydragnn_venv/lib/python3.11/site-packages/torch/nn/modules/module.py", line 1778, in _wrapped_call_impl
[rank7]:     return self._call_impl(*args, **kwargs)
[rank7]:            ^^^^^^^^^^^^^^^^^^^^^^^^^^^^^^^^
[rank7]:   File "/lustre/orion/lrn070/proj-shared/ndelingat/HydraGNN/installation_DOE_supercomputers/HydraGNN-Installation-Frontier/hydragnn_venv/lib/python3.11/site-packages/torch/nn/modules/module.py", line 1789, in _call_impl
[rank7]:     return forward_call(*args, **kwargs)
[rank7]:            ^^^^^^^^^^^^^^^^^^^^^^^^^^^^^
[rank7]:   File "/lustre/orion/lrn070/proj-shared/ndelingat/HydraGNN/examples/opf/opf_solution_utils.py", line 358, in forward
[rank7]:     return self.model(data)
[rank7]:            ^^^^^^^^^^^^^^^^
[rank7]:   File "/lustre/orion/lrn070/proj-shared/ndelingat/HydraGNN/installation_DOE_supercomputers/HydraGNN-Installation-Frontier/hydragnn_venv/lib/python3.11/site-packages/torch/nn/modules/module.py", line 1778, in _wrapped_call_impl
[rank7]:     return self._call_impl(*args, **kwargs)
[rank7]:            ^^^^^^^^^^^^^^^^^^^^^^^^^^^^^^^^
[rank7]:   File "/lustre/orion/lrn070/proj-shared/ndelingat/HydraGNN/installation_DOE_supercomputers/HydraGNN-Installation-Frontier/hydragnn_venv/lib/python3.11/site-packages/torch/nn/modules/module.py", line 1789, in _call_impl
[rank7]:     return forward_call(*args, **kwargs)
[rank7]:            ^^^^^^^^^^^^^^^^^^^^^^^^^^^^^
[rank7]:   File "/lustre/orion/lrn070/proj-shared/ndelingat/HydraGNN/hydragnn/models/heterogeneous/HeteroBase.py", line 771, in forward
[rank7]:     x_dict, batch_dict = self._prepare_node_features(data)
[rank7]:                          ^^^^^^^^^^^^^^^^^^^^^^^^^^^
[rank7]:   File "/lustre/orion/lrn070/proj-shared/ndelingat/HydraGNN/installation_DOE_supercomputers/HydraGNN-Installation-Frontier/hydragnn_venv/lib/python3.11/site-packages/torch/nn/modules/module.py", line 1967, in __getattr__
[rank0]:     raise AttributeError(
[rank0]: AttributeError: 'HeteroSAGEStack' object has no attribute '_prepare_node_features'
[rank1]: Traceback (most recent call last):
[rank1]:   File "/lustre/orion/lrn070/proj-shared/ndelingat/HydraGNN/examples/opf/train_opf_solution_heterogeneous.py", line 1387, in <module>
[rank1]:     hydragnn.train.train_validate_test(
[rank1]:   File "/lustre/orion/lrn070/proj-shared/ndelingat/HydraGNN/hydragnn/train/train_validate_test.py", line 341, in train_validate_test
[rank1]:     train_result = train(
[rank1]:                    ^^^^^^
[rank1]:   File "/lustre/orion/lrn070/proj-shared/ndelingat/HydraGNN/hydragnn/train/train_validate_test.py", line 824, in train
[rank1]:     pred = model(data)
[rank1]:            ^^^^^^^^^^^
[rank1]:   File "/lustre/orion/lrn070/proj-shared/ndelingat/HydraGNN/installation_DOE_supercomputers/HydraGNN-Installation-Frontier/hydragnn_venv/lib/python3.11/site-packages/torch/nn/modules/module.py", line 1778, in _wrapped_call_impl
[rank1]:     return self._call_impl(*args, **kwargs)
[rank1]:            ^^^^^^^^^^^^^^^^^^^^^^^^^^^^^^^^
[rank1]:   File "/lustre/orion/lrn070/proj-shared/ndelingat/HydraGNN/installation_DOE_supercomputers/HydraGNN-Installation-Frontier/hydragnn_venv/lib/python3.11/site-packages/torch/nn/modules/module.py", line 1789, in _call_impl
[rank1]:     return forward_call(*args, **kwargs)
[rank1]:            ^^^^^^^^^^^^^^^^^^^^^^^^^^^^^
[rank1]:   File "/lustre/orion/lrn070/proj-shared/ndelingat/HydraGNN/installation_DOE_supercomputers/HydraGNN-Installation-Frontier/hydragnn_venv/lib/python3.11/site-packages/torch/nn/parallel/distributed.py", line 1832, in forward
[rank1]:     else self._run_ddp_forward(*inputs, **kwargs)
[rank1]:          ^^^^^^^^^^^^^^^^^^^^^^^^^^^^^^^^^^^^^^^^
[rank1]:   File "/lustre/orion/lrn070/proj-shared/ndelingat/HydraGNN/installation_DOE_supercomputers/HydraGNN-Installation-Frontier/hydragnn_venv/lib/python3.11/site-packages/torch/nn/parallel/distributed.py", line 1657, in _run_ddp_forward
[rank1]:     return self.module(*inputs, **kwargs)  # type: ignore[index]
[rank1]:            ^^^^^^^^^^^^^^^^^^^^^^^^^^^^^^
[rank1]:   File "/lustre/orion/lrn070/proj-shared/ndelingat/HydraGNN/installation_DOE_supercomputers/HydraGNN-Installation-Frontier/hydragnn_venv/lib/python3.11/site-packages/torch/nn/modules/module.py", line 1778, in _wrapped_call_impl
[rank1]:     return self._call_impl(*args, **kwargs)
[rank1]:            ^^^^^^^^^^^^^^^^^^^^^^^^^^^^^^^^
[rank1]:   File "/lustre/orion/lrn070/proj-shared/ndelingat/HydraGNN/installation_DOE_supercomputers/HydraGNN-Installation-Frontier/hydragnn_venv/lib/python3.11/site-packages/torch/nn/modules/module.py", line 1789, in _call_impl
[rank1]:     return forward_call(*args, **kwargs)
[rank1]:            ^^^^^^^^^^^^^^^^^^^^^^^^^^^^^
[rank1]:   File "/lustre/orion/lrn070/proj-shared/ndelingat/HydraGNN/examples/opf/opf_solution_utils.py", line 358, in forward
[rank1]:     return self.model(data)
[rank1]:            ^^^^^^^^^^^^^^^^
[rank1]:   File "/lustre/orion/lrn070/proj-shared/ndelingat/HydraGNN/installation_DOE_supercomputers/HydraGNN-Installation-Frontier/hydragnn_venv/lib/python3.11/site-packages/torch/nn/modules/module.py", line 1778, in _wrapped_call_impl
[rank1]:     return self._call_impl(*args, **kwargs)
[rank1]:            ^^^^^^^^^^^^^^^^^^^^^^^^^^^^^^^^
[rank1]:   File "/lustre/orion/lrn070/proj-shared/ndelingat/HydraGNN/installation_DOE_supercomputers/HydraGNN-Installation-Frontier/hydragnn_venv/lib/python3.11/site-packages/torch/nn/modules/module.py", line 1789, in _call_impl
[rank1]:     return forward_call(*args, **kwargs)
[rank1]:            ^^^^^^^^^^^^^^^^^^^^^^^^^^^^^
[rank1]:   File "/lustre/orion/lrn070/proj-shared/ndelingat/HydraGNN/hydragnn/models/heterogeneous/HeteroBase.py", line 771, in forward
[rank1]:     x_dict, batch_dict = self._prepare_node_features(data)
[rank1]:                          ^^^^^^^^^^^^^^^^^^^^^^^^^^^
[rank1]:   File "/lustre/orion/lrn070/proj-shared/ndelingat/HydraGNN/installation_DOE_supercomputers/HydraGNN-Installation-Frontier/hydragnn_venv/lib/python3.11/site-packages/torch/nn/modules/module.py", line 1967, in __getattr__
[rank2]: Traceback (most recent call last):
[rank2]:   File "/lustre/orion/lrn070/proj-shared/ndelingat/HydraGNN/examples/opf/train_opf_solution_heterogeneous.py", line 1387, in <module>
[rank2]:     hydragnn.train.train_validate_test(
[rank2]:   File "/lustre/orion/lrn070/proj-shared/ndelingat/HydraGNN/hydragnn/train/train_validate_test.py", line 341, in train_validate_test
[rank2]:     train_result = train(
[rank2]:                    ^^^^^^
[rank2]:   File "/lustre/orion/lrn070/proj-shared/ndelingat/HydraGNN/hydragnn/train/train_validate_test.py", line 824, in train
[rank2]:     pred = model(data)
[rank2]:            ^^^^^^^^^^^
[rank2]:   File "/lustre/orion/lrn070/proj-shared/ndelingat/HydraGNN/installation_DOE_supercomputers/HydraGNN-Installation-Frontier/hydragnn_venv/lib/python3.11/site-packages/torch/nn/modules/module.py", line 1778, in _wrapped_call_impl
[rank2]:     return self._call_impl(*args, **kwargs)
[rank2]:            ^^^^^^^^^^^^^^^^^^^^^^^^^^^^^^^^
[rank2]:   File "/lustre/orion/lrn070/proj-shared/ndelingat/HydraGNN/installation_DOE_supercomputers/HydraGNN-Installation-Frontier/hydragnn_venv/lib/python3.11/site-packages/torch/nn/modules/module.py", line 1789, in _call_impl
[rank2]:     return forward_call(*args, **kwargs)
[rank2]:            ^^^^^^^^^^^^^^^^^^^^^^^^^^^^^
[rank2]:   File "/lustre/orion/lrn070/proj-shared/ndelingat/HydraGNN/installation_DOE_supercomputers/HydraGNN-Installation-Frontier/hydragnn_venv/lib/python3.11/site-packages/torch/nn/parallel/distributed.py", line 1832, in forward
[rank2]:     else self._run_ddp_forward(*inputs, **kwargs)
[rank2]:          ^^^^^^^^^^^^^^^^^^^^^^^^^^^^^^^^^^^^^^^^
[rank2]:   File "/lustre/orion/lrn070/proj-shared/ndelingat/HydraGNN/installation_DOE_supercomputers/HydraGNN-Installation-Frontier/hydragnn_venv/lib/python3.11/site-packages/torch/nn/parallel/distributed.py", line 1657, in _run_ddp_forward
[rank2]:     return self.module(*inputs, **kwargs)  # type: ignore[index]
[rank2]:            ^^^^^^^^^^^^^^^^^^^^^^^^^^^^^^
[rank2]:   File "/lustre/orion/lrn070/proj-shared/ndelingat/HydraGNN/installation_DOE_supercomputers/HydraGNN-Installation-Frontier/hydragnn_venv/lib/python3.11/site-packages/torch/nn/modules/module.py", line 1778, in _wrapped_call_impl
[rank2]:     return self._call_impl(*args, **kwargs)
[rank2]:            ^^^^^^^^^^^^^^^^^^^^^^^^^^^^^^^^
[rank2]:   File "/lustre/orion/lrn070/proj-shared/ndelingat/HydraGNN/installation_DOE_supercomputers/HydraGNN-Installation-Frontier/hydragnn_venv/lib/python3.11/site-packages/torch/nn/modules/module.py", line 1789, in _call_impl
[rank2]:     return forward_call(*args, **kwargs)
[rank2]:            ^^^^^^^^^^^^^^^^^^^^^^^^^^^^^
[rank2]:   File "/lustre/orion/lrn070/proj-shared/ndelingat/HydraGNN/examples/opf/opf_solution_utils.py", line 358, in forward
[rank2]:     return self.model(data)
[rank2]:            ^^^^^^^^^^^^^^^^
[rank2]:   File "/lustre/orion/lrn070/proj-shared/ndelingat/HydraGNN/installation_DOE_supercomputers/HydraGNN-Installation-Frontier/hydragnn_venv/lib/python3.11/site-packages/torch/nn/modules/module.py", line 1778, in _wrapped_call_impl
[rank2]:     return self._call_impl(*args, **kwargs)
[rank2]:            ^^^^^^^^^^^^^^^^^^^^^^^^^^^^^^^^
[rank2]:   File "/lustre/orion/lrn070/proj-shared/ndelingat/HydraGNN/installation_DOE_supercomputers/HydraGNN-Installation-Frontier/hydragnn_venv/lib/python3.11/site-packages/torch/nn/modules/module.py", line 1789, in _call_impl
[rank2]:     return forward_call(*args, **kwargs)
[rank2]:            ^^^^^^^^^^^^^^^^^^^^^^^^^^^^^
[rank2]:   File "/lustre/orion/lrn070/proj-shared/ndelingat/HydraGNN/hydragnn/models/heterogeneous/HeteroBase.py", line 771, in forward
[rank2]:     x_dict, batch_dict = self._prepare_node_features(data)
[rank2]:                          ^^^^^^^^^^^^^^^^^^^^^^^^^^^
[rank2]:   File "/lustre/orion/lrn070/proj-shared/ndelingat/HydraGNN/installation_DOE_supercomputers/HydraGNN-Installation-Frontier/hydragnn_venv/lib/python3.11/site-packages/torch/nn/modules/module.py", line 1967, in __getattr__
[rank3]: Traceback (most recent call last):
[rank3]:   File "/lustre/orion/lrn070/proj-shared/ndelingat/HydraGNN/examples/opf/train_opf_solution_heterogeneous.py", line 1387, in <module>
[rank3]:     hydragnn.train.train_validate_test(
[rank3]:   File "/lustre/orion/lrn070/proj-shared/ndelingat/HydraGNN/hydragnn/train/train_validate_test.py", line 341, in train_validate_test
[rank3]:     train_result = train(
[rank3]:                    ^^^^^^
[rank3]:   File "/lustre/orion/lrn070/proj-shared/ndelingat/HydraGNN/hydragnn/train/train_validate_test.py", line 824, in train
[rank3]:     pred = model(data)
[rank3]:            ^^^^^^^^^^^
[rank3]:   File "/lustre/orion/lrn070/proj-shared/ndelingat/HydraGNN/installation_DOE_supercomputers/HydraGNN-Installation-Frontier/hydragnn_venv/lib/python3.11/site-packages/torch/nn/modules/module.py", line 1778, in _wrapped_call_impl
[rank3]:     return self._call_impl(*args, **kwargs)
[rank3]:            ^^^^^^^^^^^^^^^^^^^^^^^^^^^^^^^^
[rank3]:   File "/lustre/orion/lrn070/proj-shared/ndelingat/HydraGNN/installation_DOE_supercomputers/HydraGNN-Installation-Frontier/hydragnn_venv/lib/python3.11/site-packages/torch/nn/modules/module.py", line 1789, in _call_impl
[rank3]:     return forward_call(*args, **kwargs)
[rank3]:            ^^^^^^^^^^^^^^^^^^^^^^^^^^^^^
[rank3]:   File "/lustre/orion/lrn070/proj-shared/ndelingat/HydraGNN/installation_DOE_supercomputers/HydraGNN-Installation-Frontier/hydragnn_venv/lib/python3.11/site-packages/torch/nn/parallel/distributed.py", line 1832, in forward
[rank3]:     else self._run_ddp_forward(*inputs, **kwargs)
[rank3]:          ^^^^^^^^^^^^^^^^^^^^^^^^^^^^^^^^^^^^^^^^
[rank3]:   File "/lustre/orion/lrn070/proj-shared/ndelingat/HydraGNN/installation_DOE_supercomputers/HydraGNN-Installation-Frontier/hydragnn_venv/lib/python3.11/site-packages/torch/nn/parallel/distributed.py", line 1657, in _run_ddp_forward
[rank3]:     return self.module(*inputs, **kwargs)  # type: ignore[index]
[rank3]:            ^^^^^^^^^^^^^^^^^^^^^^^^^^^^^^
[rank3]:   File "/lustre/orion/lrn070/proj-shared/ndelingat/HydraGNN/installation_DOE_supercomputers/HydraGNN-Installation-Frontier/hydragnn_venv/lib/python3.11/site-packages/torch/nn/modules/module.py", line 1778, in _wrapped_call_impl
[rank3]:     return self._call_impl(*args, **kwargs)
[rank3]:            ^^^^^^^^^^^^^^^^^^^^^^^^^^^^^^^^
[rank3]:   File "/lustre/orion/lrn070/proj-shared/ndelingat/HydraGNN/installation_DOE_supercomputers/HydraGNN-Installation-Frontier/hydragnn_venv/lib/python3.11/site-packages/torch/nn/modules/module.py", line 1789, in _call_impl
[rank3]:     return forward_call(*args, **kwargs)
[rank3]:            ^^^^^^^^^^^^^^^^^^^^^^^^^^^^^
[rank3]:   File "/lustre/orion/lrn070/proj-shared/ndelingat/HydraGNN/examples/opf/opf_solution_utils.py", line 358, in forward
[rank3]:     return self.model(data)
[rank3]:            ^^^^^^^^^^^^^^^^
[rank3]:   File "/lustre/orion/lrn070/proj-shared/ndelingat/HydraGNN/installation_DOE_supercomputers/HydraGNN-Installation-Frontier/hydragnn_venv/lib/python3.11/site-packages/torch/nn/modules/module.py", line 1778, in _wrapped_call_impl
[rank3]:     return self._call_impl(*args, **kwargs)
[rank3]:            ^^^^^^^^^^^^^^^^^^^^^^^^^^^^^^^^
[rank3]:   File "/lustre/orion/lrn070/proj-shared/ndelingat/HydraGNN/installation_DOE_supercomputers/HydraGNN-Installation-Frontier/hydragnn_venv/lib/python3.11/site-packages/torch/nn/modules/module.py", line 1789, in _call_impl
[rank3]:     return forward_call(*args, **kwargs)
[rank3]:            ^^^^^^^^^^^^^^^^^^^^^^^^^^^^^
[rank3]:   File "/lustre/orion/lrn070/proj-shared/ndelingat/HydraGNN/hydragnn/models/heterogeneous/HeteroBase.py", line 771, in forward
[rank3]:     x_dict, batch_dict = self._prepare_node_features(data)
[rank3]:                          ^^^^^^^^^^^^^^^^^^^^^^^^^^^
[rank3]:   File "/lustre/orion/lrn070/proj-shared/ndelingat/HydraGNN/installation_DOE_supercomputers/HydraGNN-Installation-Frontier/hydragnn_venv/lib/python3.11/site-packages/torch/nn/modules/module.py", line 1967, in __getattr__
[rank4]: Traceback (most recent call last):
[rank4]:   File "/lustre/orion/lrn070/proj-shared/ndelingat/HydraGNN/examples/opf/train_opf_solution_heterogeneous.py", line 1387, in <module>
[rank4]:     hydragnn.train.train_validate_test(
[rank4]:   File "/lustre/orion/lrn070/proj-shared/ndelingat/HydraGNN/hydragnn/train/train_validate_test.py", line 341, in train_validate_test
[rank4]:     train_result = train(
[rank4]:                    ^^^^^^
[rank4]:   File "/lustre/orion/lrn070/proj-shared/ndelingat/HydraGNN/hydragnn/train/train_validate_test.py", line 824, in train
[rank4]:     pred = model(data)
[rank4]:            ^^^^^^^^^^^
[rank4]:   File "/lustre/orion/lrn070/proj-shared/ndelingat/HydraGNN/installation_DOE_supercomputers/HydraGNN-Installation-Frontier/hydragnn_venv/lib/python3.11/site-packages/torch/nn/modules/module.py", line 1778, in _wrapped_call_impl
[rank4]:     return self._call_impl(*args, **kwargs)
[rank4]:            ^^^^^^^^^^^^^^^^^^^^^^^^^^^^^^^^
[rank4]:   File "/lustre/orion/lrn070/proj-shared/ndelingat/HydraGNN/installation_DOE_supercomputers/HydraGNN-Installation-Frontier/hydragnn_venv/lib/python3.11/site-packages/torch/nn/modules/module.py", line 1789, in _call_impl
[rank4]:     return forward_call(*args, **kwargs)
[rank4]:            ^^^^^^^^^^^^^^^^^^^^^^^^^^^^^
[rank4]:   File "/lustre/orion/lrn070/proj-shared/ndelingat/HydraGNN/installation_DOE_supercomputers/HydraGNN-Installation-Frontier/hydragnn_venv/lib/python3.11/site-packages/torch/nn/parallel/distributed.py", line 1832, in forward
[rank4]:     else self._run_ddp_forward(*inputs, **kwargs)
[rank4]:          ^^^^^^^^^^^^^^^^^^^^^^^^^^^^^^^^^^^^^^^^
[rank4]:   File "/lustre/orion/lrn070/proj-shared/ndelingat/HydraGNN/installation_DOE_supercomputers/HydraGNN-Installation-Frontier/hydragnn_venv/lib/python3.11/site-packages/torch/nn/parallel/distributed.py", line 1657, in _run_ddp_forward
[rank4]:     return self.module(*inputs, **kwargs)  # type: ignore[index]
[rank4]:            ^^^^^^^^^^^^^^^^^^^^^^^^^^^^^^
[rank4]:   File "/lustre/orion/lrn070/proj-shared/ndelingat/HydraGNN/installation_DOE_supercomputers/HydraGNN-Installation-Frontier/hydragnn_venv/lib/python3.11/site-packages/torch/nn/modules/module.py", line 1778, in _wrapped_call_impl
[rank4]:     return self._call_impl(*args, **kwargs)
[rank4]:            ^^^^^^^^^^^^^^^^^^^^^^^^^^^^^^^^
[rank4]:   File "/lustre/orion/lrn070/proj-shared/ndelingat/HydraGNN/installation_DOE_supercomputers/HydraGNN-Installation-Frontier/hydragnn_venv/lib/python3.11/site-packages/torch/nn/modules/module.py", line 1789, in _call_impl
[rank4]:     return forward_call(*args, **kwargs)
[rank4]:            ^^^^^^^^^^^^^^^^^^^^^^^^^^^^^
[rank4]:   File "/lustre/orion/lrn070/proj-shared/ndelingat/HydraGNN/examples/opf/opf_solution_utils.py", line 358, in forward
[rank4]:     return self.model(data)
[rank4]:            ^^^^^^^^^^^^^^^^
[rank4]:   File "/lustre/orion/lrn070/proj-shared/ndelingat/HydraGNN/installation_DOE_supercomputers/HydraGNN-Installation-Frontier/hydragnn_venv/lib/python3.11/site-packages/torch/nn/modules/module.py", line 1778, in _wrapped_call_impl
[rank4]:     return self._call_impl(*args, **kwargs)
[rank4]:            ^^^^^^^^^^^^^^^^^^^^^^^^^^^^^^^^
[rank4]:   File "/lustre/orion/lrn070/proj-shared/ndelingat/HydraGNN/installation_DOE_supercomputers/HydraGNN-Installation-Frontier/hydragnn_venv/lib/python3.11/site-packages/torch/nn/modules/module.py", line 1789, in _call_impl
[rank4]:     return forward_call(*args, **kwargs)
[rank4]:            ^^^^^^^^^^^^^^^^^^^^^^^^^^^^^
[rank4]:   File "/lustre/orion/lrn070/proj-shared/ndelingat/HydraGNN/hydragnn/models/heterogeneous/HeteroBase.py", line 771, in forward
[rank4]:     x_dict, batch_dict = self._prepare_node_features(data)
[rank4]:                          ^^^^^^^^^^^^^^^^^^^^^^^^^^^
[rank4]:   File "/lustre/orion/lrn070/proj-shared/ndelingat/HydraGNN/installation_DOE_supercomputers/HydraGNN-Installation-Frontier/hydragnn_venv/lib/python3.11/site-packages/torch/nn/modules/module.py", line 1967, in __getattr__
[rank5]:     raise AttributeError(
[rank5]: AttributeError: 'HeteroSAGEStack' object has no attribute '_prepare_node_features'
[rank6]: Traceback (most recent call last):
[rank6]:   File "/lustre/orion/lrn070/proj-shared/ndelingat/HydraGNN/examples/opf/train_opf_solution_heterogeneous.py", line 1387, in <module>
[rank6]:     hydragnn.train.train_validate_test(
[rank6]:   File "/lustre/orion/lrn070/proj-shared/ndelingat/HydraGNN/hydragnn/train/train_validate_test.py", line 341, in train_validate_test
[rank6]:     train_result = train(
[rank6]:                    ^^^^^^
[rank6]:   File "/lustre/orion/lrn070/proj-shared/ndelingat/HydraGNN/hydragnn/train/train_validate_test.py", line 824, in train
[rank6]:     pred = model(data)
[rank6]:            ^^^^^^^^^^^
[rank6]:   File "/lustre/orion/lrn070/proj-shared/ndelingat/HydraGNN/installation_DOE_supercomputers/HydraGNN-Installation-Frontier/hydragnn_venv/lib/python3.11/site-packages/torch/nn/modules/module.py", line 1778, in _wrapped_call_impl
[rank6]:     return self._call_impl(*args, **kwargs)
[rank6]:            ^^^^^^^^^^^^^^^^^^^^^^^^^^^^^^^^
[rank6]:   File "/lustre/orion/lrn070/proj-shared/ndelingat/HydraGNN/installation_DOE_supercomputers/HydraGNN-Installation-Frontier/hydragnn_venv/lib/python3.11/site-packages/torch/nn/modules/module.py", line 1789, in _call_impl
[rank6]:     return forward_call(*args, **kwargs)
[rank6]:            ^^^^^^^^^^^^^^^^^^^^^^^^^^^^^
[rank6]:   File "/lustre/orion/lrn070/proj-shared/ndelingat/HydraGNN/installation_DOE_supercomputers/HydraGNN-Installation-Frontier/hydragnn_venv/lib/python3.11/site-packages/torch/nn/parallel/distributed.py", line 1832, in forward
[rank6]:     else self._run_ddp_forward(*inputs, **kwargs)
[rank6]:          ^^^^^^^^^^^^^^^^^^^^^^^^^^^^^^^^^^^^^^^^
[rank6]:   File "/lustre/orion/lrn070/proj-shared/ndelingat/HydraGNN/installation_DOE_supercomputers/HydraGNN-Installation-Frontier/hydragnn_venv/lib/python3.11/site-packages/torch/nn/parallel/distributed.py", line 1657, in _run_ddp_forward
[rank6]:     return self.module(*inputs, **kwargs)  # type: ignore[index]
[rank6]:            ^^^^^^^^^^^^^^^^^^^^^^^^^^^^^^
[rank6]:   File "/lustre/orion/lrn070/proj-shared/ndelingat/HydraGNN/installation_DOE_supercomputers/HydraGNN-Installation-Frontier/hydragnn_venv/lib/python3.11/site-packages/torch/nn/modules/module.py", line 1778, in _wrapped_call_impl
[rank6]:     return self._call_impl(*args, **kwargs)
[rank6]:            ^^^^^^^^^^^^^^^^^^^^^^^^^^^^^^^^
[rank6]:   File "/lustre/orion/lrn070/proj-shared/ndelingat/HydraGNN/installation_DOE_supercomputers/HydraGNN-Installation-Frontier/hydragnn_venv/lib/python3.11/site-packages/torch/nn/modules/module.py", line 1789, in _call_impl
[rank6]:     return forward_call(*args, **kwargs)
[rank6]:            ^^^^^^^^^^^^^^^^^^^^^^^^^^^^^
[rank6]:   File "/lustre/orion/lrn070/proj-shared/ndelingat/HydraGNN/examples/opf/opf_solution_utils.py", line 358, in forward
[rank6]:     return self.model(data)
[rank6]:            ^^^^^^^^^^^^^^^^
[rank6]:   File "/lustre/orion/lrn070/proj-shared/ndelingat/HydraGNN/installation_DOE_supercomputers/HydraGNN-Installation-Frontier/hydragnn_venv/lib/python3.11/site-packages/torch/nn/modules/module.py", line 1778, in _wrapped_call_impl
[rank6]:     return self._call_impl(*args, **kwargs)
[rank6]:            ^^^^^^^^^^^^^^^^^^^^^^^^^^^^^^^^
[rank6]:   File "/lustre/orion/lrn070/proj-shared/ndelingat/HydraGNN/installation_DOE_supercomputers/HydraGNN-Installation-Frontier/hydragnn_venv/lib/python3.11/site-packages/torch/nn/modules/module.py", line 1789, in _call_impl
[rank6]:     return forward_call(*args, **kwargs)
[rank6]:            ^^^^^^^^^^^^^^^^^^^^^^^^^^^^^
[rank6]:   File "/lustre/orion/lrn070/proj-shared/ndelingat/HydraGNN/hydragnn/models/heterogeneous/HeteroBase.py", line 771, in forward
[rank6]:     x_dict, batch_dict = self._prepare_node_features(data)
[rank6]:                          ^^^^^^^^^^^^^^^^^^^^^^^^^^^
[rank6]:   File "/lustre/orion/lrn070/proj-shared/ndelingat/HydraGNN/installation_DOE_supercomputers/HydraGNN-Installation-Frontier/hydragnn_venv/lib/python3.11/site-packages/torch/nn/modules/module.py", line 1967, in __getattr__
[rank7]:     raise AttributeError(
[rank7]: AttributeError: 'HeteroSAGEStack' object has no attribute '_prepare_node_features'
[rank1]:     raise AttributeError(
[rank1]: AttributeError: 'HeteroSAGEStack' object has no attribute '_prepare_node_features'
[rank2]:     raise AttributeError(
[rank2]: AttributeError: 'HeteroSAGEStack' object has no attribute '_prepare_node_features'
[rank3]:     raise AttributeError(
[rank3]: AttributeError: 'HeteroSAGEStack' object has no attribute '_prepare_node_features'
[rank4]:     raise AttributeError(
[rank4]: AttributeError: 'HeteroSAGEStack' object has no attribute '_prepare_node_features'
[rank6]:     raise AttributeError(
[rank6]: AttributeError: 'HeteroSAGEStack' object has no attribute '_prepare_node_features'
[rank13]:[W720 15:07:08.317983150 ProcessGroupNCCL.cpp:1647] Warning: WARNING: destroy_process_group() was not called before program exit, which can leak resources. For more info, please see https://pytorch.org/docs/stable/distributed.html#shutdown (function operator())
[rank12]:[W720 15:07:08.318204018 ProcessGroupNCCL.cpp:1647] Warning: WARNING: destroy_process_group() was not called before program exit, which can leak resources. For more info, please see https://pytorch.org/docs/stable/distributed.html#shutdown (function operator())
[rank11]:[W720 15:07:08.318656364 ProcessGroupNCCL.cpp:1647] Warning: WARNING: destroy_process_group() was not called before program exit, which can leak resources. For more info, please see https://pytorch.org/docs/stable/distributed.html#shutdown (function operator())
[rank10]:[W720 15:07:08.321668408 ProcessGroupNCCL.cpp:1647] Warning: WARNING: destroy_process_group() was not called before program exit, which can leak resources. For more info, please see https://pytorch.org/docs/stable/distributed.html#shutdown (function operator())
[rank14]:[W720 15:07:08.326204183 ProcessGroupNCCL.cpp:1647] Warning: WARNING: destroy_process_group() was not called before program exit, which can leak resources. For more info, please see https://pytorch.org/docs/stable/distributed.html#shutdown (function operator())
[rank9]:[W720 15:07:08.329476871 ProcessGroupNCCL.cpp:1647] Warning: WARNING: destroy_process_group() was not called before program exit, which can leak resources. For more info, please see https://pytorch.org/docs/stable/distributed.html#shutdown (function operator())
[rank8]:[W720 15:07:08.329679774 ProcessGroupNCCL.cpp:1647] Warning: WARNING: destroy_process_group() was not called before program exit, which can leak resources. For more info, please see https://pytorch.org/docs/stable/distributed.html#shutdown (function operator())
[rank6]:[W720 15:07:08.656172435 ProcessGroupNCCL.cpp:1647] Warning: WARNING: destroy_process_group() was not called before program exit, which can leak resources. For more info, please see https://pytorch.org/docs/stable/distributed.html#shutdown (function operator())
[rank7]:[W720 15:07:08.656274783 ProcessGroupNCCL.cpp:1647] Warning: WARNING: destroy_process_group() was not called before program exit, which can leak resources. For more info, please see https://pytorch.org/docs/stable/distributed.html#shutdown (function operator())
[rank4]:[W720 15:07:08.656487675 ProcessGroupNCCL.cpp:1647] Warning: WARNING: destroy_process_group() was not called before program exit, which can leak resources. For more info, please see https://pytorch.org/docs/stable/distributed.html#shutdown (function operator())
[rank5]:[W720 15:07:08.657241232 ProcessGroupNCCL.cpp:1647] Warning: WARNING: destroy_process_group() was not called before program exit, which can leak resources. For more info, please see https://pytorch.org/docs/stable/distributed.html#shutdown (function operator())
[rank15]:[W720 15:07:08.337492656 ProcessGroupNCCL.cpp:1647] Warning: WARNING: destroy_process_group() was not called before program exit, which can leak resources. For more info, please see https://pytorch.org/docs/stable/distributed.html#shutdown (function operator())
[rank2]:[W720 15:07:08.662205229 ProcessGroupNCCL.cpp:1647] Warning: WARNING: destroy_process_group() was not called before program exit, which can leak resources. For more info, please see https://pytorch.org/docs/stable/distributed.html#shutdown (function operator())
[rank3]:[W720 15:07:08.664888877 ProcessGroupNCCL.cpp:1647] Warning: WARNING: destroy_process_group() was not called before program exit, which can leak resources. For more info, please see https://pytorch.org/docs/stable/distributed.html#shutdown (function operator())
[rank1]:[W720 15:07:08.665729061 ProcessGroupNCCL.cpp:1647] Warning: WARNING: destroy_process_group() was not called before program exit, which can leak resources. For more info, please see https://pytorch.org/docs/stable/distributed.html#shutdown (function operator())
[rank0]:[W720 15:07:08.667996184 ProcessGroupNCCL.cpp:1647] Warning: WARNING: destroy_process_group() was not called before program exit, which can leak resources. For more info, please see https://pytorch.org/docs/stable/distributed.html#shutdown (function operator())
srun: error: frontier07196: tasks 0-7: Exited with exit code 1
srun: Terminating StepId=5038358.0
srun: error: frontier07220: tasks 8-15: Exited with exit code 1
