Running "module reset". Resetting modules to system default. The following $MODULEPATH directories have been removed: None
-------------------------------------------------------------------------------
There are messages associated with the following module(s):
-------------------------------------------------------------------------------

DefApps:
   ROCm/5.x modules and HPE/Cray Programming Environment (CPE) versions <=
   23.12 were removed on July 1, 2026. For more information regarding the
   removal, please see https://docs.olcf.ornl.gov/software/software-news.html#frontier-software-changes-july-1-2026

-------------------------------------------------------------------------------


The following have been reloaded with a version change:
  1) PrgEnv-cray/8.6.0 => PrgEnv-cray/8.5.0
  2) cce/18.0.1 => cce/18.0.0
  3) cray-libsci/24.11.0 => cray-libsci/24.07.0
  4) cray-mpich/8.1.31 => cray-mpich/8.1.30
  5) cray-pmi/6.1.15 => cray-pmi/6.1.15.21
  6) craype/2.7.33 => craype/2.7.32
  7) darshan-runtime/3.4.6-mpi => darshan-runtime/3.4.4-mpi
  8) perftools-base/24.11.0 => perftools-base/24.07.0

Lmod Warning:
================================================================================

    Mixed compiler modules are being deprecated in a future release.
    For more information run: module help amd-mixed

================================================================================


While processing the following module(s):
    Module fullname  Module Filename
    ---------------  ---------------
    amd-mixed/7.1.1  /opt/cray/pe/lmod/modulefiles/mix_compilers/amd-mixed/7.1.1.lua


Lmod is automatically replacing "cce/18.0.0" with "gcc-native/13.2".


Lmod is automatically replacing "PrgEnv-cray/8.5.0" with "PrgEnv-gnu/8.5.0".

Lmod Warning:
================================================================================

    Mixed compiler modules are being deprecated in a future release.
    For more information run: module help amd-mixed

================================================================================


While processing the following module(s):
    Module fullname  Module Filename
    ---------------  ---------------
    amd-mixed/7.1.1  /opt/cray/pe/lmod/modulefiles/mix_compilers/amd-mixed/7.1.1.lua


Due to MODULEPATH changes, the following have been reloaded:
  1) cray-libsci/24.07.0     2) cray-mpich/8.1.30     3) darshan-runtime/3.4.4-mpi

Lmod Warning:
================================================================================

    Mixed compiler modules are being deprecated in a future release.
    For more information run: module help amd-mixed

================================================================================


While processing the following module(s):
    Module fullname  Module Filename
    ---------------  ---------------
    amd-mixed/7.1.1  /opt/cray/pe/lmod/modulefiles/mix_compilers/amd-mixed/7.1.1.lua

/lustre/orion/lrn070/proj-shared/ndelingat/HydraGNN/installation_DOE_supercomputers/HydraGNN-Installation-Frontier/hydragnn_venv/bin/python3.11
2.10.2 /lustre/orion/lrn070/proj-shared/ndelingat/HydraGNN/installation_DOE_supercomputers/HydraGNN-Installation-Frontier/hydragnn_venv/lib/python3.11/site-packages/adios2/__init__.py
2.12.1+rocm7.1 /lustre/orion/lrn070/proj-shared/ndelingat/HydraGNN/installation_DOE_supercomputers/HydraGNN-Installation-Frontier/hydragnn_venv/lib/python3.11/site-packages/torch/__init__.py

Note: the module "darshan-runtime" cannot be unloaded because it was not
loaded.

Lmod Warning:
================================================================================

    Mixed compiler modules are being deprecated in a future release.
    For more information run: module help amd-mixed

================================================================================


While processing the following module(s):
    Module fullname  Module Filename
    ---------------  ---------------
    amd-mixed/7.1.1  /opt/cray/pe/lmod/modulefiles/mix_compilers/amd-mixed/7.1.1.lua


Currently Loaded Modules:
  1) craype-x86-trento                13) rocm/7.1.1
  2) libfabric/2.3.1                  14) amd-mixed/7.1.1
  3) craype-network-ofi               15) craype-accel-amd-gfx90a
  4) xpmem/1.0.1-1.5_1_gfb6998056825  16) gcc-native/13.2
  5) Core/25.03                       17) craype/2.7.32
  6) tmux/3.4                         18) cray-dsmml/0.3.0
  7) hsi/default                      19) cray-mpich/8.1.30
  8) lfs-wrapper/0.0.1                20) cray-libsci/24.07.0
  9) DefApps                          21) PrgEnv-gnu/8.5.0
 10) cray-pmi/6.1.15.21               22) miniforge3/23.11.0-0
 11) perftools-base/24.07.0           23) git-lfs/3.5.1
 12) cpe/24.07

 

/opt/rocm-7.1.1/lib
/opt/rocm-7.1.1/llvm/lib
/opt/rocm-7.1.1/lib/roctracer
/opt/rocm-7.1.1/lib/rocprofiler
/opt/cray/pe/papi/7.1.0.2/lib64
/opt/cray/libfabric/2.3.1/lib64
PE_PRODUCT_LIST=CRAYPE:CRAY_PMI:CRAYPE_X86_TRENTO:PERFTOOLS:CRAYPAT:CRAY_ROCM:CRAY_ACCEL
ROCM_PATH=/opt/rocm-7.1.1
CRAY_ROCM_POST_LINK_OPTS= -L/opt/rocm-7.1.1/lib -L/opt/rocm-7.1.1/lib/rocprofiler -L/opt/rocm-7.1.1/lib/roctracer -lamdhip64
CRAY_ROCM_PREFIX=/opt/rocm-7.1.1
CRAY_ROCM_DIR=/opt/rocm-7.1.1
CRAY_ROCM_VERSION=7.1.1
CRAY_ROCM_INCLUDE_OPTS=-I/opt/rocm-7.1.1/include -I/opt/rocm-7.1.1/include/rocprofiler -I/opt/rocm-7.1.1/include/roctracer -I/opt/rocm-7.1.1/include/hip -D__HIP_PLATFORM_AMD__
__LMOD_REF_COUNT_PE_PRODUCT_LIST=CRAYPE:1;CRAY_PMI:1;CRAYPE_X86_TRENTO:1;PERFTOOLS:1;CRAYPAT:1;CRAY_ROCM:1;CRAY_ACCEL:1
MINICOM=-c on
MPICH_OFI_NIC_POLICY=NUMA
MPICH_DIR=/opt/cray/pe/mpich/8.1.30/ofi/gnu/12.3
HYDRA_LAUNCHER_EXTRA_ARGS=--external-launcher
HYDRA_BOOTSTRAP=slurm
/lustre/orion/lrn070/proj-shared/ndelingat/HydraGNN/installation_DOE_supercomputers/HydraGNN-Installation-Frontier/hydragnn_venv/bin/python3.11
1.26.4

============================================================
 HydraGNN oversmoothing array training
 Array task  : 0 / 2
 Config      : oversmoothing_configs/15_heterosage_attention_only_gps.json
 Run name    : 15_heterosage_attention_only_gps-5038919-0
 Case        : pglib_opf_case14_ieee
 Nodes       : 2
 GPUs/ranks  : 16
 Epochs      : 2
 Batch size  : 32
============================================================

WARNING: All log messages before absl::InitializeLog() is called are written to STDERR
I0000 00:00:1784576950.998959  341296 cudart_stub.cc:31] Could not find cuda drivers on your machine, GPU will not be used.
WARNING: All log messages before absl::InitializeLog() is called are written to STDERR
I0000 00:00:1784576950.998983  341297 cudart_stub.cc:31] Could not find cuda drivers on your machine, GPU will not be used.
WARNING: All log messages before absl::InitializeLog() is called are written to STDERR
I0000 00:00:1784576950.998945  341299 cudart_stub.cc:31] Could not find cuda drivers on your machine, GPU will not be used.
WARNING: All log messages before absl::InitializeLog() is called are written to STDERR
I0000 00:00:1784576950.998943  341301 cudart_stub.cc:31] Could not find cuda drivers on your machine, GPU will not be used.
WARNING: All log messages before absl::InitializeLog() is called are written to STDERR
I0000 00:00:1784576950.998966  341294 cudart_stub.cc:31] Could not find cuda drivers on your machine, GPU will not be used.
WARNING: All log messages before absl::InitializeLog() is called are written to STDERR
I0000 00:00:1784576950.998975  341295 cudart_stub.cc:31] Could not find cuda drivers on your machine, GPU will not be used.
WARNING: All log messages before absl::InitializeLog() is called are written to STDERR
I0000 00:00:1784576950.998963  341298 cudart_stub.cc:31] Could not find cuda drivers on your machine, GPU will not be used.
WARNING: All log messages before absl::InitializeLog() is called are written to STDERR
I0000 00:00:1784576950.998969  341300 cudart_stub.cc:31] Could not find cuda drivers on your machine, GPU will not be used.
WARNING: All log messages before absl::InitializeLog() is called are written to STDERR
I0000 00:00:1784576953.521657 2397760 cudart_stub.cc:31] Could not find cuda drivers on your machine, GPU will not be used.
WARNING: All log messages before absl::InitializeLog() is called are written to STDERR
I0000 00:00:1784576953.521625 2397766 cudart_stub.cc:31] Could not find cuda drivers on your machine, GPU will not be used.
WARNING: All log messages before absl::InitializeLog() is called are written to STDERR
I0000 00:00:1784576953.521651 2397767 cudart_stub.cc:31] Could not find cuda drivers on your machine, GPU will not be used.
WARNING: All log messages before absl::InitializeLog() is called are written to STDERR
I0000 00:00:1784576953.521634 2397761 cudart_stub.cc:31] Could not find cuda drivers on your machine, GPU will not be used.
WARNING: All log messages before absl::InitializeLog() is called are written to STDERR
I0000 00:00:1784576953.521639 2397762 cudart_stub.cc:31] Could not find cuda drivers on your machine, GPU will not be used.
WARNING: All log messages before absl::InitializeLog() is called are written to STDERR
I0000 00:00:1784576953.521659 2397763 cudart_stub.cc:31] Could not find cuda drivers on your machine, GPU will not be used.
WARNING: All log messages before absl::InitializeLog() is called are written to STDERR
I0000 00:00:1784576953.521641 2397764 cudart_stub.cc:31] Could not find cuda drivers on your machine, GPU will not be used.
WARNING: All log messages before absl::InitializeLog() is called are written to STDERR
I0000 00:00:1784576953.521672 2397765 cudart_stub.cc:31] Could not find cuda drivers on your machine, GPU will not be used.
I0000 00:00:1784576953.677511  341294 cpu_feature_guard.cc:227] This TensorFlow binary is optimized to use available CPU instructions in performance-critical operations.
To enable the following instructions: AVX2 FMA, in other operations, rebuild TensorFlow with the appropriate compiler flags.
I0000 00:00:1784576953.677541  341297 cpu_feature_guard.cc:227] This TensorFlow binary is optimized to use available CPU instructions in performance-critical operations.
To enable the following instructions: AVX2 FMA, in other operations, rebuild TensorFlow with the appropriate compiler flags.
I0000 00:00:1784576953.677529  341298 cpu_feature_guard.cc:227] This TensorFlow binary is optimized to use available CPU instructions in performance-critical operations.
To enable the following instructions: AVX2 FMA, in other operations, rebuild TensorFlow with the appropriate compiler flags.
I0000 00:00:1784576953.677525  341301 cpu_feature_guard.cc:227] This TensorFlow binary is optimized to use available CPU instructions in performance-critical operations.
To enable the following instructions: AVX2 FMA, in other operations, rebuild TensorFlow with the appropriate compiler flags.
I0000 00:00:1784576953.677581  341295 cpu_feature_guard.cc:227] This TensorFlow binary is optimized to use available CPU instructions in performance-critical operations.
To enable the following instructions: AVX2 FMA, in other operations, rebuild TensorFlow with the appropriate compiler flags.
I0000 00:00:1784576953.677579  341296 cpu_feature_guard.cc:227] This TensorFlow binary is optimized to use available CPU instructions in performance-critical operations.
To enable the following instructions: AVX2 FMA, in other operations, rebuild TensorFlow with the appropriate compiler flags.
I0000 00:00:1784576953.677593  341300 cpu_feature_guard.cc:227] This TensorFlow binary is optimized to use available CPU instructions in performance-critical operations.
To enable the following instructions: AVX2 FMA, in other operations, rebuild TensorFlow with the appropriate compiler flags.
I0000 00:00:1784576953.677612  341299 cpu_feature_guard.cc:227] This TensorFlow binary is optimized to use available CPU instructions in performance-critical operations.
To enable the following instructions: AVX2 FMA, in other operations, rebuild TensorFlow with the appropriate compiler flags.
I0000 00:00:1784576953.886718 2397760 cpu_feature_guard.cc:227] This TensorFlow binary is optimized to use available CPU instructions in performance-critical operations.
To enable the following instructions: AVX2 FMA, in other operations, rebuild TensorFlow with the appropriate compiler flags.
I0000 00:00:1784576953.886727 2397761 cpu_feature_guard.cc:227] This TensorFlow binary is optimized to use available CPU instructions in performance-critical operations.
To enable the following instructions: AVX2 FMA, in other operations, rebuild TensorFlow with the appropriate compiler flags.
I0000 00:00:1784576953.886737 2397762 cpu_feature_guard.cc:227] This TensorFlow binary is optimized to use available CPU instructions in performance-critical operations.
To enable the following instructions: AVX2 FMA, in other operations, rebuild TensorFlow with the appropriate compiler flags.
I0000 00:00:1784576953.886724 2397763 cpu_feature_guard.cc:227] This TensorFlow binary is optimized to use available CPU instructions in performance-critical operations.
To enable the following instructions: AVX2 FMA, in other operations, rebuild TensorFlow with the appropriate compiler flags.
I0000 00:00:1784576953.886729 2397764 cpu_feature_guard.cc:227] This TensorFlow binary is optimized to use available CPU instructions in performance-critical operations.
To enable the following instructions: AVX2 FMA, in other operations, rebuild TensorFlow with the appropriate compiler flags.
I0000 00:00:1784576953.886708 2397765 cpu_feature_guard.cc:227] This TensorFlow binary is optimized to use available CPU instructions in performance-critical operations.
To enable the following instructions: AVX2 FMA, in other operations, rebuild TensorFlow with the appropriate compiler flags.
I0000 00:00:1784576953.886722 2397766 cpu_feature_guard.cc:227] This TensorFlow binary is optimized to use available CPU instructions in performance-critical operations.
To enable the following instructions: AVX2 FMA, in other operations, rebuild TensorFlow with the appropriate compiler flags.
I0000 00:00:1784576953.886703 2397767 cpu_feature_guard.cc:227] This TensorFlow binary is optimized to use available CPU instructions in performance-critical operations.
To enable the following instructions: AVX2 FMA, in other operations, rebuild TensorFlow with the appropriate compiler flags.
WARNING: All log messages before absl::InitializeLog() is called are written to STDERR
I0000 00:00:1784576956.938834  341295 cudart_stub.cc:31] Could not find cuda drivers on your machine, GPU will not be used.
WARNING: All log messages before absl::InitializeLog() is called are written to STDERR
I0000 00:00:1784576956.938840  341298 cudart_stub.cc:31] Could not find cuda drivers on your machine, GPU will not be used.
WARNING: All log messages before absl::InitializeLog() is called are written to STDERR
I0000 00:00:1784576956.938861  341299 cudart_stub.cc:31] Could not find cuda drivers on your machine, GPU will not be used.
WARNING: All log messages before absl::InitializeLog() is called are written to STDERR
I0000 00:00:1784576956.938837  341300 cudart_stub.cc:31] Could not find cuda drivers on your machine, GPU will not be used.
WARNING: All log messages before absl::InitializeLog() is called are written to STDERR
I0000 00:00:1784576956.938825  341301 cudart_stub.cc:31] Could not find cuda drivers on your machine, GPU will not be used.
WARNING: All log messages before absl::InitializeLog() is called are written to STDERR
I0000 00:00:1784576956.938887  341294 cudart_stub.cc:31] Could not find cuda drivers on your machine, GPU will not be used.
WARNING: All log messages before absl::InitializeLog() is called are written to STDERR
I0000 00:00:1784576956.938928  341296 cudart_stub.cc:31] Could not find cuda drivers on your machine, GPU will not be used.
WARNING: All log messages before absl::InitializeLog() is called are written to STDERR
I0000 00:00:1784576956.938940  341297 cudart_stub.cc:31] Could not find cuda drivers on your machine, GPU will not be used.
WARNING: All log messages before absl::InitializeLog() is called are written to STDERR
I0000 00:00:1784576957.205699 2397760 cudart_stub.cc:31] Could not find cuda drivers on your machine, GPU will not be used.
WARNING: All log messages before absl::InitializeLog() is called are written to STDERR
I0000 00:00:1784576957.205707 2397761 cudart_stub.cc:31] Could not find cuda drivers on your machine, GPU will not be used.
WARNING: All log messages before absl::InitializeLog() is called are written to STDERR
I0000 00:00:1784576957.205691 2397762 cudart_stub.cc:31] Could not find cuda drivers on your machine, GPU will not be used.
WARNING: All log messages before absl::InitializeLog() is called are written to STDERR
I0000 00:00:1784576957.205712 2397763 cudart_stub.cc:31] Could not find cuda drivers on your machine, GPU will not be used.
WARNING: All log messages before absl::InitializeLog() is called are written to STDERR
I0000 00:00:1784576957.205695 2397764 cudart_stub.cc:31] Could not find cuda drivers on your machine, GPU will not be used.
WARNING: All log messages before absl::InitializeLog() is called are written to STDERR
I0000 00:00:1784576957.205715 2397765 cudart_stub.cc:31] Could not find cuda drivers on your machine, GPU will not be used.
WARNING: All log messages before absl::InitializeLog() is called are written to STDERR
I0000 00:00:1784576957.205832 2397766 cudart_stub.cc:31] Could not find cuda drivers on your machine, GPU will not be used.
WARNING: All log messages before absl::InitializeLog() is called are written to STDERR
I0000 00:00:1784576957.205807 2397767 cudart_stub.cc:31] Could not find cuda drivers on your machine, GPU will not be used.
Distributed data parallel: nccl master at 10.128.102.224:48920
[W720 15:49:19.012045056 socket.cpp:764] [c10d] The client socket cannot be initialized to connect to [frontier06579.frontier.olcf.ornl.gov]:48920 (errno: 97 - Address family not supported by protocol).
[W720 15:49:19.012035557 socket.cpp:764] [c10d] The client socket cannot be initialized to connect to [frontier06579.frontier.olcf.ornl.gov]:48920 (errno: 97 - Address family not supported by protocol).
[W720 15:49:19.012054825 socket.cpp:764] [c10d] The client socket cannot be initialized to connect to [frontier06579.frontier.olcf.ornl.gov]:48920 (errno: 97 - Address family not supported by protocol).
[W720 15:49:19.012069453 socket.cpp:764] [c10d] The client socket cannot be initialized to connect to [frontier06579.frontier.olcf.ornl.gov]:48920 (errno: 97 - Address family not supported by protocol).
[W720 15:49:19.014765548 socket.cpp:764] [c10d] The client socket cannot be initialized to connect to [frontier06579.frontier.olcf.ornl.gov]:48920 (errno: 97 - Address family not supported by protocol).
[W720 15:49:19.017375467 socket.cpp:764] [c10d] The client socket cannot be initialized to connect to [frontier06579.frontier.olcf.ornl.gov]:48920 (errno: 97 - Address family not supported by protocol).
[W720 15:49:19.019378752 socket.cpp:764] [c10d] The client socket cannot be initialized to connect to [frontier06579.frontier.olcf.ornl.gov]:48920 (errno: 97 - Address family not supported by protocol).
[W720 15:49:19.020224187 socket.cpp:764] [c10d] The client socket cannot be initialized to connect to [frontier06579.frontier.olcf.ornl.gov]:48920 (errno: 97 - Address family not supported by protocol).
INFO (rank 2): trainset,valset,testset size: 270000 15000 15000
INFO (rank 5): trainset,valset,testset size: 270000 15000 15000
INFO (rank 1): trainset,valset,testset size: 270000 15000 15000
INFO (rank 3): trainset,valset,testset size: 270000 15000 15000
INFO (rank 4): trainset,valset,testset size: 270000 15000 15000
INFO (rank 7): trainset,valset,testset size: 270000 15000 15000
INFO (rank 6): trainset,valset,testset size: 270000 15000 15000
[W720 15:49:20.990769092 socket.cpp:764] [c10d] The client socket cannot be initialized to connect to [frontier06579.frontier.olcf.ornl.gov]:48920 (errno: 97 - Address family not supported by protocol).
[W720 15:49:20.990819720 socket.cpp:764] [c10d] The client socket cannot be initialized to connect to [frontier06579.frontier.olcf.ornl.gov]:48920 (errno: 97 - Address family not supported by protocol).
[W720 15:49:20.990858936 socket.cpp:764] [c10d] The client socket cannot be initialized to connect to [frontier06579.frontier.olcf.ornl.gov]:48920 (errno: 97 - Address family not supported by protocol).
[W720 15:49:20.990852364 socket.cpp:764] [c10d] The client socket cannot be initialized to connect to [frontier06579.frontier.olcf.ornl.gov]:48920 (errno: 97 - Address family not supported by protocol).
[W720 15:49:20.990845641 socket.cpp:764] [c10d] The client socket cannot be initialized to connect to [frontier06579.frontier.olcf.ornl.gov]:48920 (errno: 97 - Address family not supported by protocol).
[W720 15:49:20.990872523 socket.cpp:764] [c10d] The client socket cannot be initialized to connect to [frontier06579.frontier.olcf.ornl.gov]:48920 (errno: 97 - Address family not supported by protocol).
[W720 15:49:20.990869697 socket.cpp:764] [c10d] The client socket cannot be initialized to connect to [frontier06579.frontier.olcf.ornl.gov]:48920 (errno: 97 - Address family not supported by protocol).
[W720 15:49:20.992536938 socket.cpp:764] [c10d] The client socket cannot be initialized to connect to [frontier06579.frontier.olcf.ornl.gov]:48920 (errno: 97 - Address family not supported by protocol).
INFO (rank 0): HDF5 training mode: skipping OPF case discovery/download/split preparation.
INFO (rank 0): trainset,valset,testset size: 270000 15000 15000
INFO (rank 11): trainset,valset,testset size: 270000 15000 15000
INFO (rank 15): trainset,valset,testset size: 270000 15000 15000
INFO (rank 14): trainset,valset,testset size: 270000 15000 15000
INFO (rank 10): trainset,valset,testset size: 270000 15000 15000
INFO (rank 12): trainset,valset,testset size: 270000 15000 15000
INFO (rank 13): trainset,valset,testset size: 270000 15000 15000
INFO (rank 9): trainset,valset,testset size: 270000 15000 15000
INFO (rank 8): trainset,valset,testset size: 270000 15000 15000
0: Using GPU
Using FSDP: False Version: 1 Sharding: ShardingStrategy.FULL_SHARD
Using FSDP: False Version: 1 Sharding: ShardingStrategy.FULL_SHARD
Using FSDP: False Version: 1 Sharding: ShardingStrategy.FULL_SHARD
Using FSDP: False Version: 1 Sharding: ShardingStrategy.FULL_SHARD
Using FSDP: False Version: 1 Sharding: ShardingStrategy.FULL_SHARD
Using FSDP: False Version: 1 Sharding: ShardingStrategy.FULL_SHARD
Using FSDP: False Version: 1 Sharding: ShardingStrategy.FULL_SHARD
Using FSDP: False Version: 1 Sharding: ShardingStrategy.FULL_SHARD
Using FSDP: False Version: 1 Sharding: ShardingStrategy.FULL_SHARD
Using FSDP: False Version: 1 Sharding: ShardingStrategy.FULL_SHARD
Using FSDP: False Version: 1 Sharding: ShardingStrategy.FULL_SHARD
Using FSDP: False Version: 1 Sharding: ShardingStrategy.FULL_SHARD
INFO (rank 0): [DomainLoss] config (enabled=True): smoothness_weight=0.001, transformer_smoothness_weight=0.001, voltage_bound_weight=0.01, voltage_bound_feature_indices=[2, 3], voltage_output_index=-1
INFO (rank 0): [DomainLoss] Wrapping model with OPFEnhancedModelWrapper.
Using FSDP: False Version: 1 Sharding: ShardingStrategy.FULL_SHARD
Using FSDP: False Version: 1 Sharding: ShardingStrategy.FULL_SHARD
Using FSDP: False Version: 1 Sharding: ShardingStrategy.FULL_SHARD
0: CPUs, NVIDIA, and AMD GPUs do not need optimize wrapper
0: EnhancedModelWrapper detected: OPFEnhancedModelWrapper
0: Applying DDP optimizations: find_unused_parameters=True, gradient_as_bucket_view=False
0: Using GPU
Using FSDP: False Version: 1 Sharding: ShardingStrategy.FULL_SHARD
[diag][rank 0][364577.160] Entering print_model
0:     module.model.graph_convs.0.attn.in_proj_weight	           [192, 64]	     12288
0:       module.model.graph_convs.0.attn.in_proj_bias	               [192]	       192
0:    module.model.graph_convs.0.attn.out_proj.weight	            [64, 64]	      4096
0:      module.model.graph_convs.0.attn.out_proj.bias	                [64]	        64
0:            module.model.graph_convs.0.mlp.0.weight	           [128, 64]	      8192
0:              module.model.graph_convs.0.mlp.0.bias	               [128]	       128
0:            module.model.graph_convs.0.mlp.3.weight	           [64, 128]	      8192
0:              module.model.graph_convs.0.mlp.3.bias	                [64]	        64
0: module.model.graph_convs.0.norm1_dict.bus.module.weight	                [64]	        64
0: module.model.graph_convs.0.norm1_dict.bus.module.bias	                [64]	        64
0: module.model.graph_convs.0.norm1_dict.bus.module.running_mean	                [64]	        64
0: module.model.graph_convs.0.norm1_dict.bus.module.running_var	                [64]	        64
0: module.model.graph_convs.0.norm1_dict.bus.module.num_batches_tracked	                  []	         1
0: module.model.graph_convs.0.norm1_dict.generator.module.weight	                [64]	        64
0: module.model.graph_convs.0.norm1_dict.generator.module.bias	                [64]	        64
0: module.model.graph_convs.0.norm1_dict.generator.module.running_mean	                [64]	        64
0: module.model.graph_convs.0.norm1_dict.generator.module.running_var	                [64]	        64
0: module.model.graph_convs.0.norm1_dict.generator.module.num_batches_tracked	                  []	         1
0: module.model.graph_convs.0.norm1_dict.load.module.weight	                [64]	        64
0: module.model.graph_convs.0.norm1_dict.load.module.bias	                [64]	        64
0: module.model.graph_convs.0.norm1_dict.load.module.running_mean	                [64]	        64
0: module.model.graph_convs.0.norm1_dict.load.module.running_var	                [64]	        64
0: module.model.graph_convs.0.norm1_dict.load.module.num_batches_tracked	                  []	         1
0: module.model.graph_convs.0.norm1_dict.shunt.module.weight	                [64]	        64
0: module.model.graph_convs.0.norm1_dict.shunt.module.bias	                [64]	        64
0: module.model.graph_convs.0.norm1_dict.shunt.module.running_mean	                [64]	        64
0: module.model.graph_convs.0.norm1_dict.shunt.module.running_var	                [64]	        64
0: module.model.graph_convs.0.norm1_dict.shunt.module.num_batches_tracked	                  []	         1
0: module.model.graph_convs.0.norm2_dict.bus.module.weight	                [64]	        64
0: module.model.graph_convs.0.norm2_dict.bus.module.bias	                [64]	        64
0: module.model.graph_convs.0.norm2_dict.bus.module.running_mean	                [64]	        64
0: module.model.graph_convs.0.norm2_dict.bus.module.running_var	                [64]	        64
0: module.model.graph_convs.0.norm2_dict.bus.module.num_batches_tracked	                  []	         1
0: module.model.graph_convs.0.norm2_dict.generator.module.weight	                [64]	        64
0: module.model.graph_convs.0.norm2_dict.generator.module.bias	                [64]	        64
0: module.model.graph_convs.0.norm2_dict.generator.module.running_mean	                [64]	        64
0: module.model.graph_convs.0.norm2_dict.generator.module.running_var	                [64]	        64
0: module.model.graph_convs.0.norm2_dict.generator.module.num_batches_tracked	                  []	         1
0: module.model.graph_convs.0.norm2_dict.load.module.weight	                [64]	        64
0: module.model.graph_convs.0.norm2_dict.load.module.bias	                [64]	        64
0: module.model.graph_convs.0.norm2_dict.load.module.running_mean	                [64]	        64
0: module.model.graph_convs.0.norm2_dict.load.module.running_var	                [64]	        64
0: module.model.graph_convs.0.norm2_dict.load.module.num_batches_tracked	                  []	         1
0: module.model.graph_convs.0.norm2_dict.shunt.module.weight	                [64]	        64
0: module.model.graph_convs.0.norm2_dict.shunt.module.bias	                [64]	        64
0: module.model.graph_convs.0.norm2_dict.shunt.module.running_mean	                [64]	        64
0: module.model.graph_convs.0.norm2_dict.shunt.module.running_var	                [64]	        64
0: module.model.graph_convs.0.norm2_dict.shunt.module.num_batches_tracked	                  []	         1
0: module.model.graph_convs.0.norm3_dict.bus.module.weight	                [64]	        64
0: module.model.graph_convs.0.norm3_dict.bus.module.bias	                [64]	        64
0: module.model.graph_convs.0.norm3_dict.bus.module.running_mean	                [64]	        64
0: module.model.graph_convs.0.norm3_dict.bus.module.running_var	                [64]	        64
0: module.model.graph_convs.0.norm3_dict.bus.module.num_batches_tracked	                  []	         1
0: module.model.graph_convs.0.norm3_dict.generator.module.weight	                [64]	        64
0: module.model.graph_convs.0.norm3_dict.generator.module.bias	                [64]	        64
0: module.model.graph_convs.0.norm3_dict.generator.module.running_mean	                [64]	        64
0: module.model.graph_convs.0.norm3_dict.generator.module.running_var	                [64]	        64
0: module.model.graph_convs.0.norm3_dict.generator.module.num_batches_tracked	                  []	         1
0: module.model.graph_convs.0.norm3_dict.load.module.weight	                [64]	        64
0: module.model.graph_convs.0.norm3_dict.load.module.bias	                [64]	        64
0: module.model.graph_convs.0.norm3_dict.load.module.running_mean	                [64]	        64
0: module.model.graph_convs.0.norm3_dict.load.module.running_var	                [64]	        64
0: module.model.graph_convs.0.norm3_dict.load.module.num_batches_tracked	                  []	         1
0: module.model.graph_convs.0.norm3_dict.shunt.module.weight	                [64]	        64
0: module.model.graph_convs.0.norm3_dict.shunt.module.bias	                [64]	        64
0: module.model.graph_convs.0.norm3_dict.shunt.module.running_mean	                [64]	        64
0: module.model.graph_convs.0.norm3_dict.shunt.module.running_var	                [64]	        64
0: module.model.graph_convs.0.norm3_dict.shunt.module.num_batches_tracked	                  []	         1
0:     module.model.graph_convs.1.attn.in_proj_weight	           [192, 64]	     12288
0:       module.model.graph_convs.1.attn.in_proj_bias	               [192]	       192
0:    module.model.graph_convs.1.attn.out_proj.weight	            [64, 64]	      4096
0:      module.model.graph_convs.1.attn.out_proj.bias	                [64]	        64
0:            module.model.graph_convs.1.mlp.0.weight	           [128, 64]	      8192
0:              module.model.graph_convs.1.mlp.0.bias	               [128]	       128
0:            module.model.graph_convs.1.mlp.3.weight	           [64, 128]	      8192
0:              module.model.graph_convs.1.mlp.3.bias	                [64]	        64
0: module.model.graph_convs.1.norm1_dict.bus.module.weight	                [64]	        64
0: module.model.graph_convs.1.norm1_dict.bus.module.bias	                [64]	        64
0: module.model.graph_convs.1.norm1_dict.bus.module.running_mean	                [64]	        64
0: module.model.graph_convs.1.norm1_dict.bus.module.running_var	                [64]	        64
0: module.model.graph_convs.1.norm1_dict.bus.module.num_batches_tracked	                  []	         1
0: module.model.graph_convs.1.norm1_dict.generator.module.weight	                [64]	        64
0: module.model.graph_convs.1.norm1_dict.generator.module.bias	                [64]	        64
0: module.model.graph_convs.1.norm1_dict.generator.module.running_mean	                [64]	        64
0: module.model.graph_convs.1.norm1_dict.generator.module.running_var	                [64]	        64
0: module.model.graph_convs.1.norm1_dict.generator.module.num_batches_tracked	                  []	         1
0: module.model.graph_convs.1.norm1_dict.load.module.weight	                [64]	        64
0: module.model.graph_convs.1.norm1_dict.load.module.bias	                [64]	        64
0: module.model.graph_convs.1.norm1_dict.load.module.running_mean	                [64]	        64
0: module.model.graph_convs.1.norm1_dict.load.module.running_var	                [64]	        64
0: module.model.graph_convs.1.norm1_dict.load.module.num_batches_tracked	                  []	         1
0: module.model.graph_convs.1.norm1_dict.shunt.module.weight	                [64]	        64
0: module.model.graph_convs.1.norm1_dict.shunt.module.bias	                [64]	        64
0: module.model.graph_convs.1.norm1_dict.shunt.module.running_mean	                [64]	        64
0: module.model.graph_convs.1.norm1_dict.shunt.module.running_var	                [64]	        64
0: module.model.graph_convs.1.norm1_dict.shunt.module.num_batches_tracked	                  []	         1
0: module.model.graph_convs.1.norm2_dict.bus.module.weight	                [64]	        64
0: module.model.graph_convs.1.norm2_dict.bus.module.bias	                [64]	        64
0: module.model.graph_convs.1.norm2_dict.bus.module.running_mean	                [64]	        64
0: module.model.graph_convs.1.norm2_dict.bus.module.running_var	                [64]	        64
0: module.model.graph_convs.1.norm2_dict.bus.module.num_batches_tracked	                  []	         1
0: module.model.graph_convs.1.norm2_dict.generator.module.weight	                [64]	        64
0: module.model.graph_convs.1.norm2_dict.generator.module.bias	                [64]	        64
0: module.model.graph_convs.1.norm2_dict.generator.module.running_mean	                [64]	        64
0: module.model.graph_convs.1.norm2_dict.generator.module.running_var	                [64]	        64
0: module.model.graph_convs.1.norm2_dict.generator.module.num_batches_tracked	                  []	         1
0: module.model.graph_convs.1.norm2_dict.load.module.weight	                [64]	        64
0: module.model.graph_convs.1.norm2_dict.load.module.bias	                [64]	        64
0: module.model.graph_convs.1.norm2_dict.load.module.running_mean	                [64]	        64
0: module.model.graph_convs.1.norm2_dict.load.module.running_var	                [64]	        64
0: module.model.graph_convs.1.norm2_dict.load.module.num_batches_tracked	                  []	         1
0: module.model.graph_convs.1.norm2_dict.shunt.module.weight	                [64]	        64
0: module.model.graph_convs.1.norm2_dict.shunt.module.bias	                [64]	        64
0: module.model.graph_convs.1.norm2_dict.shunt.module.running_mean	                [64]	        64
0: module.model.graph_convs.1.norm2_dict.shunt.module.running_var	                [64]	        64
0: module.model.graph_convs.1.norm2_dict.shunt.module.num_batches_tracked	                  []	         1
0: module.model.graph_convs.1.norm3_dict.bus.module.weight	                [64]	        64
0: module.model.graph_convs.1.norm3_dict.bus.module.bias	                [64]	        64
0: module.model.graph_convs.1.norm3_dict.bus.module.running_mean	                [64]	        64
0: module.model.graph_convs.1.norm3_dict.bus.module.running_var	                [64]	        64
0: module.model.graph_convs.1.norm3_dict.bus.module.num_batches_tracked	                  []	         1
0: module.model.graph_convs.1.norm3_dict.generator.module.weight	                [64]	        64
0: module.model.graph_convs.1.norm3_dict.generator.module.bias	                [64]	        64
0: module.model.graph_convs.1.norm3_dict.generator.module.running_mean	                [64]	        64
0: module.model.graph_convs.1.norm3_dict.generator.module.running_var	                [64]	        64
0: module.model.graph_convs.1.norm3_dict.generator.module.num_batches_tracked	                  []	         1
0: module.model.graph_convs.1.norm3_dict.load.module.weight	                [64]	        64
0: module.model.graph_convs.1.norm3_dict.load.module.bias	                [64]	        64
0: module.model.graph_convs.1.norm3_dict.load.module.running_mean	                [64]	        64
0: module.model.graph_convs.1.norm3_dict.load.module.running_var	                [64]	        64
0: module.model.graph_convs.1.norm3_dict.load.module.num_batches_tracked	                  []	         1
0: module.model.graph_convs.1.norm3_dict.shunt.module.weight	                [64]	        64
0: module.model.graph_convs.1.norm3_dict.shunt.module.bias	                [64]	        64
0: module.model.graph_convs.1.norm3_dict.shunt.module.running_mean	                [64]	        64
0: module.model.graph_convs.1.norm3_dict.shunt.module.running_var	                [64]	        64
0: module.model.graph_convs.1.norm3_dict.shunt.module.num_batches_tracked	                  []	         1
0:     module.model.graph_convs.2.attn.in_proj_weight	           [192, 64]	     12288
0:       module.model.graph_convs.2.attn.in_proj_bias	               [192]	       192
0:    module.model.graph_convs.2.attn.out_proj.weight	            [64, 64]	      4096
0:      module.model.graph_convs.2.attn.out_proj.bias	                [64]	        64
0:            module.model.graph_convs.2.mlp.0.weight	           [128, 64]	      8192
0:              module.model.graph_convs.2.mlp.0.bias	               [128]	       128
0:            module.model.graph_convs.2.mlp.3.weight	           [64, 128]	      8192
0:              module.model.graph_convs.2.mlp.3.bias	                [64]	        64
0: module.model.graph_convs.2.norm1_dict.bus.module.weight	                [64]	        64
0: module.model.graph_convs.2.norm1_dict.bus.module.bias	                [64]	        64
0: module.model.graph_convs.2.norm1_dict.bus.module.running_mean	                [64]	        64
0: module.model.graph_convs.2.norm1_dict.bus.module.running_var	                [64]	        64
0: module.model.graph_convs.2.norm1_dict.bus.module.num_batches_tracked	                  []	         1
0: module.model.graph_convs.2.norm1_dict.generator.module.weight	                [64]	        64
0: module.model.graph_convs.2.norm1_dict.generator.module.bias	                [64]	        64
0: module.model.graph_convs.2.norm1_dict.generator.module.running_mean	                [64]	        64
0: module.model.graph_convs.2.norm1_dict.generator.module.running_var	                [64]	        64
0: module.model.graph_convs.2.norm1_dict.generator.module.num_batches_tracked	                  []	         1
0: module.model.graph_convs.2.norm1_dict.load.module.weight	                [64]	        64
0: module.model.graph_convs.2.norm1_dict.load.module.bias	                [64]	        64
0: module.model.graph_convs.2.norm1_dict.load.module.running_mean	                [64]	        64
0: module.model.graph_convs.2.norm1_dict.load.module.running_var	                [64]	        64
0: module.model.graph_convs.2.norm1_dict.load.module.num_batches_tracked	                  []	         1
0: module.model.graph_convs.2.norm1_dict.shunt.module.weight	                [64]	        64
0: module.model.graph_convs.2.norm1_dict.shunt.module.bias	                [64]	        64
0: module.model.graph_convs.2.norm1_dict.shunt.module.running_mean	                [64]	        64
0: module.model.graph_convs.2.norm1_dict.shunt.module.running_var	                [64]	        64
0: module.model.graph_convs.2.norm1_dict.shunt.module.num_batches_tracked	                  []	         1
0: module.model.graph_convs.2.norm2_dict.bus.module.weight	                [64]	        64
0: module.model.graph_convs.2.norm2_dict.bus.module.bias	                [64]	        64
0: module.model.graph_convs.2.norm2_dict.bus.module.running_mean	                [64]	        64
0: module.model.graph_convs.2.norm2_dict.bus.module.running_var	                [64]	        64
0: module.model.graph_convs.2.norm2_dict.bus.module.num_batches_tracked	                  []	         1
0: module.model.graph_convs.2.norm2_dict.generator.module.weight	                [64]	        64
0: module.model.graph_convs.2.norm2_dict.generator.module.bias	                [64]	        64
0: module.model.graph_convs.2.norm2_dict.generator.module.running_mean	                [64]	        64
0: module.model.graph_convs.2.norm2_dict.generator.module.running_var	                [64]	        64
0: module.model.graph_convs.2.norm2_dict.generator.module.num_batches_tracked	                  []	         1
0: module.model.graph_convs.2.norm2_dict.load.module.weight	                [64]	        64
0: module.model.graph_convs.2.norm2_dict.load.module.bias	                [64]	        64
0: module.model.graph_convs.2.norm2_dict.load.module.running_mean	                [64]	        64
0: module.model.graph_convs.2.norm2_dict.load.module.running_var	                [64]	        64
0: module.model.graph_convs.2.norm2_dict.load.module.num_batches_tracked	                  []	         1
0: module.model.graph_convs.2.norm2_dict.shunt.module.weight	                [64]	        64
0: module.model.graph_convs.2.norm2_dict.shunt.module.bias	                [64]	        64
0: module.model.graph_convs.2.norm2_dict.shunt.module.running_mean	                [64]	        64
0: module.model.graph_convs.2.norm2_dict.shunt.module.running_var	                [64]	        64
0: module.model.graph_convs.2.norm2_dict.shunt.module.num_batches_tracked	                  []	         1
0: module.model.graph_convs.2.norm3_dict.bus.module.weight	                [64]	        64
0: module.model.graph_convs.2.norm3_dict.bus.module.bias	                [64]	        64
0: module.model.graph_convs.2.norm3_dict.bus.module.running_mean	                [64]	        64
0: module.model.graph_convs.2.norm3_dict.bus.module.running_var	                [64]	        64
0: module.model.graph_convs.2.norm3_dict.bus.module.num_batches_tracked	                  []	         1
0: module.model.graph_convs.2.norm3_dict.generator.module.weight	                [64]	        64
0: module.model.graph_convs.2.norm3_dict.generator.module.bias	                [64]	        64
0: module.model.graph_convs.2.norm3_dict.generator.module.running_mean	                [64]	        64
0: module.model.graph_convs.2.norm3_dict.generator.module.running_var	                [64]	        64
0: module.model.graph_convs.2.norm3_dict.generator.module.num_batches_tracked	                  []	         1
0: module.model.graph_convs.2.norm3_dict.load.module.weight	                [64]	        64
0: module.model.graph_convs.2.norm3_dict.load.module.bias	                [64]	        64
0: module.model.graph_convs.2.norm3_dict.load.module.running_mean	                [64]	        64
0: module.model.graph_convs.2.norm3_dict.load.module.running_var	                [64]	        64
0: module.model.graph_convs.2.norm3_dict.load.module.num_batches_tracked	                  []	         1
0: module.model.graph_convs.2.norm3_dict.shunt.module.weight	                [64]	        64
0: module.model.graph_convs.2.norm3_dict.shunt.module.bias	                [64]	        64
0: module.model.graph_convs.2.norm3_dict.shunt.module.running_mean	                [64]	        64
0: module.model.graph_convs.2.norm3_dict.shunt.module.running_var	                [64]	        64
0: module.model.graph_convs.2.norm3_dict.shunt.module.num_batches_tracked	                  []	         1
0:     module.model.graph_convs.3.attn.in_proj_weight	           [192, 64]	     12288
0:       module.model.graph_convs.3.attn.in_proj_bias	               [192]	       192
0:    module.model.graph_convs.3.attn.out_proj.weight	            [64, 64]	      4096
0:      module.model.graph_convs.3.attn.out_proj.bias	                [64]	        64
0:            module.model.graph_convs.3.mlp.0.weight	           [128, 64]	      8192
0:              module.model.graph_convs.3.mlp.0.bias	               [128]	       128
0:            module.model.graph_convs.3.mlp.3.weight	           [64, 128]	      8192
0:              module.model.graph_convs.3.mlp.3.bias	                [64]	        64
0: module.model.graph_convs.3.norm1_dict.bus.module.weight	                [64]	        64
0: module.model.graph_convs.3.norm1_dict.bus.module.bias	                [64]	        64
0: module.model.graph_convs.3.norm1_dict.bus.module.running_mean	                [64]	        64
0: module.model.graph_convs.3.norm1_dict.bus.module.running_var	                [64]	        64
0: module.model.graph_convs.3.norm1_dict.bus.module.num_batches_tracked	                  []	         1
0: module.model.graph_convs.3.norm1_dict.generator.module.weight	                [64]	        64
0: module.model.graph_convs.3.norm1_dict.generator.module.bias	                [64]	        64
0: module.model.graph_convs.3.norm1_dict.generator.module.running_mean	                [64]	        64
0: module.model.graph_convs.3.norm1_dict.generator.module.running_var	                [64]	        64
0: module.model.graph_convs.3.norm1_dict.generator.module.num_batches_tracked	                  []	         1
0: module.model.graph_convs.3.norm1_dict.load.module.weight	                [64]	        64
0: module.model.graph_convs.3.norm1_dict.load.module.bias	                [64]	        64
0: module.model.graph_convs.3.norm1_dict.load.module.running_mean	                [64]	        64
0: module.model.graph_convs.3.norm1_dict.load.module.running_var	                [64]	        64
0: module.model.graph_convs.3.norm1_dict.load.module.num_batches_tracked	                  []	         1
0: module.model.graph_convs.3.norm1_dict.shunt.module.weight	                [64]	        64
0: module.model.graph_convs.3.norm1_dict.shunt.module.bias	                [64]	        64
0: module.model.graph_convs.3.norm1_dict.shunt.module.running_mean	                [64]	        64
0: module.model.graph_convs.3.norm1_dict.shunt.module.running_var	                [64]	        64
0: module.model.graph_convs.3.norm1_dict.shunt.module.num_batches_tracked	                  []	         1
0: module.model.graph_convs.3.norm2_dict.bus.module.weight	                [64]	        64
0: module.model.graph_convs.3.norm2_dict.bus.module.bias	                [64]	        64
0: module.model.graph_convs.3.norm2_dict.bus.module.running_mean	                [64]	        64
0: module.model.graph_convs.3.norm2_dict.bus.module.running_var	                [64]	        64
0: module.model.graph_convs.3.norm2_dict.bus.module.num_batches_tracked	                  []	         1
0: module.model.graph_convs.3.norm2_dict.generator.module.weight	                [64]	        64
0: module.model.graph_convs.3.norm2_dict.generator.module.bias	                [64]	        64
0: module.model.graph_convs.3.norm2_dict.generator.module.running_mean	                [64]	        64
0: module.model.graph_convs.3.norm2_dict.generator.module.running_var	                [64]	        64
0: module.model.graph_convs.3.norm2_dict.generator.module.num_batches_tracked	                  []	         1
0: module.model.graph_convs.3.norm2_dict.load.module.weight	                [64]	        64
0: module.model.graph_convs.3.norm2_dict.load.module.bias	                [64]	        64
0: module.model.graph_convs.3.norm2_dict.load.module.running_mean	                [64]	        64
0: module.model.graph_convs.3.norm2_dict.load.module.running_var	                [64]	        64
0: module.model.graph_convs.3.norm2_dict.load.module.num_batches_tracked	                  []	         1
0: module.model.graph_convs.3.norm2_dict.shunt.module.weight	                [64]	        64
0: module.model.graph_convs.3.norm2_dict.shunt.module.bias	                [64]	        64
0: module.model.graph_convs.3.norm2_dict.shunt.module.running_mean	                [64]	        64
0: module.model.graph_convs.3.norm2_dict.shunt.module.running_var	                [64]	        64
0: module.model.graph_convs.3.norm2_dict.shunt.module.num_batches_tracked	                  []	         1
0: module.model.graph_convs.3.norm3_dict.bus.module.weight	                [64]	        64
0: module.model.graph_convs.3.norm3_dict.bus.module.bias	                [64]	        64
0: module.model.graph_convs.3.norm3_dict.bus.module.running_mean	                [64]	        64
0: module.model.graph_convs.3.norm3_dict.bus.module.running_var	                [64]	        64
0: module.model.graph_convs.3.norm3_dict.bus.module.num_batches_tracked	                  []	         1
0: module.model.graph_convs.3.norm3_dict.generator.module.weight	                [64]	        64
0: module.model.graph_convs.3.norm3_dict.generator.module.bias	                [64]	        64
0: module.model.graph_convs.3.norm3_dict.generator.module.running_mean	                [64]	        64
0: module.model.graph_convs.3.norm3_dict.generator.module.running_var	                [64]	        64
0: module.model.graph_convs.3.norm3_dict.generator.module.num_batches_tracked	                  []	         1
0: module.model.graph_convs.3.norm3_dict.load.module.weight	                [64]	        64
0: module.model.graph_convs.3.norm3_dict.load.module.bias	                [64]	        64
0: module.model.graph_convs.3.norm3_dict.load.module.running_mean	                [64]	        64
0: module.model.graph_convs.3.norm3_dict.load.module.running_var	                [64]	        64
0: module.model.graph_convs.3.norm3_dict.load.module.num_batches_tracked	                  []	         1
0: module.model.graph_convs.3.norm3_dict.shunt.module.weight	                [64]	        64
0: module.model.graph_convs.3.norm3_dict.shunt.module.bias	                [64]	        64
0: module.model.graph_convs.3.norm3_dict.shunt.module.running_mean	                [64]	        64
0: module.model.graph_convs.3.norm3_dict.shunt.module.running_var	                [64]	        64
0: module.model.graph_convs.3.norm3_dict.shunt.module.num_batches_tracked	                  []	         1
0:    module.model.feature_layers.0.bus.module.weight	                [64]	        64
0:      module.model.feature_layers.0.bus.module.bias	                [64]	        64
0: module.model.feature_layers.0.bus.module.running_mean	                [64]	        64
0: module.model.feature_layers.0.bus.module.running_var	                [64]	        64
0: module.model.feature_layers.0.bus.module.num_batches_tracked	                  []	         1
0: module.model.feature_layers.0.generator.module.weight	                [64]	        64
0: module.model.feature_layers.0.generator.module.bias	                [64]	        64
0: module.model.feature_layers.0.generator.module.running_mean	                [64]	        64
0: module.model.feature_layers.0.generator.module.running_var	                [64]	        64
0: module.model.feature_layers.0.generator.module.num_batches_tracked	                  []	         1
0:   module.model.feature_layers.0.load.module.weight	                [64]	        64
0:     module.model.feature_layers.0.load.module.bias	                [64]	        64
0: module.model.feature_layers.0.load.module.running_mean	                [64]	        64
0: module.model.feature_layers.0.load.module.running_var	                [64]	        64
0: module.model.feature_layers.0.load.module.num_batches_tracked	                  []	         1
0:  module.model.feature_layers.0.shunt.module.weight	                [64]	        64
0:    module.model.feature_layers.0.shunt.module.bias	                [64]	        64
0: module.model.feature_layers.0.shunt.module.running_mean	                [64]	        64
0: module.model.feature_layers.0.shunt.module.running_var	                [64]	        64
0: module.model.feature_layers.0.shunt.module.num_batches_tracked	                  []	         1
0:    module.model.feature_layers.1.bus.module.weight	                [64]	        64
0:      module.model.feature_layers.1.bus.module.bias	                [64]	        64
0: module.model.feature_layers.1.bus.module.running_mean	                [64]	        64
0: module.model.feature_layers.1.bus.module.running_var	                [64]	        64
0: module.model.feature_layers.1.bus.module.num_batches_tracked	                  []	         1
0: module.model.feature_layers.1.generator.module.weight	                [64]	        64
0: module.model.feature_layers.1.generator.module.bias	                [64]	        64
0: module.model.feature_layers.1.generator.module.running_mean	                [64]	        64
0: module.model.feature_layers.1.generator.module.running_var	                [64]	        64
0: module.model.feature_layers.1.generator.module.num_batches_tracked	                  []	         1
0:   module.model.feature_layers.1.load.module.weight	                [64]	        64
0:     module.model.feature_layers.1.load.module.bias	                [64]	        64
0: module.model.feature_layers.1.load.module.running_mean	                [64]	        64
0: module.model.feature_layers.1.load.module.running_var	                [64]	        64
0: module.model.feature_layers.1.load.module.num_batches_tracked	                  []	         1
0:  module.model.feature_layers.1.shunt.module.weight	                [64]	        64
0:    module.model.feature_layers.1.shunt.module.bias	                [64]	        64
0: module.model.feature_layers.1.shunt.module.running_mean	                [64]	        64
0: module.model.feature_layers.1.shunt.module.running_var	                [64]	        64
0: module.model.feature_layers.1.shunt.module.num_batches_tracked	                  []	         1
0:    module.model.feature_layers.2.bus.module.weight	                [64]	        64
0:      module.model.feature_layers.2.bus.module.bias	                [64]	        64
0: module.model.feature_layers.2.bus.module.running_mean	                [64]	        64
0: module.model.feature_layers.2.bus.module.running_var	                [64]	        64
0: module.model.feature_layers.2.bus.module.num_batches_tracked	                  []	         1
0: module.model.feature_layers.2.generator.module.weight	                [64]	        64
0: module.model.feature_layers.2.generator.module.bias	                [64]	        64
0: module.model.feature_layers.2.generator.module.running_mean	                [64]	        64
0: module.model.feature_layers.2.generator.module.running_var	                [64]	        64
0: module.model.feature_layers.2.generator.module.num_batches_tracked	                  []	         1
0:   module.model.feature_layers.2.load.module.weight	                [64]	        64
0:     module.model.feature_layers.2.load.module.bias	                [64]	        64
0: module.model.feature_layers.2.load.module.running_mean	                [64]	        64
0: module.model.feature_layers.2.load.module.running_var	                [64]	        64
0: module.model.feature_layers.2.load.module.num_batches_tracked	                  []	         1
0:  module.model.feature_layers.2.shunt.module.weight	                [64]	        64
0:    module.model.feature_layers.2.shunt.module.bias	                [64]	        64
0: module.model.feature_layers.2.shunt.module.running_mean	                [64]	        64
0: module.model.feature_layers.2.shunt.module.running_var	                [64]	        64
0: module.model.feature_layers.2.shunt.module.num_batches_tracked	                  []	         1
0:    module.model.feature_layers.3.bus.module.weight	                [64]	        64
0:      module.model.feature_layers.3.bus.module.bias	                [64]	        64
0: module.model.feature_layers.3.bus.module.running_mean	                [64]	        64
0: module.model.feature_layers.3.bus.module.running_var	                [64]	        64
0: module.model.feature_layers.3.bus.module.num_batches_tracked	                  []	         1
0: module.model.feature_layers.3.generator.module.weight	                [64]	        64
0: module.model.feature_layers.3.generator.module.bias	                [64]	        64
0: module.model.feature_layers.3.generator.module.running_mean	                [64]	        64
0: module.model.feature_layers.3.generator.module.running_var	                [64]	        64
0: module.model.feature_layers.3.generator.module.num_batches_tracked	                  []	         1
0:   module.model.feature_layers.3.load.module.weight	                [64]	        64
0:     module.model.feature_layers.3.load.module.bias	                [64]	        64
0: module.model.feature_layers.3.load.module.running_mean	                [64]	        64
0: module.model.feature_layers.3.load.module.running_var	                [64]	        64
0: module.model.feature_layers.3.load.module.num_batches_tracked	                  []	         1
0:  module.model.feature_layers.3.shunt.module.weight	                [64]	        64
0:    module.model.feature_layers.3.shunt.module.bias	                [64]	        64
0: module.model.feature_layers.3.shunt.module.running_mean	                [64]	        64
0: module.model.feature_layers.3.shunt.module.running_var	                [64]	        64
0: module.model.feature_layers.3.shunt.module.num_batches_tracked	                  []	         1
0:             module.model.node_embedders.bus.weight	             [64, 4]	       256
0:               module.model.node_embedders.bus.bias	                [64]	        64
0:       module.model.node_embedders.generator.weight	            [64, 11]	       704
0:         module.model.node_embedders.generator.bias	                [64]	        64
0:            module.model.node_embedders.load.weight	             [64, 2]	       128
0:              module.model.node_embedders.load.bias	                [64]	        64
0:           module.model.node_embedders.shunt.weight	             [64, 2]	       128
0:             module.model.node_embedders.shunt.bias	                [64]	        64
0:    module.model.heads_NN.0.branch-0.mlp.0.0.weight	            [32, 64]	      2048
0:      module.model.heads_NN.0.branch-0.mlp.0.0.bias	                [32]	        32
0:    module.model.heads_NN.0.branch-0.mlp.0.2.weight	            [16, 32]	       512
0:      module.model.heads_NN.0.branch-0.mlp.0.2.bias	                [16]	        16
0:    module.model.heads_NN.0.branch-0.mlp.0.4.weight	             [2, 16]	        32
0:      module.model.heads_NN.0.branch-0.mlp.0.4.bias	                 [2]	         2
0: --------------------------------------------------
0:                                              Total	                    	    153426
0: All (total, MB): 153426 0.585518
[diag][rank 0][364577.176] Exited print_model
[diag][rank 0][364577.176] Entering load_existing_model_config
[diag][rank 0][364577.176] Exited load_existing_model_config
[diag][rank 0][364577.176] Entering train_validate_test
[precision-diagnostic] requested=fp32 model_param_dtype=torch.float32
[precision-diagnostic] first_batch_float_dtype=torch.float32
[precision-diagnostic] first_optimizer_state_float_dtype=torch.float32
0: Max memory allocated after optimizer step: 0.176361984 GB 0.17825792 GB
0: Max memory allocated after optimizer step: 0.17919744 GB 0.180355072 GB
0: Max memory allocated after optimizer step: 0.17919744 GB 0.180355072 GB
0: Max memory allocated after optimizer step: 0.17919744 GB 0.180355072 GB
0: Max memory allocated after optimizer step: 0.17919744 GB 0.180355072 GB
0: Max memory allocated after optimizer step: 0.17919744 GB 0.180355072 GB
0: Max memory allocated after optimizer step: 0.17919744 GB 0.180355072 GB
0: Max memory allocated after optimizer step: 0.17919744 GB 0.180355072 GB
0: Max memory allocated after optimizer step: 0.17919744 GB 0.180355072 GB
0: Max memory allocated after optimizer step: 0.17919744 GB 0.180355072 GB
0: Max memory allocated after optimizer step: 0.17919744 GB 0.180355072 GB
0: Max memory allocated after optimizer step: 0.17919744 GB 0.180355072 GB
0: Max memory allocated after optimizer step: 0.17919744 GB 0.180355072 GB
0: Max memory allocated after optimizer step: 0.17919744 GB 0.180355072 GB
0: Max memory allocated after optimizer step: 0.17919744 GB 0.180355072 GB
0: Max memory allocated after optimizer step: 0.17919744 GB 0.180355072 GB
0: Max memory allocated after optimizer step: 0.17919744 GB 0.180355072 GB
0: Max memory allocated after optimizer step: 0.17919744 GB 0.180355072 GB
0: Max memory allocated after optimizer step: 0.17919744 GB 0.180355072 GB
0: Max memory allocated after optimizer step: 0.17919744 GB 0.180355072 GB
0: Max memory allocated after optimizer step: 0.17919744 GB 0.180355072 GB
0: Max memory allocated after optimizer step: 0.17919744 GB 0.180355072 GB
0: Max memory allocated after optimizer step: 0.17919744 GB 0.180355072 GB
0: Max memory allocated after optimizer step: 0.17919744 GB 0.180355072 GB
0: Max memory allocated after optimizer step: 0.17919744 GB 0.180355072 GB
0: Max memory allocated after optimizer step: 0.17919744 GB 0.180355072 GB
0: Max memory allocated after optimizer step: 0.17919744 GB 0.180355072 GB
0: Max memory allocated after optimizer step: 0.17919744 GB 0.180355072 GB
0: Max memory allocated after optimizer step: 0.17919744 GB 0.180355072 GB
0: Max memory allocated after optimizer step: 0.17919744 GB 0.180355072 GB
0: Max memory allocated after optimizer step: 0.17919744 GB 0.180355072 GB
0: Max memory allocated after optimizer step: 0.17919744 GB 0.180355072 GB
0: Max memory allocated after optimizer step: 0.17919744 GB 0.180355072 GB
0: Max memory allocated after optimizer step: 0.17919744 GB 0.180355072 GB
0: Max memory allocated after optimizer step: 0.17919744 GB 0.180355072 GB
0: Max memory allocated after optimizer step: 0.17919744 GB 0.180355072 GB
0: Max memory allocated after optimizer step: 0.17919744 GB 0.180355072 GB
0: Max memory allocated after optimizer step: 0.17919744 GB 0.180355072 GB
0: Max memory allocated after optimizer step: 0.17919744 GB 0.180355072 GB
0: Max memory allocated after optimizer step: 0.17919744 GB 0.180355072 GB
0: Max memory allocated after optimizer step: 0.17919744 GB 0.180355072 GB
0: Max memory allocated after optimizer step: 0.17919744 GB 0.180355072 GB
0: Max memory allocated after optimizer step: 0.17919744 GB 0.180355072 GB
0: Max memory allocated after optimizer step: 0.17919744 GB 0.180355072 GB
0: Max memory allocated after optimizer step: 0.17919744 GB 0.180355072 GB
0: Max memory allocated after optimizer step: 0.17919744 GB 0.180355072 GB
0: Max memory allocated after optimizer step: 0.17919744 GB 0.180355072 GB
0: Max memory allocated after optimizer step: 0.17919744 GB 0.180355072 GB
0: Max memory allocated after optimizer step: 0.17919744 GB 0.180355072 GB
0: Max memory allocated after optimizer step: 0.17919744 GB 0.180355072 GB
0: Max memory allocated after optimizer step: 0.17919744 GB 0.180355072 GB
0: Max memory allocated after optimizer step: 0.17919744 GB 0.180355072 GB
0: Max memory allocated after optimizer step: 0.17919744 GB 0.180355072 GB
0: Max memory allocated after optimizer step: 0.17919744 GB 0.180355072 GB
0: Max memory allocated after optimizer step: 0.17919744 GB 0.180355072 GB
0: Max memory allocated after optimizer step: 0.17919744 GB 0.180355072 GB
0: Max memory allocated after optimizer step: 0.17919744 GB 0.180355072 GB
0: Max memory allocated after optimizer step: 0.17919744 GB 0.180355072 GB
0: Max memory allocated after optimizer step: 0.17919744 GB 0.180355072 GB
0: Max memory allocated after optimizer step: 0.17919744 GB 0.180355072 GB
0: Max memory allocated after optimizer step: 0.17919744 GB 0.180355072 GB
0: Max memory allocated after optimizer step: 0.17919744 GB 0.180355072 GB
0: Max memory allocated after optimizer step: 0.17919744 GB 0.180355072 GB
0: Max memory allocated after optimizer step: 0.17919744 GB 0.180355072 GB
0: Max memory allocated after optimizer step: 0.17919744 GB 0.180355072 GB
0: Max memory allocated after optimizer step: 0.17919744 GB 0.180355072 GB
0: Max memory allocated after optimizer step: 0.17919744 GB 0.180355072 GB
0: Max memory allocated after optimizer step: 0.17919744 GB 0.180355072 GB
0: Max memory allocated after optimizer step: 0.17919744 GB 0.180355072 GB
0: Max memory allocated after optimizer step: 0.17919744 GB 0.180355072 GB
0: Max memory allocated after optimizer step: 0.17919744 GB 0.180355072 GB
0: Max memory allocated after optimizer step: 0.17919744 GB 0.180355072 GB
0: Max memory allocated after optimizer step: 0.17919744 GB 0.180355072 GB
0: Max memory allocated after optimizer step: 0.17919744 GB 0.180355072 GB
0: Max memory allocated after optimizer step: 0.17919744 GB 0.180355072 GB
0: Max memory allocated after optimizer step: 0.17919744 GB 0.180355072 GB
0: Max memory allocated after optimizer step: 0.17919744 GB 0.180355072 GB
0: Max memory allocated after optimizer step: 0.17919744 GB 0.180355072 GB
0: Max memory allocated after optimizer step: 0.17919744 GB 0.180355072 GB
0: Max memory allocated after optimizer step: 0.17919744 GB 0.180355072 GB
0: Max memory allocated after optimizer step: 0.17919744 GB 0.180355072 GB
0: Max memory allocated after optimizer step: 0.17919744 GB 0.180355072 GB
0: Max memory allocated after optimizer step: 0.17919744 GB 0.180355072 GB
0: Max memory allocated after optimizer step: 0.17919744 GB 0.180355072 GB
0: Max memory allocated after optimizer step: 0.17919744 GB 0.180355072 GB
0: Max memory allocated after optimizer step: 0.17919744 GB 0.180355072 GB
0: Max memory allocated after optimizer step: 0.17919744 GB 0.180355072 GB
0: Max memory allocated after optimizer step: 0.17919744 GB 0.180355072 GB
0: Max memory allocated after optimizer step: 0.17919744 GB 0.180355072 GB
0: Max memory allocated after optimizer step: 0.17919744 GB 0.180355072 GB
0: Max memory allocated after optimizer step: 0.17919744 GB 0.180355072 GB
0: Max memory allocated after optimizer step: 0.17919744 GB 0.180355072 GB
0: Max memory allocated after optimizer step: 0.17919744 GB 0.180355072 GB
0: Max memory allocated after optimizer step: 0.17919744 GB 0.180355072 GB
0: Max memory allocated after optimizer step: 0.17919744 GB 0.180355072 GB
0: Max memory allocated after optimizer step: 0.17919744 GB 0.180355072 GB
0: Max memory allocated after optimizer step: 0.17919744 GB 0.180355072 GB
0: Max memory allocated after optimizer step: 0.17919744 GB 0.180355072 GB
0: Max memory allocated after optimizer step: 0.17919744 GB 0.180355072 GB
0: Max memory allocated after optimizer step: 0.17919744 GB 0.180355072 GB
0: Max memory allocated after optimizer step: 0.17919744 GB 0.180355072 GB
0: Max memory allocated after optimizer step: 0.17919744 GB 0.180355072 GB
0: Max memory allocated after optimizer step: 0.17919744 GB 0.180355072 GB
0: Max memory allocated after optimizer step: 0.17919744 GB 0.180355072 GB
0: Max memory allocated after optimizer step: 0.17919744 GB 0.180355072 GB
0: Max memory allocated after optimizer step: 0.17919744 GB 0.180355072 GB
0: Max memory allocated after optimizer step: 0.17919744 GB 0.180355072 GB
0: Max memory allocated after optimizer step: 0.17919744 GB 0.180355072 GB
0: Max memory allocated after optimizer step: 0.17919744 GB 0.180355072 GB
0: Max memory allocated after optimizer step: 0.17919744 GB 0.180355072 GB
0: Max memory allocated after optimizer step: 0.17919744 GB 0.180355072 GB
0: Max memory allocated after optimizer step: 0.17919744 GB 0.180355072 GB
0: Max memory allocated after optimizer step: 0.17919744 GB 0.180355072 GB
0: Max memory allocated after optimizer step: 0.17919744 GB 0.180355072 GB
0: Max memory allocated after optimizer step: 0.17919744 GB 0.180355072 GB
0: Max memory allocated after optimizer step: 0.17919744 GB 0.180355072 GB
0: Max memory allocated after optimizer step: 0.17919744 GB 0.180355072 GB
0: Max memory allocated after optimizer step: 0.17919744 GB 0.180355072 GB
0: Max memory allocated after optimizer step: 0.17919744 GB 0.180355072 GB
0: Max memory allocated after optimizer step: 0.17919744 GB 0.180355072 GB
0: Max memory allocated after optimizer step: 0.17919744 GB 0.180355072 GB
0: Max memory allocated after optimizer step: 0.17919744 GB 0.180355072 GB
0: Max memory allocated after optimizer step: 0.17919744 GB 0.180355072 GB
0: Max memory allocated after optimizer step: 0.17919744 GB 0.180355072 GB
0: Max memory allocated after optimizer step: 0.17919744 GB 0.180355072 GB
0: Max memory allocated after optimizer step: 0.17919744 GB 0.180355072 GB
0: Max memory allocated after optimizer step: 0.17919744 GB 0.180355072 GB
0: Max memory allocated after optimizer step: 0.17919744 GB 0.180355072 GB
0: Max memory allocated after optimizer step: 0.17919744 GB 0.180355072 GB
0: Max memory allocated after optimizer step: 0.17919744 GB 0.180355072 GB
0: Max memory allocated after optimizer step: 0.17919744 GB 0.180355072 GB
0: Max memory allocated after optimizer step: 0.17919744 GB 0.180355072 GB
0: Max memory allocated after optimizer step: 0.17919744 GB 0.180355072 GB
0: Max memory allocated after optimizer step: 0.17919744 GB 0.180355072 GB
0: Max memory allocated after optimizer step: 0.17919744 GB 0.180355072 GB
0: Max memory allocated after optimizer step: 0.17919744 GB 0.180355072 GB
0: Max memory allocated after optimizer step: 0.17919744 GB 0.180355072 GB
0: Max memory allocated after optimizer step: 0.17919744 GB 0.180355072 GB
0: Max memory allocated after optimizer step: 0.17919744 GB 0.180355072 GB
0: Max memory allocated after optimizer step: 0.17919744 GB 0.180355072 GB
0: Max memory allocated after optimizer step: 0.17919744 GB 0.180355072 GB
0: Max memory allocated after optimizer step: 0.17919744 GB 0.180355072 GB
0: Max memory allocated after optimizer step: 0.17919744 GB 0.180355072 GB
0: Max memory allocated after optimizer step: 0.17919744 GB 0.180355072 GB
0: Max memory allocated after optimizer step: 0.17919744 GB 0.180355072 GB
0: Max memory allocated after optimizer step: 0.17919744 GB 0.180355072 GB
0: Max memory allocated after optimizer step: 0.17919744 GB 0.180355072 GB
0: Max memory allocated after optimizer step: 0.17919744 GB 0.180355072 GB
0: Max memory allocated after optimizer step: 0.17919744 GB 0.180355072 GB
0: Max memory allocated after optimizer step: 0.17919744 GB 0.180355072 GB
0: Max memory allocated after optimizer step: 0.17919744 GB 0.180355072 GB
0: Max memory allocated after optimizer step: 0.17919744 GB 0.180355072 GB
0: Max memory allocated after optimizer step: 0.17919744 GB 0.180355072 GB
0: Max memory allocated after optimizer step: 0.17919744 GB 0.180355072 GB
0: Max memory allocated after optimizer step: 0.17919744 GB 0.180355072 GB
0: Max memory allocated after optimizer step: 0.17919744 GB 0.180355072 GB
0: Max memory allocated after optimizer step: 0.17919744 GB 0.180355072 GB
0: Max memory allocated after optimizer step: 0.17919744 GB 0.180355072 GB
0: Max memory allocated after optimizer step: 0.17919744 GB 0.180355072 GB
0: Max memory allocated after optimizer step: 0.17919744 GB 0.180355072 GB
0: Max memory allocated after optimizer step: 0.17919744 GB 0.180355072 GB
0: Max memory allocated after optimizer step: 0.17919744 GB 0.180355072 GB
0: Max memory allocated after optimizer step: 0.17919744 GB 0.180355072 GB
0: Max memory allocated after optimizer step: 0.17919744 GB 0.180355072 GB
0: Max memory allocated after optimizer step: 0.17919744 GB 0.180355072 GB
0: Max memory allocated after optimizer step: 0.17919744 GB 0.180355072 GB
0: Max memory allocated after optimizer step: 0.17919744 GB 0.180355072 GB
0: Max memory allocated after optimizer step: 0.17919744 GB 0.180355072 GB
0: Max memory allocated after optimizer step: 0.17919744 GB 0.180355072 GB
0: Max memory allocated after optimizer step: 0.17919744 GB 0.180355072 GB
0: Max memory allocated after optimizer step: 0.17919744 GB 0.180355072 GB
0: Max memory allocated after optimizer step: 0.17919744 GB 0.180355072 GB
0: Max memory allocated after optimizer step: 0.17919744 GB 0.180355072 GB
0: Max memory allocated after optimizer step: 0.17919744 GB 0.180355072 GB
0: Max memory allocated after optimizer step: 0.17919744 GB 0.180355072 GB
0: Max memory allocated after optimizer step: 0.17919744 GB 0.180355072 GB
0: Max memory allocated after optimizer step: 0.17919744 GB 0.180355072 GB
0: Max memory allocated after optimizer step: 0.17919744 GB 0.180355072 GB
0: Max memory allocated after optimizer step: 0.17919744 GB 0.180355072 GB
0: Max memory allocated after optimizer step: 0.17919744 GB 0.180355072 GB
0: Max memory allocated after optimizer step: 0.17919744 GB 0.180355072 GB
0: Max memory allocated after optimizer step: 0.17919744 GB 0.180355072 GB
0: Max memory allocated after optimizer step: 0.17919744 GB 0.180355072 GB
0: Max memory allocated after optimizer step: 0.17919744 GB 0.180355072 GB
0: Max memory allocated after optimizer step: 0.17919744 GB 0.180355072 GB
0: Max memory allocated after optimizer step: 0.17919744 GB 0.180355072 GB
0: Max memory allocated after optimizer step: 0.17919744 GB 0.180355072 GB
0: Max memory allocated after optimizer step: 0.17919744 GB 0.180355072 GB
0: Max memory allocated after optimizer step: 0.17919744 GB 0.180355072 GB
0: Max memory allocated after optimizer step: 0.17919744 GB 0.180355072 GB
0: Max memory allocated after optimizer step: 0.17919744 GB 0.180355072 GB
0: Max memory allocated after optimizer step: 0.17919744 GB 0.180355072 GB
0: Max memory allocated after optimizer step: 0.17919744 GB 0.180355072 GB
0: Max memory allocated after optimizer step: 0.17919744 GB 0.180355072 GB
0: Max memory allocated after optimizer step: 0.17919744 GB 0.180355072 GB
0: Max memory allocated after optimizer step: 0.17919744 GB 0.180355072 GB
0: Max memory allocated after optimizer step: 0.17919744 GB 0.180355072 GB
0: Max memory allocated after optimizer step: 0.17919744 GB 0.180355072 GB
0: Max memory allocated after optimizer step: 0.17919744 GB 0.180355072 GB
0: Max memory allocated after optimizer step: 0.17919744 GB 0.180355072 GB
0: Max memory allocated after optimizer step: 0.17919744 GB 0.180355072 GB
0: Max memory allocated after optimizer step: 0.17919744 GB 0.180355072 GB
0: Max memory allocated after optimizer step: 0.17919744 GB 0.180355072 GB
0: Max memory allocated after optimizer step: 0.17919744 GB 0.180355072 GB
0: Max memory allocated after optimizer step: 0.17919744 GB 0.180355072 GB
0: Max memory allocated after optimizer step: 0.17919744 GB 0.180355072 GB
0: Max memory allocated after optimizer step: 0.17919744 GB 0.180355072 GB
0: Max memory allocated after optimizer step: 0.17919744 GB 0.180355072 GB
0: Max memory allocated after optimizer step: 0.17919744 GB 0.180355072 GB
0: Max memory allocated after optimizer step: 0.17919744 GB 0.180355072 GB
0: Max memory allocated after optimizer step: 0.17919744 GB 0.180355072 GB
0: Max memory allocated after optimizer step: 0.17919744 GB 0.180355072 GB
0: Max memory allocated after optimizer step: 0.17919744 GB 0.180355072 GB
0: Max memory allocated after optimizer step: 0.17919744 GB 0.180355072 GB
0: Max memory allocated after optimizer step: 0.17919744 GB 0.180355072 GB
0: Max memory allocated after optimizer step: 0.17919744 GB 0.180355072 GB
0: Max memory allocated after optimizer step: 0.17919744 GB 0.180355072 GB
0: Max memory allocated after optimizer step: 0.17919744 GB 0.180355072 GB
0: Max memory allocated after optimizer step: 0.17919744 GB 0.180355072 GB
0: Max memory allocated after optimizer step: 0.17919744 GB 0.180355072 GB
0: Max memory allocated after optimizer step: 0.17919744 GB 0.180355072 GB
0: Max memory allocated after optimizer step: 0.17919744 GB 0.180355072 GB
0: Max memory allocated after optimizer step: 0.17919744 GB 0.180355072 GB
0: Max memory allocated after optimizer step: 0.17919744 GB 0.180355072 GB
0: Max memory allocated after optimizer step: 0.17919744 GB 0.180355072 GB
0: Max memory allocated after optimizer step: 0.17919744 GB 0.180355072 GB
0: Max memory allocated after optimizer step: 0.17919744 GB 0.180355072 GB
0: Max memory allocated after optimizer step: 0.17919744 GB 0.180355072 GB
0: Max memory allocated after optimizer step: 0.17919744 GB 0.180355072 GB
0: Max memory allocated after optimizer step: 0.17919744 GB 0.180355072 GB
0: Max memory allocated after optimizer step: 0.17919744 GB 0.180355072 GB
0: Max memory allocated after optimizer step: 0.17919744 GB 0.180355072 GB
0: Max memory allocated after optimizer step: 0.17919744 GB 0.180355072 GB
0: Max memory allocated after optimizer step: 0.17919744 GB 0.180355072 GB
0: Max memory allocated after optimizer step: 0.17919744 GB 0.180355072 GB
0: Max memory allocated after optimizer step: 0.17919744 GB 0.180355072 GB
0: Max memory allocated after optimizer step: 0.17919744 GB 0.180355072 GB
0: Max memory allocated after optimizer step: 0.17919744 GB 0.180355072 GB
0: Max memory allocated after optimizer step: 0.17919744 GB 0.180355072 GB
0: Max memory allocated after optimizer step: 0.17919744 GB 0.180355072 GB
0: Max memory allocated after optimizer step: 0.17919744 GB 0.180355072 GB
0: Max memory allocated after optimizer step: 0.17919744 GB 0.180355072 GB
0: Max memory allocated after optimizer step: 0.17919744 GB 0.180355072 GB
0: Max memory allocated after optimizer step: 0.17919744 GB 0.180355072 GB
0: Max memory allocated after optimizer step: 0.17919744 GB 0.180355072 GB
0: Max memory allocated after optimizer step: 0.17919744 GB 0.180355072 GB
0: Max memory allocated after optimizer step: 0.17919744 GB 0.180355072 GB
0: Max memory allocated after optimizer step: 0.17919744 GB 0.180355072 GB
0: Max memory allocated after optimizer step: 0.17919744 GB 0.180355072 GB
0: Max memory allocated after optimizer step: 0.17919744 GB 0.180355072 GB
0: Max memory allocated after optimizer step: 0.17919744 GB 0.180355072 GB
0: Max memory allocated after optimizer step: 0.17919744 GB 0.180355072 GB
0: Max memory allocated after optimizer step: 0.17919744 GB 0.180355072 GB
0: Max memory allocated after optimizer step: 0.17919744 GB 0.180355072 GB
0: Max memory allocated after optimizer step: 0.17919744 GB 0.180355072 GB
0: Max memory allocated after optimizer step: 0.17919744 GB 0.180355072 GB
0: Max memory allocated after optimizer step: 0.17919744 GB 0.180355072 GB
0: Max memory allocated after optimizer step: 0.17919744 GB 0.180355072 GB
0: Max memory allocated after optimizer step: 0.17919744 GB 0.180355072 GB
0: Max memory allocated after optimizer step: 0.17919744 GB 0.180355072 GB
0: Max memory allocated after optimizer step: 0.17919744 GB 0.180355072 GB
0: Max memory allocated after optimizer step: 0.17919744 GB 0.180355072 GB
0: Max memory allocated after optimizer step: 0.17919744 GB 0.180355072 GB
0: Max memory allocated after optimizer step: 0.17919744 GB 0.180355072 GB
0: Max memory allocated after optimizer step: 0.17919744 GB 0.180355072 GB
0: Max memory allocated after optimizer step: 0.17919744 GB 0.180355072 GB
0: Max memory allocated after optimizer step: 0.17919744 GB 0.180355072 GB
0: Max memory allocated after optimizer step: 0.17919744 GB 0.180355072 GB
0: Max memory allocated after optimizer step: 0.17919744 GB 0.180355072 GB
0: Max memory allocated after optimizer step: 0.17919744 GB 0.180355072 GB
0: Max memory allocated after optimizer step: 0.17919744 GB 0.180355072 GB
0: Max memory allocated after optimizer step: 0.17919744 GB 0.180355072 GB
0: Max memory allocated after optimizer step: 0.17919744 GB 0.180355072 GB
0: Max memory allocated after optimizer step: 0.17919744 GB 0.180355072 GB
0: Max memory allocated after optimizer step: 0.17919744 GB 0.180355072 GB
0: Max memory allocated after optimizer step: 0.17919744 GB 0.180355072 GB
0: Max memory allocated after optimizer step: 0.17919744 GB 0.180355072 GB
0: Max memory allocated after optimizer step: 0.17919744 GB 0.180355072 GB
0: Max memory allocated after optimizer step: 0.17919744 GB 0.180355072 GB
0: Max memory allocated after optimizer step: 0.17919744 GB 0.180355072 GB
0: Max memory allocated after optimizer step: 0.17919744 GB 0.180355072 GB
0: Max memory allocated after optimizer step: 0.17919744 GB 0.180355072 GB
0: Max memory allocated after optimizer step: 0.17919744 GB 0.180355072 GB
0: Max memory allocated after optimizer step: 0.17919744 GB 0.180355072 GB
0: Max memory allocated after optimizer step: 0.17919744 GB 0.180355072 GB
0: Max memory allocated after optimizer step: 0.17919744 GB 0.180355072 GB
0: Max memory allocated after optimizer step: 0.17919744 GB 0.180355072 GB
0: Max memory allocated after optimizer step: 0.17919744 GB 0.180355072 GB
0: Max memory allocated after optimizer step: 0.17919744 GB 0.180355072 GB
0: Max memory allocated after optimizer step: 0.17919744 GB 0.180355072 GB
0: Max memory allocated after optimizer step: 0.17919744 GB 0.180355072 GB
0: Max memory allocated after optimizer step: 0.17919744 GB 0.180355072 GB
0: Max memory allocated after optimizer step: 0.17919744 GB 0.180355072 GB
0: Max memory allocated after optimizer step: 0.17919744 GB 0.180355072 GB
0: Max memory allocated after optimizer step: 0.17919744 GB 0.180355072 GB
0: Max memory allocated after optimizer step: 0.17919744 GB 0.180355072 GB
0: Max memory allocated after optimizer step: 0.17919744 GB 0.180355072 GB
0: Max memory allocated after optimizer step: 0.17919744 GB 0.180355072 GB
0: Max memory allocated after optimizer step: 0.17919744 GB 0.180355072 GB
0: Max memory allocated after optimizer step: 0.17919744 GB 0.180355072 GB
0: Max memory allocated after optimizer step: 0.17919744 GB 0.180355072 GB
0: Max memory allocated after optimizer step: 0.17919744 GB 0.180355072 GB
0: Max memory allocated after optimizer step: 0.17919744 GB 0.180355072 GB
0: Max memory allocated after optimizer step: 0.17919744 GB 0.180355072 GB
0: Max memory allocated after optimizer step: 0.17919744 GB 0.180355072 GB
0: Max memory allocated after optimizer step: 0.17919744 GB 0.180355072 GB
0: Max memory allocated after optimizer step: 0.17919744 GB 0.180355072 GB
0: Max memory allocated after optimizer step: 0.17919744 GB 0.180355072 GB
0: Max memory allocated after optimizer step: 0.17919744 GB 0.180355072 GB
0: Max memory allocated after optimizer step: 0.17919744 GB 0.180355072 GB
0: Max memory allocated after optimizer step: 0.17919744 GB 0.180355072 GB
0: Max memory allocated after optimizer step: 0.17919744 GB 0.180355072 GB
0: Max memory allocated after optimizer step: 0.17919744 GB 0.180355072 GB
0: Max memory allocated after optimizer step: 0.17919744 GB 0.180355072 GB
0: Max memory allocated after optimizer step: 0.17919744 GB 0.180355072 GB
0: Max memory allocated after optimizer step: 0.17919744 GB 0.180355072 GB
0: Max memory allocated after optimizer step: 0.17919744 GB 0.180355072 GB
0: Max memory allocated after optimizer step: 0.17919744 GB 0.180355072 GB
0: Max memory allocated after optimizer step: 0.17919744 GB 0.180355072 GB
0: Max memory allocated after optimizer step: 0.17919744 GB 0.180355072 GB
0: Max memory allocated after optimizer step: 0.17919744 GB 0.180355072 GB
0: Max memory allocated after optimizer step: 0.17919744 GB 0.180355072 GB
0: Max memory allocated after optimizer step: 0.17919744 GB 0.180355072 GB
0: Max memory allocated after optimizer step: 0.17919744 GB 0.180355072 GB
0: Max memory allocated after optimizer step: 0.17919744 GB 0.180355072 GB
0: Max memory allocated after optimizer step: 0.17919744 GB 0.180355072 GB
0: Max memory allocated after optimizer step: 0.17919744 GB 0.180355072 GB
0: Max memory allocated after optimizer step: 0.17919744 GB 0.180355072 GB
0: Max memory allocated after optimizer step: 0.17919744 GB 0.180355072 GB
0: Max memory allocated after optimizer step: 0.17919744 GB 0.180355072 GB
0: Max memory allocated after optimizer step: 0.17919744 GB 0.180355072 GB
0: Max memory allocated after optimizer step: 0.17919744 GB 0.180355072 GB
0: Max memory allocated after optimizer step: 0.17919744 GB 0.180355072 GB
0: Max memory allocated after optimizer step: 0.17919744 GB 0.180355072 GB
0: Max memory allocated after optimizer step: 0.17919744 GB 0.180355072 GB
0: Max memory allocated after optimizer step: 0.17919744 GB 0.180355072 GB
0: Max memory allocated after optimizer step: 0.17919744 GB 0.180355072 GB
0: Max memory allocated after optimizer step: 0.17919744 GB 0.180355072 GB
0: Max memory allocated after optimizer step: 0.17919744 GB 0.180355072 GB
0: Max memory allocated after optimizer step: 0.17919744 GB 0.180355072 GB
0: Max memory allocated after optimizer step: 0.17919744 GB 0.180355072 GB
0: Max memory allocated after optimizer step: 0.17919744 GB 0.180355072 GB
0: Max memory allocated after optimizer step: 0.17919744 GB 0.180355072 GB
0: Max memory allocated after optimizer step: 0.17919744 GB 0.180355072 GB
0: Max memory allocated after optimizer step: 0.17919744 GB 0.180355072 GB
0: Max memory allocated after optimizer step: 0.17919744 GB 0.180355072 GB
0: Max memory allocated after optimizer step: 0.17919744 GB 0.180355072 GB
0: Max memory allocated after optimizer step: 0.17919744 GB 0.180355072 GB
0: Max memory allocated after optimizer step: 0.17919744 GB 0.180355072 GB
0: Max memory allocated after optimizer step: 0.17919744 GB 0.180355072 GB
0: Max memory allocated after optimizer step: 0.17919744 GB 0.180355072 GB
0: Max memory allocated after optimizer step: 0.17919744 GB 0.180355072 GB
0: Max memory allocated after optimizer step: 0.17919744 GB 0.180355072 GB
0: Max memory allocated after optimizer step: 0.17919744 GB 0.180355072 GB
0: Max memory allocated after optimizer step: 0.17919744 GB 0.180355072 GB
0: Max memory allocated after optimizer step: 0.17919744 GB 0.180355072 GB
0: Max memory allocated after optimizer step: 0.17919744 GB 0.180355072 GB
0: Max memory allocated after optimizer step: 0.17919744 GB 0.180355072 GB
0: Max memory allocated after optimizer step: 0.17919744 GB 0.180355072 GB
0: Max memory allocated after optimizer step: 0.17919744 GB 0.180355072 GB
0: Max memory allocated after optimizer step: 0.17919744 GB 0.180355072 GB
0: Max memory allocated after optimizer step: 0.17919744 GB 0.180355072 GB
0: Max memory allocated after optimizer step: 0.17919744 GB 0.180355072 GB
0: Max memory allocated after optimizer step: 0.17919744 GB 0.180355072 GB
0: Max memory allocated after optimizer step: 0.17919744 GB 0.180355072 GB
0: Max memory allocated after optimizer step: 0.17919744 GB 0.180355072 GB
0: Max memory allocated after optimizer step: 0.17919744 GB 0.180355072 GB
0: Max memory allocated after optimizer step: 0.17919744 GB 0.180355072 GB
0: Max memory allocated after optimizer step: 0.17919744 GB 0.180355072 GB
0: Max memory allocated after optimizer step: 0.17919744 GB 0.180355072 GB
0: Max memory allocated after optimizer step: 0.17919744 GB 0.180355072 GB
0: Max memory allocated after optimizer step: 0.17919744 GB 0.180355072 GB
0: Max memory allocated after optimizer step: 0.17919744 GB 0.180355072 GB
0: Max memory allocated after optimizer step: 0.17919744 GB 0.180355072 GB
0: Max memory allocated after optimizer step: 0.17919744 GB 0.180355072 GB
0: Max memory allocated after optimizer step: 0.17919744 GB 0.180355072 GB
0: Max memory allocated after optimizer step: 0.17919744 GB 0.180355072 GB
0: Max memory allocated after optimizer step: 0.17919744 GB 0.180355072 GB
0: Max memory allocated after optimizer step: 0.17919744 GB 0.180355072 GB
0: Max memory allocated after optimizer step: 0.17919744 GB 0.180355072 GB
0: Max memory allocated after optimizer step: 0.17919744 GB 0.180355072 GB
0: Max memory allocated after optimizer step: 0.17919744 GB 0.180355072 GB
0: Max memory allocated after optimizer step: 0.17919744 GB 0.180355072 GB
0: Max memory allocated after optimizer step: 0.17919744 GB 0.180355072 GB
0: Max memory allocated after optimizer step: 0.17919744 GB 0.180355072 GB
0: Max memory allocated after optimizer step: 0.17919744 GB 0.180355072 GB
0: Max memory allocated after optimizer step: 0.17919744 GB 0.180355072 GB
0: Max memory allocated after optimizer step: 0.17919744 GB 0.180355072 GB
0: Max memory allocated after optimizer step: 0.17919744 GB 0.180355072 GB
0: Max memory allocated after optimizer step: 0.17919744 GB 0.180355072 GB
0: Max memory allocated after optimizer step: 0.17919744 GB 0.180355072 GB
0: Max memory allocated after optimizer step: 0.17919744 GB 0.180355072 GB
0: Max memory allocated after optimizer step: 0.17919744 GB 0.180355072 GB
0: Max memory allocated after optimizer step: 0.17919744 GB 0.180355072 GB
0: Max memory allocated after optimizer step: 0.17919744 GB 0.180355072 GB
0: Max memory allocated after optimizer step: 0.17919744 GB 0.180355072 GB
0: Max memory allocated after optimizer step: 0.17919744 GB 0.180355072 GB
0: Max memory allocated after optimizer step: 0.17919744 GB 0.180355072 GB
0: Max memory allocated after optimizer step: 0.17919744 GB 0.180355072 GB
0: Max memory allocated after optimizer step: 0.17919744 GB 0.180355072 GB
0: Max memory allocated after optimizer step: 0.17919744 GB 0.180355072 GB
0: Max memory allocated after optimizer step: 0.17919744 GB 0.180355072 GB
0: Max memory allocated after optimizer step: 0.17919744 GB 0.180355072 GB
0: Max memory allocated after optimizer step: 0.17919744 GB 0.180355072 GB
0: Max memory allocated after optimizer step: 0.17919744 GB 0.180355072 GB
0: Max memory allocated after optimizer step: 0.17919744 GB 0.180355072 GB
0: Max memory allocated after optimizer step: 0.17919744 GB 0.180355072 GB
0: Max memory allocated after optimizer step: 0.17919744 GB 0.180355072 GB
0: Max memory allocated after optimizer step: 0.17919744 GB 0.180355072 GB
0: Max memory allocated after optimizer step: 0.17919744 GB 0.180355072 GB
0: Max memory allocated after optimizer step: 0.17919744 GB 0.180355072 GB
0: Max memory allocated after optimizer step: 0.17919744 GB 0.180355072 GB
0: Max memory allocated after optimizer step: 0.17919744 GB 0.180355072 GB
0: Max memory allocated after optimizer step: 0.17919744 GB 0.180355072 GB
0: Max memory allocated after optimizer step: 0.17919744 GB 0.180355072 GB
0: Max memory allocated after optimizer step: 0.17919744 GB 0.180355072 GB
0: Max memory allocated after optimizer step: 0.17919744 GB 0.180355072 GB
0: Max memory allocated after optimizer step: 0.17919744 GB 0.180355072 GB
0: Max memory allocated after optimizer step: 0.17919744 GB 0.180355072 GB
0: Max memory allocated after optimizer step: 0.17919744 GB 0.180355072 GB
0: Max memory allocated after optimizer step: 0.17919744 GB 0.180355072 GB
0: Max memory allocated after optimizer step: 0.17919744 GB 0.180355072 GB
0: Max memory allocated after optimizer step: 0.17919744 GB 0.180355072 GB
0: Max memory allocated after optimizer step: 0.17919744 GB 0.180355072 GB
0: Max memory allocated after optimizer step: 0.17919744 GB 0.180355072 GB
0: Max memory allocated after optimizer step: 0.17919744 GB 0.180355072 GB
0: Max memory allocated after optimizer step: 0.17919744 GB 0.180355072 GB
0: Max memory allocated after optimizer step: 0.17919744 GB 0.180355072 GB
0: Max memory allocated after optimizer step: 0.17919744 GB 0.180355072 GB
0: Max memory allocated after optimizer step: 0.17919744 GB 0.180355072 GB
0: Max memory allocated after optimizer step: 0.17919744 GB 0.180355072 GB
0: Max memory allocated after optimizer step: 0.17919744 GB 0.180355072 GB
0: Max memory allocated after optimizer step: 0.17919744 GB 0.180355072 GB
0: Max memory allocated after optimizer step: 0.17919744 GB 0.180355072 GB
0: Max memory allocated after optimizer step: 0.17919744 GB 0.180355072 GB
0: Max memory allocated after optimizer step: 0.17919744 GB 0.180355072 GB
0: Max memory allocated after optimizer step: 0.17919744 GB 0.180355072 GB
0: Max memory allocated after optimizer step: 0.17919744 GB 0.180355072 GB
0: Max memory allocated after optimizer step: 0.17919744 GB 0.180355072 GB
0: Max memory allocated after optimizer step: 0.17919744 GB 0.180355072 GB
0: Max memory allocated after optimizer step: 0.17919744 GB 0.180355072 GB
0: Max memory allocated after optimizer step: 0.17919744 GB 0.180355072 GB
0: Max memory allocated after optimizer step: 0.17919744 GB 0.180355072 GB
0: Max memory allocated after optimizer step: 0.17919744 GB 0.180355072 GB
0: Max memory allocated after optimizer step: 0.17919744 GB 0.180355072 GB
0: Max memory allocated after optimizer step: 0.17919744 GB 0.180355072 GB
0: Max memory allocated after optimizer step: 0.17919744 GB 0.180355072 GB
0: Max memory allocated after optimizer step: 0.17919744 GB 0.180355072 GB
0: Max memory allocated after optimizer step: 0.17919744 GB 0.180355072 GB
0: Max memory allocated after optimizer step: 0.17919744 GB 0.180355072 GB
0: Max memory allocated after optimizer step: 0.17919744 GB 0.180355072 GB
0: Max memory allocated after optimizer step: 0.17919744 GB 0.180355072 GB
0: Max memory allocated after optimizer step: 0.17919744 GB 0.180355072 GB
0: Max memory allocated after optimizer step: 0.17919744 GB 0.180355072 GB
0: Max memory allocated after optimizer step: 0.17919744 GB 0.180355072 GB
0: Max memory allocated after optimizer step: 0.17919744 GB 0.180355072 GB
0: Max memory allocated after optimizer step: 0.17919744 GB 0.180355072 GB
0: Max memory allocated after optimizer step: 0.17919744 GB 0.180355072 GB
0: Max memory allocated after optimizer step: 0.17919744 GB 0.180355072 GB
0: Max memory allocated after optimizer step: 0.17919744 GB 0.180355072 GB
0: Max memory allocated after optimizer step: 0.17919744 GB 0.180355072 GB
0: Max memory allocated after optimizer step: 0.17919744 GB 0.180355072 GB
0: Max memory allocated after optimizer step: 0.17919744 GB 0.180355072 GB
0: Max memory allocated after optimizer step: 0.17919744 GB 0.180355072 GB
0: Max memory allocated after optimizer step: 0.17919744 GB 0.180355072 GB
0: Max memory allocated after optimizer step: 0.17919744 GB 0.180355072 GB
0: Max memory allocated after optimizer step: 0.17919744 GB 0.180355072 GB
0: Max memory allocated after optimizer step: 0.17919744 GB 0.180355072 GB
0: Max memory allocated after optimizer step: 0.17919744 GB 0.180355072 GB
0: Max memory allocated after optimizer step: 0.17919744 GB 0.180355072 GB
0: Max memory allocated after optimizer step: 0.17919744 GB 0.180355072 GB
0: Max memory allocated after optimizer step: 0.17919744 GB 0.180355072 GB
0: Max memory allocated after optimizer step: 0.17919744 GB 0.180355072 GB
0: Max memory allocated after optimizer step: 0.17919744 GB 0.180355072 GB
0: Max memory allocated after optimizer step: 0.17919744 GB 0.180355072 GB
0: Max memory allocated after optimizer step: 0.17919744 GB 0.180355072 GB
0: Max memory allocated after optimizer step: 0.17919744 GB 0.180355072 GB
0: Max memory allocated after optimizer step: 0.17919744 GB 0.180355072 GB
0: Max memory allocated after optimizer step: 0.17919744 GB 0.180355072 GB
0: Max memory allocated after optimizer step: 0.17919744 GB 0.180355072 GB
0: Max memory allocated after optimizer step: 0.17919744 GB 0.180355072 GB
0: Max memory allocated after optimizer step: 0.17919744 GB 0.180355072 GB
0: Max memory allocated after optimizer step: 0.17919744 GB 0.180355072 GB
0: Max memory allocated after optimizer step: 0.17919744 GB 0.180355072 GB
0: Max memory allocated after optimizer step: 0.17919744 GB 0.180355072 GB
0: Max memory allocated after optimizer step: 0.17919744 GB 0.180355072 GB
0: Max memory allocated after optimizer step: 0.17919744 GB 0.180355072 GB
0: Max memory allocated after optimizer step: 0.17919744 GB 0.180355072 GB
0: Max memory allocated after optimizer step: 0.17919744 GB 0.180355072 GB
0: Max memory allocated after optimizer step: 0.17919744 GB 0.180355072 GB
0: Max memory allocated after optimizer step: 0.17919744 GB 0.180355072 GB
0: Max memory allocated after optimizer step: 0.17919744 GB 0.180355072 GB
0: Max memory allocated after optimizer step: 0.17919744 GB 0.180355072 GB
0: Max memory allocated after optimizer step: 0.17919744 GB 0.180355072 GB
0: Max memory allocated after optimizer step: 0.17919744 GB 0.180355072 GB
0: Max memory allocated after optimizer step: 0.17919744 GB 0.180355072 GB
0: Max memory allocated after optimizer step: 0.17919744 GB 0.180355072 GB
0: Max memory allocated after optimizer step: 0.17919744 GB 0.180355072 GB
0: Max memory allocated after optimizer step: 0.17919744 GB 0.180355072 GB
0: Max memory allocated after optimizer step: 0.17919744 GB 0.180355072 GB
0: Max memory allocated after optimizer step: 0.17919744 GB 0.180355072 GB
0: Max memory allocated after optimizer step: 0.17919744 GB 0.180355072 GB
0: Max memory allocated after optimizer step: 0.17919744 GB 0.180355072 GB
0: Max memory allocated after optimizer step: 0.17919744 GB 0.180355072 GB
0: Max memory allocated after optimizer step: 0.17919744 GB 0.180355072 GB
0: Max memory allocated after optimizer step: 0.17919744 GB 0.180355072 GB
0: Max memory allocated after optimizer step: 0.17919744 GB 0.180355072 GB
0: Max memory allocated after optimizer step: 0.17919744 GB 0.180355072 GB
0: Max memory allocated after optimizer step: 0.17919744 GB 0.180355072 GB
0: Max memory allocated after optimizer step: 0.17919744 GB 0.180355072 GB
0: Max memory allocated after optimizer step: 0.17919744 GB 0.180355072 GB
0: Max memory allocated after optimizer step: 0.17919744 GB 0.180355072 GB
0: Max memory allocated after optimizer step: 0.17919744 GB 0.180355072 GB
0: Max memory allocated after optimizer step: 0.17919744 GB 0.180355072 GB
0: Max memory allocated after optimizer step: 0.17919744 GB 0.180355072 GB
0: Max memory allocated after optimizer step: 0.17919744 GB 0.180355072 GB
0: Max memory allocated after optimizer step: 0.17919744 GB 0.180355072 GB
0: Max memory allocated after optimizer step: 0.17919744 GB 0.180355072 GB
0: Max memory allocated after optimizer step: 0.17919744 GB 0.180355072 GB
0: Max memory allocated after optimizer step: 0.17919744 GB 0.180355072 GB
0: Max memory allocated after optimizer step: 0.17919744 GB 0.180355072 GB
0: Max memory allocated after optimizer step: 0.17919744 GB 0.180355072 GB
0: Max memory allocated after optimizer step: 0.17919744 GB 0.180355072 GB
0: Max memory allocated after optimizer step: 0.17919744 GB 0.180355072 GB
0: Max memory allocated after optimizer step: 0.17919744 GB 0.180355072 GB
0: Max memory allocated after optimizer step: 0.17919744 GB 0.180355072 GB
0: Max memory allocated after optimizer step: 0.17919744 GB 0.180355072 GB
0: Max memory allocated after optimizer step: 0.17919744 GB 0.180355072 GB
0: Epoch: 00, Train Loss: 0.03791264, Val Loss: 0.02553978, Test Loss: 0.01965477
0: Tasks Train Loss: [0.0298626646399498]
0: Tasks Val Loss: [0.009539312683045864]
0: Tasks Test Loss: [0.009541046805679798]
/lustre/orion/lrn070/proj-shared/ndelingat/HydraGNN/installation_DOE_supercomputers/HydraGNN-Installation-Frontier/hydragnn_venv/lib/python3.11/site-packages/torch/distributed/c10d_logger.py:83: UserWarning: barrier(): using the device under current context. You can specify `device_id` in `init_process_group` to mute this warning.
  return func(*args, **kwargs)
0: Creating Checkpoint: 0.025540
0: Best Performance Metric: 0.025540
[precision-diagnostic] requested=fp32 model_param_dtype=torch.float32
[precision-diagnostic] first_batch_float_dtype=torch.float32
0: LossBreakdown epoch=00  data_driven_mse=0.02775929  curriculum_scale=1.00000000  physics_penalty_total=0.00855357  raw_voltage_bound=0.03324723
[precision-diagnostic] first_optimizer_state_float_dtype=torch.float32
0: Max memory allocated after optimizer step: 0.17919744 GB 0.180355072 GB
0: Max memory allocated after optimizer step: 0.179200512 GB 0.180355072 GB
0: Max memory allocated after optimizer step: 0.179200512 GB 0.180355072 GB
0: Max memory allocated after optimizer step: 0.179200512 GB 0.180355072 GB
0: Max memory allocated after optimizer step: 0.179200512 GB 0.180355072 GB
0: Max memory allocated after optimizer step: 0.179200512 GB 0.180355072 GB
0: Max memory allocated after optimizer step: 0.179200512 GB 0.180355072 GB
0: Max memory allocated after optimizer step: 0.179200512 GB 0.180355072 GB
0: Max memory allocated after optimizer step: 0.179200512 GB 0.180355072 GB
0: Max memory allocated after optimizer step: 0.179200512 GB 0.180355072 GB
0: Max memory allocated after optimizer step: 0.179200512 GB 0.180355072 GB
0: Max memory allocated after optimizer step: 0.179200512 GB 0.180355072 GB
0: Max memory allocated after optimizer step: 0.179200512 GB 0.180355072 GB
0: Max memory allocated after optimizer step: 0.179200512 GB 0.180355072 GB
0: Max memory allocated after optimizer step: 0.179200512 GB 0.180355072 GB
0: Max memory allocated after optimizer step: 0.179200512 GB 0.180355072 GB
0: Max memory allocated after optimizer step: 0.179200512 GB 0.180355072 GB
0: Max memory allocated after optimizer step: 0.179200512 GB 0.180355072 GB
0: Max memory allocated after optimizer step: 0.179200512 GB 0.180355072 GB
0: Max memory allocated after optimizer step: 0.179200512 GB 0.180355072 GB
0: Max memory allocated after optimizer step: 0.179200512 GB 0.180355072 GB
0: Max memory allocated after optimizer step: 0.179200512 GB 0.180355072 GB
0: Max memory allocated after optimizer step: 0.179200512 GB 0.180355072 GB
0: Max memory allocated after optimizer step: 0.179200512 GB 0.180355072 GB
0: Max memory allocated after optimizer step: 0.179200512 GB 0.180355072 GB
0: Max memory allocated after optimizer step: 0.179200512 GB 0.180355072 GB
0: Max memory allocated after optimizer step: 0.179200512 GB 0.180355072 GB
0: Max memory allocated after optimizer step: 0.179200512 GB 0.180355072 GB
0: Max memory allocated after optimizer step: 0.179200512 GB 0.180355072 GB
0: Max memory allocated after optimizer step: 0.179200512 GB 0.180355072 GB
0: Max memory allocated after optimizer step: 0.179200512 GB 0.180355072 GB
0: Max memory allocated after optimizer step: 0.179200512 GB 0.180355072 GB
0: Max memory allocated after optimizer step: 0.179200512 GB 0.180355072 GB
0: Max memory allocated after optimizer step: 0.179200512 GB 0.180355072 GB
0: Max memory allocated after optimizer step: 0.179200512 GB 0.180355072 GB
0: Max memory allocated after optimizer step: 0.179200512 GB 0.180355072 GB
0: Max memory allocated after optimizer step: 0.179200512 GB 0.180355072 GB
0: Max memory allocated after optimizer step: 0.179200512 GB 0.180355072 GB
0: Max memory allocated after optimizer step: 0.179200512 GB 0.180355072 GB
0: Max memory allocated after optimizer step: 0.179200512 GB 0.180355072 GB
0: Max memory allocated after optimizer step: 0.179200512 GB 0.180355072 GB
0: Max memory allocated after optimizer step: 0.179200512 GB 0.180355072 GB
0: Max memory allocated after optimizer step: 0.179200512 GB 0.180355072 GB
0: Max memory allocated after optimizer step: 0.179200512 GB 0.180355072 GB
0: Max memory allocated after optimizer step: 0.179200512 GB 0.180355072 GB
0: Max memory allocated after optimizer step: 0.179200512 GB 0.180355072 GB
0: Max memory allocated after optimizer step: 0.179200512 GB 0.180355072 GB
0: Max memory allocated after optimizer step: 0.179200512 GB 0.180355072 GB
0: Max memory allocated after optimizer step: 0.179200512 GB 0.180355072 GB
0: Max memory allocated after optimizer step: 0.179200512 GB 0.180355072 GB
0: Max memory allocated after optimizer step: 0.179200512 GB 0.180355072 GB
0: Max memory allocated after optimizer step: 0.179200512 GB 0.180355072 GB
0: Max memory allocated after optimizer step: 0.179200512 GB 0.180355072 GB
0: Max memory allocated after optimizer step: 0.179200512 GB 0.180355072 GB
0: Max memory allocated after optimizer step: 0.179200512 GB 0.180355072 GB
0: Max memory allocated after optimizer step: 0.179200512 GB 0.180355072 GB
0: Max memory allocated after optimizer step: 0.179200512 GB 0.180355072 GB
0: Max memory allocated after optimizer step: 0.179200512 GB 0.180355072 GB
0: Max memory allocated after optimizer step: 0.179200512 GB 0.180355072 GB
0: Max memory allocated after optimizer step: 0.179200512 GB 0.180355072 GB
0: Max memory allocated after optimizer step: 0.179200512 GB 0.180355072 GB
0: Max memory allocated after optimizer step: 0.179200512 GB 0.180355072 GB
0: Max memory allocated after optimizer step: 0.179200512 GB 0.180355072 GB
0: Max memory allocated after optimizer step: 0.179200512 GB 0.180355072 GB
0: Max memory allocated after optimizer step: 0.179200512 GB 0.180355072 GB
0: Max memory allocated after optimizer step: 0.179200512 GB 0.180355072 GB
0: Max memory allocated after optimizer step: 0.179200512 GB 0.180355072 GB
0: Max memory allocated after optimizer step: 0.179200512 GB 0.180355072 GB
0: Max memory allocated after optimizer step: 0.179200512 GB 0.180355072 GB
0: Max memory allocated after optimizer step: 0.179200512 GB 0.180355072 GB
0: Max memory allocated after optimizer step: 0.179200512 GB 0.180355072 GB
0: Max memory allocated after optimizer step: 0.179200512 GB 0.180355072 GB
0: Max memory allocated after optimizer step: 0.179200512 GB 0.180355072 GB
0: Max memory allocated after optimizer step: 0.179200512 GB 0.180355072 GB
0: Max memory allocated after optimizer step: 0.179200512 GB 0.180355072 GB
0: Max memory allocated after optimizer step: 0.179200512 GB 0.180355072 GB
0: Max memory allocated after optimizer step: 0.179200512 GB 0.180355072 GB
0: Max memory allocated after optimizer step: 0.179200512 GB 0.180355072 GB
0: Max memory allocated after optimizer step: 0.179200512 GB 0.180355072 GB
0: Max memory allocated after optimizer step: 0.179200512 GB 0.180355072 GB
0: Max memory allocated after optimizer step: 0.179200512 GB 0.180355072 GB
0: Max memory allocated after optimizer step: 0.179200512 GB 0.180355072 GB
0: Max memory allocated after optimizer step: 0.179200512 GB 0.180355072 GB
0: Max memory allocated after optimizer step: 0.179200512 GB 0.180355072 GB
0: Max memory allocated after optimizer step: 0.179200512 GB 0.180355072 GB
0: Max memory allocated after optimizer step: 0.179200512 GB 0.180355072 GB
0: Max memory allocated after optimizer step: 0.179200512 GB 0.180355072 GB
0: Max memory allocated after optimizer step: 0.179200512 GB 0.180355072 GB
0: Max memory allocated after optimizer step: 0.179200512 GB 0.180355072 GB
0: Max memory allocated after optimizer step: 0.179200512 GB 0.180355072 GB
0: Max memory allocated after optimizer step: 0.179200512 GB 0.180355072 GB
0: Max memory allocated after optimizer step: 0.179200512 GB 0.180355072 GB
0: Max memory allocated after optimizer step: 0.179200512 GB 0.180355072 GB
0: Max memory allocated after optimizer step: 0.179200512 GB 0.180355072 GB
0: Max memory allocated after optimizer step: 0.179200512 GB 0.180355072 GB
0: Max memory allocated after optimizer step: 0.179200512 GB 0.180355072 GB
0: Max memory allocated after optimizer step: 0.179200512 GB 0.180355072 GB
0: Max memory allocated after optimizer step: 0.179200512 GB 0.180355072 GB
0: Max memory allocated after optimizer step: 0.179200512 GB 0.180355072 GB
0: Max memory allocated after optimizer step: 0.179200512 GB 0.180355072 GB
0: Max memory allocated after optimizer step: 0.179200512 GB 0.180355072 GB
0: Max memory allocated after optimizer step: 0.179200512 GB 0.180355072 GB
0: Max memory allocated after optimizer step: 0.179200512 GB 0.180355072 GB
0: Max memory allocated after optimizer step: 0.179200512 GB 0.180355072 GB
0: Max memory allocated after optimizer step: 0.179200512 GB 0.180355072 GB
0: Max memory allocated after optimizer step: 0.179200512 GB 0.180355072 GB
0: Max memory allocated after optimizer step: 0.179200512 GB 0.180355072 GB
0: Max memory allocated after optimizer step: 0.179200512 GB 0.180355072 GB
0: Max memory allocated after optimizer step: 0.179200512 GB 0.180355072 GB
0: Max memory allocated after optimizer step: 0.179200512 GB 0.180355072 GB
0: Max memory allocated after optimizer step: 0.179200512 GB 0.180355072 GB
0: Max memory allocated after optimizer step: 0.179200512 GB 0.180355072 GB
0: Max memory allocated after optimizer step: 0.179200512 GB 0.180355072 GB
0: Max memory allocated after optimizer step: 0.179200512 GB 0.180355072 GB
0: Max memory allocated after optimizer step: 0.179200512 GB 0.180355072 GB
0: Max memory allocated after optimizer step: 0.179200512 GB 0.180355072 GB
0: Max memory allocated after optimizer step: 0.179200512 GB 0.180355072 GB
0: Max memory allocated after optimizer step: 0.179200512 GB 0.180355072 GB
0: Max memory allocated after optimizer step: 0.179200512 GB 0.180355072 GB
0: Max memory allocated after optimizer step: 0.179200512 GB 0.180355072 GB
0: Max memory allocated after optimizer step: 0.179200512 GB 0.180355072 GB
0: Max memory allocated after optimizer step: 0.179200512 GB 0.180355072 GB
0: Max memory allocated after optimizer step: 0.179200512 GB 0.180355072 GB
0: Max memory allocated after optimizer step: 0.179200512 GB 0.180355072 GB
0: Max memory allocated after optimizer step: 0.179200512 GB 0.180355072 GB
0: Max memory allocated after optimizer step: 0.179200512 GB 0.180355072 GB
0: Max memory allocated after optimizer step: 0.179200512 GB 0.180355072 GB
0: Max memory allocated after optimizer step: 0.179200512 GB 0.180355072 GB
0: Max memory allocated after optimizer step: 0.179200512 GB 0.180355072 GB
0: Max memory allocated after optimizer step: 0.179200512 GB 0.180355072 GB
0: Max memory allocated after optimizer step: 0.179200512 GB 0.180355072 GB
0: Max memory allocated after optimizer step: 0.179200512 GB 0.180355072 GB
0: Max memory allocated after optimizer step: 0.179200512 GB 0.180355072 GB
0: Max memory allocated after optimizer step: 0.179200512 GB 0.180355072 GB
0: Max memory allocated after optimizer step: 0.179200512 GB 0.180355072 GB
0: Max memory allocated after optimizer step: 0.179200512 GB 0.180355072 GB
0: Max memory allocated after optimizer step: 0.179200512 GB 0.180355072 GB
0: Max memory allocated after optimizer step: 0.179200512 GB 0.180355072 GB
0: Max memory allocated after optimizer step: 0.179200512 GB 0.180355072 GB
0: Max memory allocated after optimizer step: 0.179200512 GB 0.180355072 GB
0: Max memory allocated after optimizer step: 0.179200512 GB 0.180355072 GB
0: Max memory allocated after optimizer step: 0.179200512 GB 0.180355072 GB
0: Max memory allocated after optimizer step: 0.179200512 GB 0.180355072 GB
0: Max memory allocated after optimizer step: 0.179200512 GB 0.180355072 GB
0: Max memory allocated after optimizer step: 0.179200512 GB 0.180355072 GB
0: Max memory allocated after optimizer step: 0.179200512 GB 0.180355072 GB
0: Max memory allocated after optimizer step: 0.179200512 GB 0.180355072 GB
0: Max memory allocated after optimizer step: 0.179200512 GB 0.180355072 GB
0: Max memory allocated after optimizer step: 0.179200512 GB 0.180355072 GB
0: Max memory allocated after optimizer step: 0.179200512 GB 0.180355072 GB
0: Max memory allocated after optimizer step: 0.179200512 GB 0.180355072 GB
0: Max memory allocated after optimizer step: 0.179200512 GB 0.180355072 GB
0: Max memory allocated after optimizer step: 0.179200512 GB 0.180355072 GB
0: Max memory allocated after optimizer step: 0.179200512 GB 0.180355072 GB
0: Max memory allocated after optimizer step: 0.179200512 GB 0.180355072 GB
0: Max memory allocated after optimizer step: 0.179200512 GB 0.180355072 GB
0: Max memory allocated after optimizer step: 0.179200512 GB 0.180355072 GB
0: Max memory allocated after optimizer step: 0.179200512 GB 0.180355072 GB
0: Max memory allocated after optimizer step: 0.179200512 GB 0.180355072 GB
0: Max memory allocated after optimizer step: 0.179200512 GB 0.180355072 GB
0: Max memory allocated after optimizer step: 0.179200512 GB 0.180355072 GB
0: Max memory allocated after optimizer step: 0.179200512 GB 0.180355072 GB
0: Max memory allocated after optimizer step: 0.179200512 GB 0.180355072 GB
0: Max memory allocated after optimizer step: 0.179200512 GB 0.180355072 GB
0: Max memory allocated after optimizer step: 0.179200512 GB 0.180355072 GB
0: Max memory allocated after optimizer step: 0.179200512 GB 0.180355072 GB
0: Max memory allocated after optimizer step: 0.179200512 GB 0.180355072 GB
0: Max memory allocated after optimizer step: 0.179200512 GB 0.180355072 GB
0: Max memory allocated after optimizer step: 0.179200512 GB 0.180355072 GB
0: Max memory allocated after optimizer step: 0.179200512 GB 0.180355072 GB
0: Max memory allocated after optimizer step: 0.179200512 GB 0.180355072 GB
0: Max memory allocated after optimizer step: 0.179200512 GB 0.180355072 GB
0: Max memory allocated after optimizer step: 0.179200512 GB 0.180355072 GB
0: Max memory allocated after optimizer step: 0.179200512 GB 0.180355072 GB
0: Max memory allocated after optimizer step: 0.179200512 GB 0.180355072 GB
0: Max memory allocated after optimizer step: 0.179200512 GB 0.180355072 GB
0: Max memory allocated after optimizer step: 0.179200512 GB 0.180355072 GB
0: Max memory allocated after optimizer step: 0.179200512 GB 0.180355072 GB
0: Max memory allocated after optimizer step: 0.179200512 GB 0.180355072 GB
0: Max memory allocated after optimizer step: 0.179200512 GB 0.180355072 GB
0: Max memory allocated after optimizer step: 0.179200512 GB 0.180355072 GB
0: Max memory allocated after optimizer step: 0.179200512 GB 0.180355072 GB
0: Max memory allocated after optimizer step: 0.179200512 GB 0.180355072 GB
0: Max memory allocated after optimizer step: 0.179200512 GB 0.180355072 GB
0: Max memory allocated after optimizer step: 0.179200512 GB 0.180355072 GB
0: Max memory allocated after optimizer step: 0.179200512 GB 0.180355072 GB
0: Max memory allocated after optimizer step: 0.179200512 GB 0.180355072 GB
0: Max memory allocated after optimizer step: 0.179200512 GB 0.180355072 GB
0: Max memory allocated after optimizer step: 0.179200512 GB 0.180355072 GB
0: Max memory allocated after optimizer step: 0.179200512 GB 0.180355072 GB
0: Max memory allocated after optimizer step: 0.179200512 GB 0.180355072 GB
0: Max memory allocated after optimizer step: 0.179200512 GB 0.180355072 GB
0: Max memory allocated after optimizer step: 0.179200512 GB 0.180355072 GB
0: Max memory allocated after optimizer step: 0.179200512 GB 0.180355072 GB
0: Max memory allocated after optimizer step: 0.179200512 GB 0.180355072 GB
0: Max memory allocated after optimizer step: 0.179200512 GB 0.180355072 GB
0: Max memory allocated after optimizer step: 0.179200512 GB 0.180355072 GB
0: Max memory allocated after optimizer step: 0.179200512 GB 0.180355072 GB
0: Max memory allocated after optimizer step: 0.179200512 GB 0.180355072 GB
0: Max memory allocated after optimizer step: 0.179200512 GB 0.180355072 GB
0: Max memory allocated after optimizer step: 0.179200512 GB 0.180355072 GB
0: Max memory allocated after optimizer step: 0.179200512 GB 0.180355072 GB
0: Max memory allocated after optimizer step: 0.179200512 GB 0.180355072 GB
0: Max memory allocated after optimizer step: 0.179200512 GB 0.180355072 GB
0: Max memory allocated after optimizer step: 0.179200512 GB 0.180355072 GB
0: Max memory allocated after optimizer step: 0.179200512 GB 0.180355072 GB
0: Max memory allocated after optimizer step: 0.179200512 GB 0.180355072 GB
0: Max memory allocated after optimizer step: 0.179200512 GB 0.180355072 GB
0: Max memory allocated after optimizer step: 0.179200512 GB 0.180355072 GB
0: Max memory allocated after optimizer step: 0.179200512 GB 0.180355072 GB
0: Max memory allocated after optimizer step: 0.179200512 GB 0.180355072 GB
0: Max memory allocated after optimizer step: 0.179200512 GB 0.180355072 GB
0: Max memory allocated after optimizer step: 0.179200512 GB 0.180355072 GB
0: Max memory allocated after optimizer step: 0.179200512 GB 0.180355072 GB
0: Max memory allocated after optimizer step: 0.179200512 GB 0.180355072 GB
0: Max memory allocated after optimizer step: 0.179200512 GB 0.180355072 GB
0: Max memory allocated after optimizer step: 0.179200512 GB 0.180355072 GB
0: Max memory allocated after optimizer step: 0.179200512 GB 0.180355072 GB
0: Max memory allocated after optimizer step: 0.179200512 GB 0.180355072 GB
0: Max memory allocated after optimizer step: 0.179200512 GB 0.180355072 GB
0: Max memory allocated after optimizer step: 0.179200512 GB 0.180355072 GB
0: Max memory allocated after optimizer step: 0.179200512 GB 0.180355072 GB
0: Max memory allocated after optimizer step: 0.179200512 GB 0.180355072 GB
0: Max memory allocated after optimizer step: 0.179200512 GB 0.180355072 GB
0: Max memory allocated after optimizer step: 0.179200512 GB 0.180355072 GB
0: Max memory allocated after optimizer step: 0.179200512 GB 0.180355072 GB
0: Max memory allocated after optimizer step: 0.179200512 GB 0.180355072 GB
0: Max memory allocated after optimizer step: 0.179200512 GB 0.180355072 GB
0: Max memory allocated after optimizer step: 0.179200512 GB 0.180355072 GB
0: Max memory allocated after optimizer step: 0.179200512 GB 0.180355072 GB
0: Max memory allocated after optimizer step: 0.179200512 GB 0.180355072 GB
0: Max memory allocated after optimizer step: 0.179200512 GB 0.180355072 GB
0: Max memory allocated after optimizer step: 0.179200512 GB 0.180355072 GB
0: Max memory allocated after optimizer step: 0.179200512 GB 0.180355072 GB
0: Max memory allocated after optimizer step: 0.179200512 GB 0.180355072 GB
0: Max memory allocated after optimizer step: 0.179200512 GB 0.180355072 GB
0: Max memory allocated after optimizer step: 0.179200512 GB 0.180355072 GB
0: Max memory allocated after optimizer step: 0.179200512 GB 0.180355072 GB
0: Max memory allocated after optimizer step: 0.179200512 GB 0.180355072 GB
0: Max memory allocated after optimizer step: 0.179200512 GB 0.180355072 GB
0: Max memory allocated after optimizer step: 0.179200512 GB 0.180355072 GB
0: Max memory allocated after optimizer step: 0.179200512 GB 0.180355072 GB
0: Max memory allocated after optimizer step: 0.179200512 GB 0.180355072 GB
0: Max memory allocated after optimizer step: 0.179200512 GB 0.180355072 GB
0: Max memory allocated after optimizer step: 0.179200512 GB 0.180355072 GB
0: Max memory allocated after optimizer step: 0.179200512 GB 0.180355072 GB
0: Max memory allocated after optimizer step: 0.179200512 GB 0.180355072 GB
0: Max memory allocated after optimizer step: 0.179200512 GB 0.180355072 GB
0: Max memory allocated after optimizer step: 0.179200512 GB 0.180355072 GB
0: Max memory allocated after optimizer step: 0.179200512 GB 0.180355072 GB
0: Max memory allocated after optimizer step: 0.179200512 GB 0.180355072 GB
0: Max memory allocated after optimizer step: 0.179200512 GB 0.180355072 GB
0: Max memory allocated after optimizer step: 0.179200512 GB 0.180355072 GB
0: Max memory allocated after optimizer step: 0.179200512 GB 0.180355072 GB
0: Max memory allocated after optimizer step: 0.179200512 GB 0.180355072 GB
0: Max memory allocated after optimizer step: 0.179200512 GB 0.180355072 GB
0: Max memory allocated after optimizer step: 0.179200512 GB 0.180355072 GB
0: Max memory allocated after optimizer step: 0.179200512 GB 0.180355072 GB
0: Max memory allocated after optimizer step: 0.179200512 GB 0.180355072 GB
0: Max memory allocated after optimizer step: 0.179200512 GB 0.180355072 GB
0: Max memory allocated after optimizer step: 0.179200512 GB 0.180355072 GB
0: Max memory allocated after optimizer step: 0.179200512 GB 0.180355072 GB
0: Max memory allocated after optimizer step: 0.179200512 GB 0.180355072 GB
0: Max memory allocated after optimizer step: 0.179200512 GB 0.180355072 GB
0: Max memory allocated after optimizer step: 0.179200512 GB 0.180355072 GB
0: Max memory allocated after optimizer step: 0.179200512 GB 0.180355072 GB
0: Max memory allocated after optimizer step: 0.179200512 GB 0.180355072 GB
0: Max memory allocated after optimizer step: 0.179200512 GB 0.180355072 GB
0: Max memory allocated after optimizer step: 0.179200512 GB 0.180355072 GB
0: Max memory allocated after optimizer step: 0.179200512 GB 0.180355072 GB
0: Max memory allocated after optimizer step: 0.179200512 GB 0.180355072 GB
0: Max memory allocated after optimizer step: 0.179200512 GB 0.180355072 GB
0: Max memory allocated after optimizer step: 0.179200512 GB 0.180355072 GB
0: Max memory allocated after optimizer step: 0.179200512 GB 0.180355072 GB
0: Max memory allocated after optimizer step: 0.179200512 GB 0.180355072 GB
0: Max memory allocated after optimizer step: 0.179200512 GB 0.180355072 GB
0: Max memory allocated after optimizer step: 0.179200512 GB 0.180355072 GB
0: Max memory allocated after optimizer step: 0.179200512 GB 0.180355072 GB
0: Max memory allocated after optimizer step: 0.179200512 GB 0.180355072 GB
0: Max memory allocated after optimizer step: 0.179200512 GB 0.180355072 GB
0: Max memory allocated after optimizer step: 0.179200512 GB 0.180355072 GB
0: Max memory allocated after optimizer step: 0.179200512 GB 0.180355072 GB
0: Max memory allocated after optimizer step: 0.179200512 GB 0.180355072 GB
0: Max memory allocated after optimizer step: 0.179200512 GB 0.180355072 GB
0: Max memory allocated after optimizer step: 0.179200512 GB 0.180355072 GB
0: Max memory allocated after optimizer step: 0.179200512 GB 0.180355072 GB
0: Max memory allocated after optimizer step: 0.179200512 GB 0.180355072 GB
0: Max memory allocated after optimizer step: 0.179200512 GB 0.180355072 GB
0: Max memory allocated after optimizer step: 0.179200512 GB 0.180355072 GB
0: Max memory allocated after optimizer step: 0.179200512 GB 0.180355072 GB
0: Max memory allocated after optimizer step: 0.179200512 GB 0.180355072 GB
0: Max memory allocated after optimizer step: 0.179200512 GB 0.180355072 GB
0: Max memory allocated after optimizer step: 0.179200512 GB 0.180355072 GB
0: Max memory allocated after optimizer step: 0.179200512 GB 0.180355072 GB
0: Max memory allocated after optimizer step: 0.179200512 GB 0.180355072 GB
0: Max memory allocated after optimizer step: 0.179200512 GB 0.180355072 GB
0: Max memory allocated after optimizer step: 0.179200512 GB 0.180355072 GB
0: Max memory allocated after optimizer step: 0.179200512 GB 0.180355072 GB
0: Max memory allocated after optimizer step: 0.179200512 GB 0.180355072 GB
0: Max memory allocated after optimizer step: 0.179200512 GB 0.180355072 GB
0: Max memory allocated after optimizer step: 0.179200512 GB 0.180355072 GB
0: Max memory allocated after optimizer step: 0.179200512 GB 0.180355072 GB
0: Max memory allocated after optimizer step: 0.179200512 GB 0.180355072 GB
0: Max memory allocated after optimizer step: 0.179200512 GB 0.180355072 GB
0: Max memory allocated after optimizer step: 0.179200512 GB 0.180355072 GB
0: Max memory allocated after optimizer step: 0.179200512 GB 0.180355072 GB
0: Max memory allocated after optimizer step: 0.179200512 GB 0.180355072 GB
0: Max memory allocated after optimizer step: 0.179200512 GB 0.180355072 GB
0: Max memory allocated after optimizer step: 0.179200512 GB 0.180355072 GB
0: Max memory allocated after optimizer step: 0.179200512 GB 0.180355072 GB
0: Max memory allocated after optimizer step: 0.179200512 GB 0.180355072 GB
0: Max memory allocated after optimizer step: 0.179200512 GB 0.180355072 GB
0: Max memory allocated after optimizer step: 0.179200512 GB 0.180355072 GB
0: Max memory allocated after optimizer step: 0.179200512 GB 0.180355072 GB
0: Max memory allocated after optimizer step: 0.179200512 GB 0.180355072 GB
0: Max memory allocated after optimizer step: 0.179200512 GB 0.180355072 GB
0: Max memory allocated after optimizer step: 0.179200512 GB 0.180355072 GB
0: Max memory allocated after optimizer step: 0.179200512 GB 0.180355072 GB
0: Max memory allocated after optimizer step: 0.179200512 GB 0.180355072 GB
0: Max memory allocated after optimizer step: 0.179200512 GB 0.180355072 GB
0: Max memory allocated after optimizer step: 0.179200512 GB 0.180355072 GB
0: Max memory allocated after optimizer step: 0.179200512 GB 0.180355072 GB
0: Max memory allocated after optimizer step: 0.179200512 GB 0.180355072 GB
0: Max memory allocated after optimizer step: 0.179200512 GB 0.180355072 GB
0: Max memory allocated after optimizer step: 0.179200512 GB 0.180355072 GB
0: Max memory allocated after optimizer step: 0.179200512 GB 0.180355072 GB
0: Max memory allocated after optimizer step: 0.179200512 GB 0.180355072 GB
0: Max memory allocated after optimizer step: 0.179200512 GB 0.180355072 GB
0: Max memory allocated after optimizer step: 0.179200512 GB 0.180355072 GB
0: Max memory allocated after optimizer step: 0.179200512 GB 0.180355072 GB
0: Max memory allocated after optimizer step: 0.179200512 GB 0.180355072 GB
0: Max memory allocated after optimizer step: 0.179200512 GB 0.180355072 GB
0: Max memory allocated after optimizer step: 0.179200512 GB 0.180355072 GB
0: Max memory allocated after optimizer step: 0.179200512 GB 0.180355072 GB
0: Max memory allocated after optimizer step: 0.179200512 GB 0.180355072 GB
0: Max memory allocated after optimizer step: 0.179200512 GB 0.180355072 GB
0: Max memory allocated after optimizer step: 0.179200512 GB 0.180355072 GB
0: Max memory allocated after optimizer step: 0.179200512 GB 0.180355072 GB
0: Max memory allocated after optimizer step: 0.179200512 GB 0.180355072 GB
0: Max memory allocated after optimizer step: 0.179200512 GB 0.180355072 GB
0: Max memory allocated after optimizer step: 0.179200512 GB 0.180355072 GB
0: Max memory allocated after optimizer step: 0.179200512 GB 0.180355072 GB
0: Max memory allocated after optimizer step: 0.179200512 GB 0.180355072 GB
0: Max memory allocated after optimizer step: 0.179200512 GB 0.180355072 GB
0: Max memory allocated after optimizer step: 0.179200512 GB 0.180355072 GB
0: Max memory allocated after optimizer step: 0.179200512 GB 0.180355072 GB
0: Max memory allocated after optimizer step: 0.179200512 GB 0.180355072 GB
0: Max memory allocated after optimizer step: 0.179200512 GB 0.180355072 GB
0: Max memory allocated after optimizer step: 0.179200512 GB 0.180355072 GB
0: Max memory allocated after optimizer step: 0.179200512 GB 0.180355072 GB
0: Max memory allocated after optimizer step: 0.179200512 GB 0.180355072 GB
0: Max memory allocated after optimizer step: 0.179200512 GB 0.180355072 GB
0: Max memory allocated after optimizer step: 0.179200512 GB 0.180355072 GB
0: Max memory allocated after optimizer step: 0.179200512 GB 0.180355072 GB
0: Max memory allocated after optimizer step: 0.179200512 GB 0.180355072 GB
0: Max memory allocated after optimizer step: 0.179200512 GB 0.180355072 GB
0: Max memory allocated after optimizer step: 0.179200512 GB 0.180355072 GB
0: Max memory allocated after optimizer step: 0.179200512 GB 0.180355072 GB
0: Max memory allocated after optimizer step: 0.179200512 GB 0.180355072 GB
0: Max memory allocated after optimizer step: 0.179200512 GB 0.180355072 GB
0: Max memory allocated after optimizer step: 0.179200512 GB 0.180355072 GB
0: Max memory allocated after optimizer step: 0.179200512 GB 0.180355072 GB
0: Max memory allocated after optimizer step: 0.179200512 GB 0.180355072 GB
0: Max memory allocated after optimizer step: 0.179200512 GB 0.180355072 GB
0: Max memory allocated after optimizer step: 0.179200512 GB 0.180355072 GB
0: Max memory allocated after optimizer step: 0.179200512 GB 0.180355072 GB
0: Max memory allocated after optimizer step: 0.179200512 GB 0.180355072 GB
0: Max memory allocated after optimizer step: 0.179200512 GB 0.180355072 GB
0: Max memory allocated after optimizer step: 0.179200512 GB 0.180355072 GB
0: Max memory allocated after optimizer step: 0.179200512 GB 0.180355072 GB
0: Max memory allocated after optimizer step: 0.179200512 GB 0.180355072 GB
0: Max memory allocated after optimizer step: 0.179200512 GB 0.180355072 GB
0: Max memory allocated after optimizer step: 0.179200512 GB 0.180355072 GB
0: Max memory allocated after optimizer step: 0.179200512 GB 0.180355072 GB
0: Max memory allocated after optimizer step: 0.179200512 GB 0.180355072 GB
0: Max memory allocated after optimizer step: 0.179200512 GB 0.180355072 GB
0: Max memory allocated after optimizer step: 0.179200512 GB 0.180355072 GB
0: Max memory allocated after optimizer step: 0.179200512 GB 0.180355072 GB
0: Max memory allocated after optimizer step: 0.179200512 GB 0.180355072 GB
0: Max memory allocated after optimizer step: 0.179200512 GB 0.180355072 GB
0: Max memory allocated after optimizer step: 0.179200512 GB 0.180355072 GB
0: Max memory allocated after optimizer step: 0.179200512 GB 0.180355072 GB
0: Max memory allocated after optimizer step: 0.179200512 GB 0.180355072 GB
0: Max memory allocated after optimizer step: 0.179200512 GB 0.180355072 GB
0: Max memory allocated after optimizer step: 0.179200512 GB 0.180355072 GB
0: Max memory allocated after optimizer step: 0.179200512 GB 0.180355072 GB
0: Max memory allocated after optimizer step: 0.179200512 GB 0.180355072 GB
0: Max memory allocated after optimizer step: 0.179200512 GB 0.180355072 GB
0: Max memory allocated after optimizer step: 0.179200512 GB 0.180355072 GB
0: Max memory allocated after optimizer step: 0.179200512 GB 0.180355072 GB
0: Max memory allocated after optimizer step: 0.179200512 GB 0.180355072 GB
0: Max memory allocated after optimizer step: 0.179200512 GB 0.180355072 GB
0: Max memory allocated after optimizer step: 0.179200512 GB 0.180355072 GB
0: Max memory allocated after optimizer step: 0.179200512 GB 0.180355072 GB
0: Max memory allocated after optimizer step: 0.179200512 GB 0.180355072 GB
0: Max memory allocated after optimizer step: 0.179200512 GB 0.180355072 GB
0: Max memory allocated after optimizer step: 0.179200512 GB 0.180355072 GB
0: Max memory allocated after optimizer step: 0.179200512 GB 0.180355072 GB
0: Max memory allocated after optimizer step: 0.179200512 GB 0.180355072 GB
0: Max memory allocated after optimizer step: 0.179200512 GB 0.180355072 GB
0: Max memory allocated after optimizer step: 0.179200512 GB 0.180355072 GB
0: Max memory allocated after optimizer step: 0.179200512 GB 0.180355072 GB
0: Max memory allocated after optimizer step: 0.179200512 GB 0.180355072 GB
0: Max memory allocated after optimizer step: 0.179200512 GB 0.180355072 GB
0: Max memory allocated after optimizer step: 0.179200512 GB 0.180355072 GB
0: Max memory allocated after optimizer step: 0.179200512 GB 0.180355072 GB
0: Max memory allocated after optimizer step: 0.179200512 GB 0.180355072 GB
0: Max memory allocated after optimizer step: 0.179200512 GB 0.180355072 GB
0: Max memory allocated after optimizer step: 0.179200512 GB 0.180355072 GB
0: Max memory allocated after optimizer step: 0.179200512 GB 0.180355072 GB
0: Max memory allocated after optimizer step: 0.179200512 GB 0.180355072 GB
0: Max memory allocated after optimizer step: 0.179200512 GB 0.180355072 GB
0: Max memory allocated after optimizer step: 0.179200512 GB 0.180355072 GB
0: Max memory allocated after optimizer step: 0.179200512 GB 0.180355072 GB
0: Max memory allocated after optimizer step: 0.179200512 GB 0.180355072 GB
0: Max memory allocated after optimizer step: 0.179200512 GB 0.180355072 GB
0: Max memory allocated after optimizer step: 0.179200512 GB 0.180355072 GB
0: Max memory allocated after optimizer step: 0.179200512 GB 0.180355072 GB
0: Max memory allocated after optimizer step: 0.179200512 GB 0.180355072 GB
0: Max memory allocated after optimizer step: 0.179200512 GB 0.180355072 GB
0: Max memory allocated after optimizer step: 0.179200512 GB 0.180355072 GB
0: Max memory allocated after optimizer step: 0.179200512 GB 0.180355072 GB
0: Max memory allocated after optimizer step: 0.179200512 GB 0.180355072 GB
0: Max memory allocated after optimizer step: 0.179200512 GB 0.180355072 GB
0: Max memory allocated after optimizer step: 0.179200512 GB 0.180355072 GB
0: Max memory allocated after optimizer step: 0.179200512 GB 0.180355072 GB
0: Max memory allocated after optimizer step: 0.179200512 GB 0.180355072 GB
0: Max memory allocated after optimizer step: 0.179200512 GB 0.180355072 GB
0: Max memory allocated after optimizer step: 0.179200512 GB 0.180355072 GB
0: Max memory allocated after optimizer step: 0.179200512 GB 0.180355072 GB
0: Max memory allocated after optimizer step: 0.179200512 GB 0.180355072 GB
0: Max memory allocated after optimizer step: 0.179200512 GB 0.180355072 GB
0: Max memory allocated after optimizer step: 0.179200512 GB 0.180355072 GB
0: Max memory allocated after optimizer step: 0.179200512 GB 0.180355072 GB
0: Max memory allocated after optimizer step: 0.179200512 GB 0.180355072 GB
0: Max memory allocated after optimizer step: 0.179200512 GB 0.180355072 GB
0: Max memory allocated after optimizer step: 0.179200512 GB 0.180355072 GB
0: Max memory allocated after optimizer step: 0.179200512 GB 0.180355072 GB
0: Max memory allocated after optimizer step: 0.179200512 GB 0.180355072 GB
0: Max memory allocated after optimizer step: 0.179200512 GB 0.180355072 GB
0: Max memory allocated after optimizer step: 0.179200512 GB 0.180355072 GB
0: Max memory allocated after optimizer step: 0.179200512 GB 0.180355072 GB
0: Max memory allocated after optimizer step: 0.179200512 GB 0.180355072 GB
0: Max memory allocated after optimizer step: 0.179200512 GB 0.180355072 GB
0: Max memory allocated after optimizer step: 0.179200512 GB 0.180355072 GB
0: Max memory allocated after optimizer step: 0.179200512 GB 0.180355072 GB
0: Max memory allocated after optimizer step: 0.179200512 GB 0.180355072 GB
0: Max memory allocated after optimizer step: 0.179200512 GB 0.180355072 GB
0: Max memory allocated after optimizer step: 0.179200512 GB 0.180355072 GB
0: Max memory allocated after optimizer step: 0.179200512 GB 0.180355072 GB
0: Max memory allocated after optimizer step: 0.179200512 GB 0.180355072 GB
0: Max memory allocated after optimizer step: 0.179200512 GB 0.180355072 GB
0: Max memory allocated after optimizer step: 0.179200512 GB 0.180355072 GB
0: Max memory allocated after optimizer step: 0.179200512 GB 0.180355072 GB
0: Max memory allocated after optimizer step: 0.179200512 GB 0.180355072 GB
0: Max memory allocated after optimizer step: 0.179200512 GB 0.180355072 GB
0: Max memory allocated after optimizer step: 0.179200512 GB 0.180355072 GB
0: Max memory allocated after optimizer step: 0.179200512 GB 0.180355072 GB
0: Max memory allocated after optimizer step: 0.179200512 GB 0.180355072 GB
0: Max memory allocated after optimizer step: 0.179200512 GB 0.180355072 GB
0: Max memory allocated after optimizer step: 0.179200512 GB 0.180355072 GB
0: Max memory allocated after optimizer step: 0.179200512 GB 0.180355072 GB
0: Max memory allocated after optimizer step: 0.179200512 GB 0.180355072 GB
0: Max memory allocated after optimizer step: 0.179200512 GB 0.180355072 GB
0: Max memory allocated after optimizer step: 0.179200512 GB 0.180355072 GB
0: Max memory allocated after optimizer step: 0.179200512 GB 0.180355072 GB
0: Max memory allocated after optimizer step: 0.179200512 GB 0.180355072 GB
0: Max memory allocated after optimizer step: 0.179200512 GB 0.180355072 GB
0: Max memory allocated after optimizer step: 0.179200512 GB 0.180355072 GB
0: Max memory allocated after optimizer step: 0.179200512 GB 0.180355072 GB
0: Max memory allocated after optimizer step: 0.179200512 GB 0.180355072 GB
0: Max memory allocated after optimizer step: 0.179200512 GB 0.180355072 GB
0: Max memory allocated after optimizer step: 0.179200512 GB 0.180355072 GB
0: Max memory allocated after optimizer step: 0.179200512 GB 0.180355072 GB
0: Max memory allocated after optimizer step: 0.179200512 GB 0.180355072 GB
0: Max memory allocated after optimizer step: 0.179200512 GB 0.180355072 GB
0: Max memory allocated after optimizer step: 0.179200512 GB 0.180355072 GB
0: Max memory allocated after optimizer step: 0.179200512 GB 0.180355072 GB
0: Max memory allocated after optimizer step: 0.179200512 GB 0.180355072 GB
0: Max memory allocated after optimizer step: 0.179200512 GB 0.180355072 GB
0: Max memory allocated after optimizer step: 0.179200512 GB 0.180355072 GB
0: Max memory allocated after optimizer step: 0.179200512 GB 0.180355072 GB
0: Max memory allocated after optimizer step: 0.179200512 GB 0.180355072 GB
0: Max memory allocated after optimizer step: 0.179200512 GB 0.180355072 GB
0: Max memory allocated after optimizer step: 0.179200512 GB 0.180355072 GB
0: Max memory allocated after optimizer step: 0.179200512 GB 0.180355072 GB
0: Max memory allocated after optimizer step: 0.179200512 GB 0.180355072 GB
0: Max memory allocated after optimizer step: 0.179200512 GB 0.180355072 GB
0: Max memory allocated after optimizer step: 0.179200512 GB 0.180355072 GB
0: Max memory allocated after optimizer step: 0.179200512 GB 0.180355072 GB
0: Max memory allocated after optimizer step: 0.179200512 GB 0.180355072 GB
0: Max memory allocated after optimizer step: 0.179200512 GB 0.180355072 GB
0: Max memory allocated after optimizer step: 0.179200512 GB 0.180355072 GB
0: Max memory allocated after optimizer step: 0.179200512 GB 0.180355072 GB
0: Max memory allocated after optimizer step: 0.179200512 GB 0.180355072 GB
0: Max memory allocated after optimizer step: 0.179200512 GB 0.180355072 GB
0: Max memory allocated after optimizer step: 0.179200512 GB 0.180355072 GB
0: Max memory allocated after optimizer step: 0.179200512 GB 0.180355072 GB
0: Max memory allocated after optimizer step: 0.179200512 GB 0.180355072 GB
0: Max memory allocated after optimizer step: 0.179200512 GB 0.180355072 GB
0: Max memory allocated after optimizer step: 0.179200512 GB 0.180355072 GB
0: Max memory allocated after optimizer step: 0.179200512 GB 0.180355072 GB
0: Max memory allocated after optimizer step: 0.179200512 GB 0.180355072 GB
0: Max memory allocated after optimizer step: 0.179200512 GB 0.180355072 GB
0: Max memory allocated after optimizer step: 0.179200512 GB 0.180355072 GB
0: Max memory allocated after optimizer step: 0.179200512 GB 0.180355072 GB
0: Max memory allocated after optimizer step: 0.179200512 GB 0.180355072 GB
0: Max memory allocated after optimizer step: 0.179200512 GB 0.180355072 GB
0: Max memory allocated after optimizer step: 0.179200512 GB 0.180355072 GB
0: Max memory allocated after optimizer step: 0.179200512 GB 0.180355072 GB
0: Max memory allocated after optimizer step: 0.179200512 GB 0.180355072 GB
0: Max memory allocated after optimizer step: 0.179200512 GB 0.180355072 GB
0: Max memory allocated after optimizer step: 0.179200512 GB 0.180355072 GB
0: Max memory allocated after optimizer step: 0.179200512 GB 0.180355072 GB
0: Max memory allocated after optimizer step: 0.179200512 GB 0.180355072 GB
0: Max memory allocated after optimizer step: 0.179200512 GB 0.180355072 GB
0: Max memory allocated after optimizer step: 0.179200512 GB 0.180355072 GB
0: Max memory allocated after optimizer step: 0.179200512 GB 0.180355072 GB
0: Max memory allocated after optimizer step: 0.179200512 GB 0.180355072 GB
0: Max memory allocated after optimizer step: 0.179200512 GB 0.180355072 GB
0: Max memory allocated after optimizer step: 0.179200512 GB 0.180355072 GB
0: Max memory allocated after optimizer step: 0.179200512 GB 0.180355072 GB
0: Max memory allocated after optimizer step: 0.179200512 GB 0.180355072 GB
0: Max memory allocated after optimizer step: 0.179200512 GB 0.180355072 GB
0: Max memory allocated after optimizer step: 0.179200512 GB 0.180355072 GB
0: Max memory allocated after optimizer step: 0.179200512 GB 0.180355072 GB
0: Max memory allocated after optimizer step: 0.179200512 GB 0.180355072 GB
0: Max memory allocated after optimizer step: 0.179200512 GB 0.180355072 GB
0: Epoch: 01, Train Loss: 0.01364226, Val Loss: 0.00628354, Test Loss: 0.00628526
0: Tasks Train Loss: [0.004725384525954723]
0: Tasks Val Loss: [0.0062835440039634705]
0: Tasks Test Loss: [0.006285263225436211]
0: Creating Checkpoint: 0.006284
0: Best Performance Metric: 0.006284
[diag][rank 0][364729.678] Exited train_validate_test
0: LossBreakdown epoch=01  data_driven_mse=0.00488480  curriculum_scale=1.00000000  physics_penalty_total=0.00801869  raw_voltage_bound=0.00000513
0: Process 0 - Local timer:  train_validate_test  :  152.49
0: Process 0 - Local timer:  create_model  :  0.07
0: Minimum timers: 
0: train_validate_test  :  152.49
0: create_model  :  0.07
0: Maximum timers: 
0: train_validate_test  :  152.5
0: create_model  :  0.08
0: Average timers: 
0: train_validate_test  :  152.49
0: create_model  :  0.07
0: Number of calls to timers: 
0: {'create_model': 1, 'train_validate_test': 1}
