Running "module reset". Resetting modules to system default. The following $MODULEPATH directories have been removed: None
-------------------------------------------------------------------------------
There are messages associated with the following module(s):
-------------------------------------------------------------------------------

DefApps:
   ROCm/5.x modules and HPE/Cray Programming Environment (CPE) versions <=
   23.12 were removed on July 1, 2026. For more information regarding the
   removal, please see https://docs.olcf.ornl.gov/software/software-news.html#frontier-software-changes-july-1-2026

-------------------------------------------------------------------------------


The following have been reloaded with a version change:
  1) PrgEnv-cray/8.6.0 => PrgEnv-cray/8.5.0
  2) cce/18.0.1 => cce/18.0.0
  3) cray-libsci/24.11.0 => cray-libsci/24.07.0
  4) cray-mpich/8.1.31 => cray-mpich/8.1.30
  5) cray-pmi/6.1.15 => cray-pmi/6.1.15.21
  6) craype/2.7.33 => craype/2.7.32
  7) darshan-runtime/3.4.6-mpi => darshan-runtime/3.4.4-mpi
  8) perftools-base/24.11.0 => perftools-base/24.07.0

Lmod Warning:
================================================================================

    Mixed compiler modules are being deprecated in a future release.
    For more information run: module help amd-mixed

================================================================================


While processing the following module(s):
    Module fullname  Module Filename
    ---------------  ---------------
    amd-mixed/7.1.1  /opt/cray/pe/lmod/modulefiles/mix_compilers/amd-mixed/7.1.1.lua


Lmod is automatically replacing "cce/18.0.0" with "gcc-native/13.2".


Lmod is automatically replacing "PrgEnv-cray/8.5.0" with "PrgEnv-gnu/8.5.0".

Lmod Warning:
================================================================================

    Mixed compiler modules are being deprecated in a future release.
    For more information run: module help amd-mixed

================================================================================


While processing the following module(s):
    Module fullname  Module Filename
    ---------------  ---------------
    amd-mixed/7.1.1  /opt/cray/pe/lmod/modulefiles/mix_compilers/amd-mixed/7.1.1.lua


Due to MODULEPATH changes, the following have been reloaded:
  1) cray-libsci/24.07.0     2) cray-mpich/8.1.30     3) darshan-runtime/3.4.4-mpi

Lmod Warning:
================================================================================

    Mixed compiler modules are being deprecated in a future release.
    For more information run: module help amd-mixed

================================================================================


While processing the following module(s):
    Module fullname  Module Filename
    ---------------  ---------------
    amd-mixed/7.1.1  /opt/cray/pe/lmod/modulefiles/mix_compilers/amd-mixed/7.1.1.lua

/lustre/orion/lrn070/proj-shared/ndelingat/HydraGNN/installation_DOE_supercomputers/HydraGNN-Installation-Frontier/hydragnn_venv/bin/python3.11
2.10.2 /lustre/orion/lrn070/proj-shared/ndelingat/HydraGNN/installation_DOE_supercomputers/HydraGNN-Installation-Frontier/hydragnn_venv/lib/python3.11/site-packages/adios2/__init__.py
2.12.1+rocm7.1 /lustre/orion/lrn070/proj-shared/ndelingat/HydraGNN/installation_DOE_supercomputers/HydraGNN-Installation-Frontier/hydragnn_venv/lib/python3.11/site-packages/torch/__init__.py

Note: the module "darshan-runtime" cannot be unloaded because it was not
loaded.

Lmod Warning:
================================================================================

    Mixed compiler modules are being deprecated in a future release.
    For more information run: module help amd-mixed

================================================================================


While processing the following module(s):
    Module fullname  Module Filename
    ---------------  ---------------
    amd-mixed/7.1.1  /opt/cray/pe/lmod/modulefiles/mix_compilers/amd-mixed/7.1.1.lua


Currently Loaded Modules:
  1) craype-x86-trento                13) rocm/7.1.1
  2) libfabric/2.3.1                  14) amd-mixed/7.1.1
  3) craype-network-ofi               15) craype-accel-amd-gfx90a
  4) xpmem/1.0.1-1.5_1_gfb6998056825  16) gcc-native/13.2
  5) Core/25.03                       17) craype/2.7.32
  6) tmux/3.4                         18) cray-dsmml/0.3.0
  7) hsi/default                      19) cray-mpich/8.1.30
  8) lfs-wrapper/0.0.1                20) cray-libsci/24.07.0
  9) DefApps                          21) PrgEnv-gnu/8.5.0
 10) cray-pmi/6.1.15.21               22) miniforge3/23.11.0-0
 11) perftools-base/24.07.0           23) git-lfs/3.5.1
 12) cpe/24.07

 

/opt/rocm-7.1.1/lib
/opt/rocm-7.1.1/llvm/lib
/opt/rocm-7.1.1/lib/roctracer
/opt/rocm-7.1.1/lib/rocprofiler
/opt/cray/pe/papi/7.1.0.2/lib64
/opt/cray/libfabric/2.3.1/lib64
PE_PRODUCT_LIST=CRAYPE:CRAY_PMI:CRAYPE_X86_TRENTO:PERFTOOLS:CRAYPAT:CRAY_ROCM:CRAY_ACCEL
ROCM_PATH=/opt/rocm-7.1.1
CRAY_ROCM_POST_LINK_OPTS= -L/opt/rocm-7.1.1/lib -L/opt/rocm-7.1.1/lib/rocprofiler -L/opt/rocm-7.1.1/lib/roctracer -lamdhip64
CRAY_ROCM_PREFIX=/opt/rocm-7.1.1
CRAY_ROCM_DIR=/opt/rocm-7.1.1
CRAY_ROCM_VERSION=7.1.1
CRAY_ROCM_INCLUDE_OPTS=-I/opt/rocm-7.1.1/include -I/opt/rocm-7.1.1/include/rocprofiler -I/opt/rocm-7.1.1/include/roctracer -I/opt/rocm-7.1.1/include/hip -D__HIP_PLATFORM_AMD__
__LMOD_REF_COUNT_PE_PRODUCT_LIST=CRAYPE:1;CRAY_PMI:1;CRAYPE_X86_TRENTO:1;PERFTOOLS:1;CRAYPAT:1;CRAY_ROCM:1;CRAY_ACCEL:1
MINICOM=-c on
MPICH_OFI_NIC_POLICY=NUMA
MPICH_DIR=/opt/cray/pe/mpich/8.1.30/ofi/gnu/12.3
HYDRA_LAUNCHER_EXTRA_ARGS=--external-launcher
HYDRA_BOOTSTRAP=slurm
/lustre/orion/lrn070/proj-shared/ndelingat/HydraGNN/installation_DOE_supercomputers/HydraGNN-Installation-Frontier/hydragnn_venv/bin/python3.11
1.26.4

============================================================
 HydraGNN oversmoothing array training
 Array task  : 10 / 14
 Config      : oversmoothing_configs/hgt_n.json
 Run name    : hgt_n-case2000
 Case        : pglib_opf_case2000_goc
 Nodes       : 4
 GPUs/ranks  : 32
 Epochs      : 50
 Batch size  : 32
============================================================

WARNING: All log messages before absl::InitializeLog() is called are written to STDERR
I0000 00:00:1785320028.546190 3388444 cudart_stub.cc:31] Could not find cuda drivers on your machine, GPU will not be used.
WARNING: All log messages before absl::InitializeLog() is called are written to STDERR
I0000 00:00:1785320028.546186 3388445 cudart_stub.cc:31] Could not find cuda drivers on your machine, GPU will not be used.
WARNING: All log messages before absl::InitializeLog() is called are written to STDERR
I0000 00:00:1785320028.546172 3388449 cudart_stub.cc:31] Could not find cuda drivers on your machine, GPU will not be used.
WARNING: All log messages before absl::InitializeLog() is called are written to STDERR
I0000 00:00:1785320028.546158 3388450 cudart_stub.cc:31] Could not find cuda drivers on your machine, GPU will not be used.
WARNING: All log messages before absl::InitializeLog() is called are written to STDERR
I0000 00:00:1785320028.546170 3388443 cudart_stub.cc:31] Could not find cuda drivers on your machine, GPU will not be used.
WARNING: All log messages before absl::InitializeLog() is called are written to STDERR
I0000 00:00:1785320028.546199 3388446 cudart_stub.cc:31] Could not find cuda drivers on your machine, GPU will not be used.
WARNING: All log messages before absl::InitializeLog() is called are written to STDERR
I0000 00:00:1785320028.546205 3388447 cudart_stub.cc:31] Could not find cuda drivers on your machine, GPU will not be used.
WARNING: All log messages before absl::InitializeLog() is called are written to STDERR
I0000 00:00:1785320028.546198 3388448 cudart_stub.cc:31] Could not find cuda drivers on your machine, GPU will not be used.
I0000 00:00:1785320028.865985 3388443 cpu_feature_guard.cc:227] This TensorFlow binary is optimized to use available CPU instructions in performance-critical operations.
To enable the following instructions: AVX2 FMA, in other operations, rebuild TensorFlow with the appropriate compiler flags.
I0000 00:00:1785320028.866003 3388444 cpu_feature_guard.cc:227] This TensorFlow binary is optimized to use available CPU instructions in performance-critical operations.
To enable the following instructions: AVX2 FMA, in other operations, rebuild TensorFlow with the appropriate compiler flags.
I0000 00:00:1785320028.866007 3388446 cpu_feature_guard.cc:227] This TensorFlow binary is optimized to use available CPU instructions in performance-critical operations.
To enable the following instructions: AVX2 FMA, in other operations, rebuild TensorFlow with the appropriate compiler flags.
I0000 00:00:1785320028.865993 3388448 cpu_feature_guard.cc:227] This TensorFlow binary is optimized to use available CPU instructions in performance-critical operations.
To enable the following instructions: AVX2 FMA, in other operations, rebuild TensorFlow with the appropriate compiler flags.
I0000 00:00:1785320028.866001 3388450 cpu_feature_guard.cc:227] This TensorFlow binary is optimized to use available CPU instructions in performance-critical operations.
To enable the following instructions: AVX2 FMA, in other operations, rebuild TensorFlow with the appropriate compiler flags.
I0000 00:00:1785320028.866034 3388445 cpu_feature_guard.cc:227] This TensorFlow binary is optimized to use available CPU instructions in performance-critical operations.
To enable the following instructions: AVX2 FMA, in other operations, rebuild TensorFlow with the appropriate compiler flags.
I0000 00:00:1785320028.866031 3388447 cpu_feature_guard.cc:227] This TensorFlow binary is optimized to use available CPU instructions in performance-critical operations.
To enable the following instructions: AVX2 FMA, in other operations, rebuild TensorFlow with the appropriate compiler flags.
I0000 00:00:1785320028.866023 3388449 cpu_feature_guard.cc:227] This TensorFlow binary is optimized to use available CPU instructions in performance-critical operations.
To enable the following instructions: AVX2 FMA, in other operations, rebuild TensorFlow with the appropriate compiler flags.
WARNING: All log messages before absl::InitializeLog() is called are written to STDERR
I0000 00:00:1785320031.486388  925858 cudart_stub.cc:31] Could not find cuda drivers on your machine, GPU will not be used.
WARNING: All log messages before absl::InitializeLog() is called are written to STDERR
I0000 00:00:1785320031.486423  925860 cudart_stub.cc:31] Could not find cuda drivers on your machine, GPU will not be used.
WARNING: All log messages before absl::InitializeLog() is called are written to STDERR
I0000 00:00:1785320031.486379  925865 cudart_stub.cc:31] Could not find cuda drivers on your machine, GPU will not be used.
WARNING: All log messages before absl::InitializeLog() is called are written to STDERR
I0000 00:00:1785320031.486414  925859 cudart_stub.cc:31] Could not find cuda drivers on your machine, GPU will not be used.
WARNING: All log messages before absl::InitializeLog() is called are written to STDERR
I0000 00:00:1785320031.486431  925861 cudart_stub.cc:31] Could not find cuda drivers on your machine, GPU will not be used.
WARNING: All log messages before absl::InitializeLog() is called are written to STDERR
I0000 00:00:1785320031.486410  925862 cudart_stub.cc:31] Could not find cuda drivers on your machine, GPU will not be used.
WARNING: All log messages before absl::InitializeLog() is called are written to STDERR
I0000 00:00:1785320031.486413  925863 cudart_stub.cc:31] Could not find cuda drivers on your machine, GPU will not be used.
WARNING: All log messages before absl::InitializeLog() is called are written to STDERR
I0000 00:00:1785320031.486398  925864 cudart_stub.cc:31] Could not find cuda drivers on your machine, GPU will not be used.
WARNING: All log messages before absl::InitializeLog() is called are written to STDERR
I0000 00:00:1785320031.523300 3661402 cudart_stub.cc:31] Could not find cuda drivers on your machine, GPU will not be used.
WARNING: All log messages before absl::InitializeLog() is called are written to STDERR
I0000 00:00:1785320031.523289 3661403 cudart_stub.cc:31] Could not find cuda drivers on your machine, GPU will not be used.
WARNING: All log messages before absl::InitializeLog() is called are written to STDERR
I0000 00:00:1785320031.523253 3661404 cudart_stub.cc:31] Could not find cuda drivers on your machine, GPU will not be used.
WARNING: All log messages before absl::InitializeLog() is called are written to STDERR
I0000 00:00:1785320031.523268 3661405 cudart_stub.cc:31] Could not find cuda drivers on your machine, GPU will not be used.
WARNING: All log messages before absl::InitializeLog() is called are written to STDERR
I0000 00:00:1785320031.523279 3661406 cudart_stub.cc:31] Could not find cuda drivers on your machine, GPU will not be used.
WARNING: All log messages before absl::InitializeLog() is called are written to STDERR
I0000 00:00:1785320031.523265 3661408 cudart_stub.cc:31] Could not find cuda drivers on your machine, GPU will not be used.
WARNING: All log messages before absl::InitializeLog() is called are written to STDERR
I0000 00:00:1785320031.523261 3661409 cudart_stub.cc:31] Could not find cuda drivers on your machine, GPU will not be used.
WARNING: All log messages before absl::InitializeLog() is called are written to STDERR
I0000 00:00:1785320031.523292 3661407 cudart_stub.cc:31] Could not find cuda drivers on your machine, GPU will not be used.
WARNING: All log messages before absl::InitializeLog() is called are written to STDERR
I0000 00:00:1785320031.732734   42107 cudart_stub.cc:31] Could not find cuda drivers on your machine, GPU will not be used.
WARNING: All log messages before absl::InitializeLog() is called are written to STDERR
I0000 00:00:1785320031.732727   42108 cudart_stub.cc:31] Could not find cuda drivers on your machine, GPU will not be used.
WARNING: All log messages before absl::InitializeLog() is called are written to STDERR
I0000 00:00:1785320031.732698   42109 cudart_stub.cc:31] Could not find cuda drivers on your machine, GPU will not be used.
WARNING: All log messages before absl::InitializeLog() is called are written to STDERR
I0000 00:00:1785320031.732701   42110 cudart_stub.cc:31] Could not find cuda drivers on your machine, GPU will not be used.
WARNING: All log messages before absl::InitializeLog() is called are written to STDERR
I0000 00:00:1785320031.732689   42111 cudart_stub.cc:31] Could not find cuda drivers on your machine, GPU will not be used.
WARNING: All log messages before absl::InitializeLog() is called are written to STDERR
I0000 00:00:1785320031.732737   42105 cudart_stub.cc:31] Could not find cuda drivers on your machine, GPU will not be used.
WARNING: All log messages before absl::InitializeLog() is called are written to STDERR
I0000 00:00:1785320031.732710   42106 cudart_stub.cc:31] Could not find cuda drivers on your machine, GPU will not be used.
WARNING: All log messages before absl::InitializeLog() is called are written to STDERR
I0000 00:00:1785320031.732721   42112 cudart_stub.cc:31] Could not find cuda drivers on your machine, GPU will not be used.
I0000 00:00:1785320031.790970  925858 cpu_feature_guard.cc:227] This TensorFlow binary is optimized to use available CPU instructions in performance-critical operations.
To enable the following instructions: AVX2 FMA, in other operations, rebuild TensorFlow with the appropriate compiler flags.
I0000 00:00:1785320031.790992  925859 cpu_feature_guard.cc:227] This TensorFlow binary is optimized to use available CPU instructions in performance-critical operations.
To enable the following instructions: AVX2 FMA, in other operations, rebuild TensorFlow with the appropriate compiler flags.
I0000 00:00:1785320031.790989  925861 cpu_feature_guard.cc:227] This TensorFlow binary is optimized to use available CPU instructions in performance-critical operations.
To enable the following instructions: AVX2 FMA, in other operations, rebuild TensorFlow with the appropriate compiler flags.
I0000 00:00:1785320031.791001  925863 cpu_feature_guard.cc:227] This TensorFlow binary is optimized to use available CPU instructions in performance-critical operations.
To enable the following instructions: AVX2 FMA, in other operations, rebuild TensorFlow with the appropriate compiler flags.
I0000 00:00:1785320031.790974  925865 cpu_feature_guard.cc:227] This TensorFlow binary is optimized to use available CPU instructions in performance-critical operations.
To enable the following instructions: AVX2 FMA, in other operations, rebuild TensorFlow with the appropriate compiler flags.
I0000 00:00:1785320031.791009  925860 cpu_feature_guard.cc:227] This TensorFlow binary is optimized to use available CPU instructions in performance-critical operations.
To enable the following instructions: AVX2 FMA, in other operations, rebuild TensorFlow with the appropriate compiler flags.
I0000 00:00:1785320031.791016  925862 cpu_feature_guard.cc:227] This TensorFlow binary is optimized to use available CPU instructions in performance-critical operations.
To enable the following instructions: AVX2 FMA, in other operations, rebuild TensorFlow with the appropriate compiler flags.
I0000 00:00:1785320031.791003  925864 cpu_feature_guard.cc:227] This TensorFlow binary is optimized to use available CPU instructions in performance-critical operations.
To enable the following instructions: AVX2 FMA, in other operations, rebuild TensorFlow with the appropriate compiler flags.
I0000 00:00:1785320031.870647 3661402 cpu_feature_guard.cc:227] This TensorFlow binary is optimized to use available CPU instructions in performance-critical operations.
To enable the following instructions: AVX2 FMA, in other operations, rebuild TensorFlow with the appropriate compiler flags.
I0000 00:00:1785320031.870644 3661403 cpu_feature_guard.cc:227] This TensorFlow binary is optimized to use available CPU instructions in performance-critical operations.
To enable the following instructions: AVX2 FMA, in other operations, rebuild TensorFlow with the appropriate compiler flags.
I0000 00:00:1785320031.870660 3661404 cpu_feature_guard.cc:227] This TensorFlow binary is optimized to use available CPU instructions in performance-critical operations.
To enable the following instructions: AVX2 FMA, in other operations, rebuild TensorFlow with the appropriate compiler flags.
I0000 00:00:1785320031.870633 3661405 cpu_feature_guard.cc:227] This TensorFlow binary is optimized to use available CPU instructions in performance-critical operations.
To enable the following instructions: AVX2 FMA, in other operations, rebuild TensorFlow with the appropriate compiler flags.
I0000 00:00:1785320031.870655 3661406 cpu_feature_guard.cc:227] This TensorFlow binary is optimized to use available CPU instructions in performance-critical operations.
To enable the following instructions: AVX2 FMA, in other operations, rebuild TensorFlow with the appropriate compiler flags.
I0000 00:00:1785320031.870636 3661408 cpu_feature_guard.cc:227] This TensorFlow binary is optimized to use available CPU instructions in performance-critical operations.
To enable the following instructions: AVX2 FMA, in other operations, rebuild TensorFlow with the appropriate compiler flags.
I0000 00:00:1785320031.870659 3661409 cpu_feature_guard.cc:227] This TensorFlow binary is optimized to use available CPU instructions in performance-critical operations.
To enable the following instructions: AVX2 FMA, in other operations, rebuild TensorFlow with the appropriate compiler flags.
I0000 00:00:1785320031.870669 3661407 cpu_feature_guard.cc:227] This TensorFlow binary is optimized to use available CPU instructions in performance-critical operations.
To enable the following instructions: AVX2 FMA, in other operations, rebuild TensorFlow with the appropriate compiler flags.
WARNING: All log messages before absl::InitializeLog() is called are written to STDERR
I0000 00:00:1785320031.968732 3388444 cudart_stub.cc:31] Could not find cuda drivers on your machine, GPU will not be used.
WARNING: All log messages before absl::InitializeLog() is called are written to STDERR
I0000 00:00:1785320031.968744 3388447 cudart_stub.cc:31] Could not find cuda drivers on your machine, GPU will not be used.
WARNING: All log messages before absl::InitializeLog() is called are written to STDERR
I0000 00:00:1785320031.968751 3388448 cudart_stub.cc:31] Could not find cuda drivers on your machine, GPU will not be used.
WARNING: All log messages before absl::InitializeLog() is called are written to STDERR
I0000 00:00:1785320031.968723 3388449 cudart_stub.cc:31] Could not find cuda drivers on your machine, GPU will not be used.
WARNING: All log messages before absl::InitializeLog() is called are written to STDERR
I0000 00:00:1785320031.968716 3388450 cudart_stub.cc:31] Could not find cuda drivers on your machine, GPU will not be used.
WARNING: All log messages before absl::InitializeLog() is called are written to STDERR
I0000 00:00:1785320031.968774 3388443 cudart_stub.cc:31] Could not find cuda drivers on your machine, GPU will not be used.
WARNING: All log messages before absl::InitializeLog() is called are written to STDERR
I0000 00:00:1785320031.968747 3388445 cudart_stub.cc:31] Could not find cuda drivers on your machine, GPU will not be used.
WARNING: All log messages before absl::InitializeLog() is called are written to STDERR
I0000 00:00:1785320031.968731 3388446 cudart_stub.cc:31] Could not find cuda drivers on your machine, GPU will not be used.
I0000 00:00:1785320032.045591   42105 cpu_feature_guard.cc:227] This TensorFlow binary is optimized to use available CPU instructions in performance-critical operations.
To enable the following instructions: AVX2 FMA, in other operations, rebuild TensorFlow with the appropriate compiler flags.
I0000 00:00:1785320032.045599   42108 cpu_feature_guard.cc:227] This TensorFlow binary is optimized to use available CPU instructions in performance-critical operations.
To enable the following instructions: AVX2 FMA, in other operations, rebuild TensorFlow with the appropriate compiler flags.
I0000 00:00:1785320032.045599   42109 cpu_feature_guard.cc:227] This TensorFlow binary is optimized to use available CPU instructions in performance-critical operations.
To enable the following instructions: AVX2 FMA, in other operations, rebuild TensorFlow with the appropriate compiler flags.
I0000 00:00:1785320032.045575   42112 cpu_feature_guard.cc:227] This TensorFlow binary is optimized to use available CPU instructions in performance-critical operations.
To enable the following instructions: AVX2 FMA, in other operations, rebuild TensorFlow with the appropriate compiler flags.
I0000 00:00:1785320032.045616   42106 cpu_feature_guard.cc:227] This TensorFlow binary is optimized to use available CPU instructions in performance-critical operations.
To enable the following instructions: AVX2 FMA, in other operations, rebuild TensorFlow with the appropriate compiler flags.
I0000 00:00:1785320032.045622   42107 cpu_feature_guard.cc:227] This TensorFlow binary is optimized to use available CPU instructions in performance-critical operations.
To enable the following instructions: AVX2 FMA, in other operations, rebuild TensorFlow with the appropriate compiler flags.
I0000 00:00:1785320032.045610   42110 cpu_feature_guard.cc:227] This TensorFlow binary is optimized to use available CPU instructions in performance-critical operations.
To enable the following instructions: AVX2 FMA, in other operations, rebuild TensorFlow with the appropriate compiler flags.
I0000 00:00:1785320032.045626   42111 cpu_feature_guard.cc:227] This TensorFlow binary is optimized to use available CPU instructions in performance-critical operations.
To enable the following instructions: AVX2 FMA, in other operations, rebuild TensorFlow with the appropriate compiler flags.
Distributed data parallel: nccl master at 10.128.78.20:21466
WARNING: All log messages before absl::InitializeLog() is called are written to STDERR
I0000 00:00:1785320034.942341  925858 cudart_stub.cc:31] Could not find cuda drivers on your machine, GPU will not be used.
WARNING: All log messages before absl::InitializeLog() is called are written to STDERR
I0000 00:00:1785320034.942331  925859 cudart_stub.cc:31] Could not find cuda drivers on your machine, GPU will not be used.
WARNING: All log messages before absl::InitializeLog() is called are written to STDERR
I0000 00:00:1785320034.942326  925860 cudart_stub.cc:31] Could not find cuda drivers on your machine, GPU will not be used.
WARNING: All log messages before absl::InitializeLog() is called are written to STDERR
I0000 00:00:1785320034.942347  925861 cudart_stub.cc:31] Could not find cuda drivers on your machine, GPU will not be used.
WARNING: All log messages before absl::InitializeLog() is called are written to STDERR
I0000 00:00:1785320034.942329  925865 cudart_stub.cc:31] Could not find cuda drivers on your machine, GPU will not be used.
WARNING: All log messages before absl::InitializeLog() is called are written to STDERR
I0000 00:00:1785320034.942418  925862 cudart_stub.cc:31] Could not find cuda drivers on your machine, GPU will not be used.
WARNING: All log messages before absl::InitializeLog() is called are written to STDERR
I0000 00:00:1785320034.942339  925863 cudart_stub.cc:31] Could not find cuda drivers on your machine, GPU will not be used.
WARNING: All log messages before absl::InitializeLog() is called are written to STDERR
I0000 00:00:1785320034.942397  925864 cudart_stub.cc:31] Could not find cuda drivers on your machine, GPU will not be used.
[W729 06:13:54.125818597 socket.cpp:764] [c10d] The client socket cannot be initialized to connect to [frontier04992.frontier.olcf.ornl.gov]:21466 (errno: 97 - Address family not supported by protocol).
[W729 06:13:54.126019374 socket.cpp:764] [c10d] The client socket cannot be initialized to connect to [frontier04992.frontier.olcf.ornl.gov]:21466 (errno: 97 - Address family not supported by protocol).
[W729 06:13:54.126025195 socket.cpp:764] [c10d] The client socket cannot be initialized to connect to [frontier04992.frontier.olcf.ornl.gov]:21466 (errno: 97 - Address family not supported by protocol).
[W729 06:13:54.125999165 socket.cpp:764] [c10d] The client socket cannot be initialized to connect to [frontier04992.frontier.olcf.ornl.gov]:21466 (errno: 97 - Address family not supported by protocol).
[W729 06:13:54.126015757 socket.cpp:764] [c10d] The client socket cannot be initialized to connect to [frontier04992.frontier.olcf.ornl.gov]:21466 (errno: 97 - Address family not supported by protocol).
[W729 06:13:54.126223927 socket.cpp:764] [c10d] The client socket cannot be initialized to connect to [frontier04992.frontier.olcf.ornl.gov]:21466 (errno: 97 - Address family not supported by protocol).
[W729 06:13:54.126226883 socket.cpp:764] [c10d] The client socket cannot be initialized to connect to [frontier04992.frontier.olcf.ornl.gov]:21466 (errno: 97 - Address family not supported by protocol).
[W729 06:13:54.150260265 socket.cpp:764] [c10d] The client socket cannot be initialized to connect to [frontier04992.frontier.olcf.ornl.gov]:21466 (errno: 97 - Address family not supported by protocol).
WARNING: All log messages before absl::InitializeLog() is called are written to STDERR
I0000 00:00:1785320035.042812 3661402 cudart_stub.cc:31] Could not find cuda drivers on your machine, GPU will not be used.
WARNING: All log messages before absl::InitializeLog() is called are written to STDERR
I0000 00:00:1785320035.042793 3661404 cudart_stub.cc:31] Could not find cuda drivers on your machine, GPU will not be used.
WARNING: All log messages before absl::InitializeLog() is called are written to STDERR
I0000 00:00:1785320035.042783 3661406 cudart_stub.cc:31] Could not find cuda drivers on your machine, GPU will not be used.
WARNING: All log messages before absl::InitializeLog() is called are written to STDERR
I0000 00:00:1785320035.042808 3661407 cudart_stub.cc:31] Could not find cuda drivers on your machine, GPU will not be used.
WARNING: All log messages before absl::InitializeLog() is called are written to STDERR
I0000 00:00:1785320035.042765 3661408 cudart_stub.cc:31] Could not find cuda drivers on your machine, GPU will not be used.
WARNING: All log messages before absl::InitializeLog() is called are written to STDERR
I0000 00:00:1785320035.042776 3661409 cudart_stub.cc:31] Could not find cuda drivers on your machine, GPU will not be used.
WARNING: All log messages before absl::InitializeLog() is called are written to STDERR
I0000 00:00:1785320035.042866 3661403 cudart_stub.cc:31] Could not find cuda drivers on your machine, GPU will not be used.
WARNING: All log messages before absl::InitializeLog() is called are written to STDERR
I0000 00:00:1785320035.042852 3661405 cudart_stub.cc:31] Could not find cuda drivers on your machine, GPU will not be used.
WARNING: All log messages before absl::InitializeLog() is called are written to STDERR
I0000 00:00:1785320035.242237   42105 cudart_stub.cc:31] Could not find cuda drivers on your machine, GPU will not be used.
WARNING: All log messages before absl::InitializeLog() is called are written to STDERR
I0000 00:00:1785320035.242215   42107 cudart_stub.cc:31] Could not find cuda drivers on your machine, GPU will not be used.
WARNING: All log messages before absl::InitializeLog() is called are written to STDERR
I0000 00:00:1785320035.242224   42110 cudart_stub.cc:31] Could not find cuda drivers on your machine, GPU will not be used.
WARNING: All log messages before absl::InitializeLog() is called are written to STDERR
I0000 00:00:1785320035.242203   42111 cudart_stub.cc:31] Could not find cuda drivers on your machine, GPU will not be used.
WARNING: All log messages before absl::InitializeLog() is called are written to STDERR
I0000 00:00:1785320035.242240   42112 cudart_stub.cc:31] Could not find cuda drivers on your machine, GPU will not be used.
WARNING: All log messages before absl::InitializeLog() is called are written to STDERR
I0000 00:00:1785320035.242300   42106 cudart_stub.cc:31] Could not find cuda drivers on your machine, GPU will not be used.
WARNING: All log messages before absl::InitializeLog() is called are written to STDERR
I0000 00:00:1785320035.242291   42108 cudart_stub.cc:31] Could not find cuda drivers on your machine, GPU will not be used.
WARNING: All log messages before absl::InitializeLog() is called are written to STDERR
I0000 00:00:1785320035.242227   42109 cudart_stub.cc:31] Could not find cuda drivers on your machine, GPU will not be used.
INFO (rank 6): trainset,valset,testset size: 13500 750 750
INFO (rank 1): trainset,valset,testset size: 13500 750 750
INFO (rank 3): trainset,valset,testset size: 13500 750 750
INFO (rank 5): trainset,valset,testset size: 13500 750 750
INFO (rank 4): trainset,valset,testset size: 13500 750 750
INFO (rank 7): trainset,valset,testset size: 13500 750 750
INFO (rank 2): trainset,valset,testset size: 13500 750 750
[W729 06:13:57.955694746 socket.cpp:764] [c10d] The client socket cannot be initialized to connect to [frontier04992.frontier.olcf.ornl.gov]:21466 (errno: 97 - Address family not supported by protocol).
[W729 06:13:57.955686841 socket.cpp:764] [c10d] The client socket cannot be initialized to connect to [frontier04992.frontier.olcf.ornl.gov]:21466 (errno: 97 - Address family not supported by protocol).
[W729 06:13:57.955897781 socket.cpp:764] [c10d] The client socket cannot be initialized to connect to [frontier04992.frontier.olcf.ornl.gov]:21466 (errno: 97 - Address family not supported by protocol).
[W729 06:13:57.955920825 socket.cpp:764] [c10d] The client socket cannot be initialized to connect to [frontier04992.frontier.olcf.ornl.gov]:21466 (errno: 97 - Address family not supported by protocol).
[W729 06:13:57.955933249 socket.cpp:764] [c10d] The client socket cannot be initialized to connect to [frontier04992.frontier.olcf.ornl.gov]:21466 (errno: 97 - Address family not supported by protocol).
[W729 06:13:57.955953008 socket.cpp:764] [c10d] The client socket cannot be initialized to connect to [frontier04992.frontier.olcf.ornl.gov]:21466 (errno: 97 - Address family not supported by protocol).
[W729 06:13:57.955939532 socket.cpp:764] [c10d] The client socket cannot be initialized to connect to [frontier04992.frontier.olcf.ornl.gov]:21466 (errno: 97 - Address family not supported by protocol).
[W729 06:13:57.955961815 socket.cpp:764] [c10d] The client socket cannot be initialized to connect to [frontier04992.frontier.olcf.ornl.gov]:21466 (errno: 97 - Address family not supported by protocol).
INFO (rank 24): trainset,valset,testset size: 13500 750 750
INFO (rank 25): trainset,valset,testset size: 13500 750 750
INFO (rank 27): trainset,valset,testset size: 13500 750 750
INFO (rank 30): trainset,valset,testset size: 13500 750 750
INFO (rank 31): trainset,valset,testset size: 13500 750 750
INFO (rank 26): trainset,valset,testset size: 13500 750 750
INFO (rank 29): trainset,valset,testset size: 13500 750 750
INFO (rank 28): trainset,valset,testset size: 13500 750 750
[W729 06:13:58.567948389 socket.cpp:764] [c10d] The client socket cannot be initialized to connect to [frontier04992.frontier.olcf.ornl.gov]:21466 (errno: 97 - Address family not supported by protocol).
[W729 06:13:58.567963247 socket.cpp:764] [c10d] The client socket cannot be initialized to connect to [frontier04992.frontier.olcf.ornl.gov]:21466 (errno: 97 - Address family not supported by protocol).
[W729 06:13:58.570332215 socket.cpp:764] [c10d] The client socket cannot be initialized to connect to [frontier04992.frontier.olcf.ornl.gov]:21466 (errno: 97 - Address family not supported by protocol).
[W729 06:13:58.572280432 socket.cpp:764] [c10d] The client socket cannot be initialized to connect to [frontier04992.frontier.olcf.ornl.gov]:21466 (errno: 97 - Address family not supported by protocol).
[W729 06:13:58.573135478 socket.cpp:764] [c10d] The client socket cannot be initialized to connect to [frontier04992.frontier.olcf.ornl.gov]:21466 (errno: 97 - Address family not supported by protocol).
[W729 06:13:58.573655638 socket.cpp:764] [c10d] The client socket cannot be initialized to connect to [frontier04992.frontier.olcf.ornl.gov]:21466 (errno: 97 - Address family not supported by protocol).
[W729 06:13:58.574011675 socket.cpp:764] [c10d] The client socket cannot be initialized to connect to [frontier04992.frontier.olcf.ornl.gov]:21466 (errno: 97 - Address family not supported by protocol).
[W729 06:13:58.574076439 socket.cpp:764] [c10d] The client socket cannot be initialized to connect to [frontier04992.frontier.olcf.ornl.gov]:21466 (errno: 97 - Address family not supported by protocol).
INFO (rank 19): trainset,valset,testset size: 13500 750 750
INFO (rank 20): trainset,valset,testset size: 13500 750 750
INFO (rank 21): trainset,valset,testset size: 13500 750 750
INFO (rank 23): trainset,valset,testset size: 13500 750 750
INFO (rank 18): trainset,valset,testset size: 13500 750 750
INFO (rank 17): trainset,valset,testset size: 13500 750 750
INFO (rank 22): trainset,valset,testset size: 13500 750 750
INFO (rank 16): trainset,valset,testset size: 13500 750 750
[W729 06:13:58.066968377 socket.cpp:764] [c10d] The client socket cannot be initialized to connect to [frontier04992.frontier.olcf.ornl.gov]:21466 (errno: 97 - Address family not supported by protocol).
[W729 06:13:58.066956805 socket.cpp:764] [c10d] The client socket cannot be initialized to connect to [frontier04992.frontier.olcf.ornl.gov]:21466 (errno: 97 - Address family not supported by protocol).
[W729 06:13:58.066975812 socket.cpp:764] [c10d] The client socket cannot be initialized to connect to [frontier04992.frontier.olcf.ornl.gov]:21466 (errno: 97 - Address family not supported by protocol).
[W729 06:13:58.067220504 socket.cpp:764] [c10d] The client socket cannot be initialized to connect to [frontier04992.frontier.olcf.ornl.gov]:21466 (errno: 97 - Address family not supported by protocol).
[W729 06:13:58.070289475 socket.cpp:764] [c10d] The client socket cannot be initialized to connect to [frontier04992.frontier.olcf.ornl.gov]:21466 (errno: 97 - Address family not supported by protocol).
[W729 06:13:58.071665190 socket.cpp:764] [c10d] The client socket cannot be initialized to connect to [frontier04992.frontier.olcf.ornl.gov]:21466 (errno: 97 - Address family not supported by protocol).
[W729 06:13:58.072814116 socket.cpp:764] [c10d] The client socket cannot be initialized to connect to [frontier04992.frontier.olcf.ornl.gov]:21466 (errno: 97 - Address family not supported by protocol).
[W729 06:13:58.074181324 socket.cpp:764] [c10d] The client socket cannot be initialized to connect to [frontier04992.frontier.olcf.ornl.gov]:21466 (errno: 97 - Address family not supported by protocol).
INFO (rank 0): HDF5 training mode: skipping OPF case discovery/download/split preparation.
INFO (rank 0): trainset,valset,testset size: 13500 750 750
INFO (rank 9): trainset,valset,testset size: 13500 750 750
INFO (rank 11): trainset,valset,testset size: 13500 750 750
INFO (rank 12): trainset,valset,testset size: 13500 750 750
INFO (rank 14): trainset,valset,testset size: 13500 750 750
INFO (rank 10): trainset,valset,testset size: 13500 750 750
INFO (rank 8): trainset,valset,testset size: 13500 750 750
INFO (rank 15): trainset,valset,testset size: 13500 750 750
INFO (rank 13): trainset,valset,testset size: 13500 750 750
0: Using GPU
Using FSDP: False Version: 1 Sharding: ShardingStrategy.FULL_SHARD
Using FSDP: False Version: 1 Sharding: ShardingStrategy.FULL_SHARD
Using FSDP: False Version: 1 Sharding: ShardingStrategy.FULL_SHARD
Using FSDP: False Version: 1 Sharding: ShardingStrategy.FULL_SHARD
Using FSDP: False Version: 1 Sharding: ShardingStrategy.FULL_SHARD
Using FSDP: False Version: 1 Sharding: ShardingStrategy.FULL_SHARD
Using FSDP: False Version: 1 Sharding: ShardingStrategy.FULL_SHARD
Using FSDP: False Version: 1 Sharding: ShardingStrategy.FULL_SHARD
Using FSDP: False Version: 1 Sharding: ShardingStrategy.FULL_SHARD
Using FSDP: False Version: 1 Sharding: ShardingStrategy.FULL_SHARD
Using FSDP: False Version: 1 Sharding: ShardingStrategy.FULL_SHARD
Using FSDP: False Version: 1 Sharding: ShardingStrategy.FULL_SHARD
Using FSDP: False Version: 1 Sharding: ShardingStrategy.FULL_SHARD
Using FSDP: False Version: 1 Sharding: ShardingStrategy.FULL_SHARD
Using FSDP: False Version: 1 Sharding: ShardingStrategy.FULL_SHARD
Using FSDP: False Version: 1 Sharding: ShardingStrategy.FULL_SHARD
Using FSDP: False Version: 1 Sharding: ShardingStrategy.FULL_SHARD
Using FSDP: False Version: 1 Sharding: ShardingStrategy.FULL_SHARD
Using FSDP: False Version: 1 Sharding: ShardingStrategy.FULL_SHARD
Using FSDP: False Version: 1 Sharding: ShardingStrategy.FULL_SHARD
Using FSDP: False Version: 1 Sharding: ShardingStrategy.FULL_SHARD
Using FSDP: False Version: 1 Sharding: ShardingStrategy.FULL_SHARD
Using FSDP: False Version: 1 Sharding: ShardingStrategy.FULL_SHARD
Using FSDP: False Version: 1 Sharding: ShardingStrategy.FULL_SHARD
Using FSDP: False Version: 1 Sharding: ShardingStrategy.FULL_SHARD
Using FSDP: False Version: 1 Sharding: ShardingStrategy.FULL_SHARD
Using FSDP: False Version: 1 Sharding: ShardingStrategy.FULL_SHARD
Using FSDP: False Version: 1 Sharding: ShardingStrategy.FULL_SHARD
Using FSDP: False Version: 1 Sharding: ShardingStrategy.FULL_SHARD
Using FSDP: False Version: 1 Sharding: ShardingStrategy.FULL_SHARD
Using FSDP: False Version: 1 Sharding: ShardingStrategy.FULL_SHARD
0: CPUs, NVIDIA, and AMD GPUs do not need optimize wrapper
0: Using GPU
Using FSDP: False Version: 1 Sharding: ShardingStrategy.FULL_SHARD
[diag][rank 0][3067668.845] Entering print_model
0:       module.graph_convs.0.kqv_lin.lins.bus.weight	           [192, 64]	     12288
0:         module.graph_convs.0.kqv_lin.lins.bus.bias	               [192]	       192
0: module.graph_convs.0.kqv_lin.lins.generator.weight	           [192, 64]	     12288
0:   module.graph_convs.0.kqv_lin.lins.generator.bias	               [192]	       192
0:      module.graph_convs.0.kqv_lin.lins.load.weight	           [192, 64]	     12288
0:        module.graph_convs.0.kqv_lin.lins.load.bias	               [192]	       192
0:     module.graph_convs.0.kqv_lin.lins.shunt.weight	           [192, 64]	     12288
0:       module.graph_convs.0.kqv_lin.lins.shunt.bias	               [192]	       192
0:       module.graph_convs.0.out_lin.lins.bus.weight	            [64, 64]	      4096
0:         module.graph_convs.0.out_lin.lins.bus.bias	                [64]	        64
0: module.graph_convs.0.out_lin.lins.generator.weight	            [64, 64]	      4096
0:   module.graph_convs.0.out_lin.lins.generator.bias	                [64]	        64
0:      module.graph_convs.0.out_lin.lins.load.weight	            [64, 64]	      4096
0:        module.graph_convs.0.out_lin.lins.load.bias	                [64]	        64
0:     module.graph_convs.0.out_lin.lins.shunt.weight	            [64, 64]	      4096
0:       module.graph_convs.0.out_lin.lins.shunt.bias	                [64]	        64
0:                  module.graph_convs.0.k_rel.weight	         [8, 64, 64]	     32768
0:                  module.graph_convs.0.v_rel.weight	         [8, 64, 64]	     32768
0:                      module.graph_convs.0.skip.bus	                 [1]	         1
0:                module.graph_convs.0.skip.generator	                 [1]	         1
0:                     module.graph_convs.0.skip.load	                 [1]	         1
0:                    module.graph_convs.0.skip.shunt	                 [1]	         1
0:       module.graph_convs.0.p_rel.bus__ac_line__bus	              [1, 1]	         1
0:   module.graph_convs.0.p_rel.bus__transformer__bus	              [1, 1]	         1
0: module.graph_convs.0.p_rel.generator__generator_link__bus	              [1, 1]	         1
0: module.graph_convs.0.p_rel.bus__generator_link__generator	              [1, 1]	         1
0:    module.graph_convs.0.p_rel.load__load_link__bus	              [1, 1]	         1
0:    module.graph_convs.0.p_rel.bus__load_link__load	              [1, 1]	         1
0:  module.graph_convs.0.p_rel.shunt__shunt_link__bus	              [1, 1]	         1
0:  module.graph_convs.0.p_rel.bus__shunt_link__shunt	              [1, 1]	         1
0:       module.graph_convs.1.kqv_lin.lins.bus.weight	           [192, 64]	     12288
0:         module.graph_convs.1.kqv_lin.lins.bus.bias	               [192]	       192
0: module.graph_convs.1.kqv_lin.lins.generator.weight	           [192, 64]	     12288
0:   module.graph_convs.1.kqv_lin.lins.generator.bias	               [192]	       192
0:      module.graph_convs.1.kqv_lin.lins.load.weight	           [192, 64]	     12288
0:        module.graph_convs.1.kqv_lin.lins.load.bias	               [192]	       192
0:     module.graph_convs.1.kqv_lin.lins.shunt.weight	           [192, 64]	     12288
0:       module.graph_convs.1.kqv_lin.lins.shunt.bias	               [192]	       192
0:       module.graph_convs.1.out_lin.lins.bus.weight	            [64, 64]	      4096
0:         module.graph_convs.1.out_lin.lins.bus.bias	                [64]	        64
0: module.graph_convs.1.out_lin.lins.generator.weight	            [64, 64]	      4096
0:   module.graph_convs.1.out_lin.lins.generator.bias	                [64]	        64
0:      module.graph_convs.1.out_lin.lins.load.weight	            [64, 64]	      4096
0:        module.graph_convs.1.out_lin.lins.load.bias	                [64]	        64
0:     module.graph_convs.1.out_lin.lins.shunt.weight	            [64, 64]	      4096
0:       module.graph_convs.1.out_lin.lins.shunt.bias	                [64]	        64
0:                  module.graph_convs.1.k_rel.weight	         [8, 64, 64]	     32768
0:                  module.graph_convs.1.v_rel.weight	         [8, 64, 64]	     32768
0:                      module.graph_convs.1.skip.bus	                 [1]	         1
0:                module.graph_convs.1.skip.generator	                 [1]	         1
0:                     module.graph_convs.1.skip.load	                 [1]	         1
0:                    module.graph_convs.1.skip.shunt	                 [1]	         1
0:       module.graph_convs.1.p_rel.bus__ac_line__bus	              [1, 1]	         1
0:   module.graph_convs.1.p_rel.bus__transformer__bus	              [1, 1]	         1
0: module.graph_convs.1.p_rel.generator__generator_link__bus	              [1, 1]	         1
0: module.graph_convs.1.p_rel.bus__generator_link__generator	              [1, 1]	         1
0:    module.graph_convs.1.p_rel.load__load_link__bus	              [1, 1]	         1
0:    module.graph_convs.1.p_rel.bus__load_link__load	              [1, 1]	         1
0:  module.graph_convs.1.p_rel.shunt__shunt_link__bus	              [1, 1]	         1
0:  module.graph_convs.1.p_rel.bus__shunt_link__shunt	              [1, 1]	         1
0:       module.graph_convs.2.kqv_lin.lins.bus.weight	           [192, 64]	     12288
0:         module.graph_convs.2.kqv_lin.lins.bus.bias	               [192]	       192
0: module.graph_convs.2.kqv_lin.lins.generator.weight	           [192, 64]	     12288
0:   module.graph_convs.2.kqv_lin.lins.generator.bias	               [192]	       192
0:      module.graph_convs.2.kqv_lin.lins.load.weight	           [192, 64]	     12288
0:        module.graph_convs.2.kqv_lin.lins.load.bias	               [192]	       192
0:     module.graph_convs.2.kqv_lin.lins.shunt.weight	           [192, 64]	     12288
0:       module.graph_convs.2.kqv_lin.lins.shunt.bias	               [192]	       192
0:       module.graph_convs.2.out_lin.lins.bus.weight	            [64, 64]	      4096
0:         module.graph_convs.2.out_lin.lins.bus.bias	                [64]	        64
0: module.graph_convs.2.out_lin.lins.generator.weight	            [64, 64]	      4096
0:   module.graph_convs.2.out_lin.lins.generator.bias	                [64]	        64
0:      module.graph_convs.2.out_lin.lins.load.weight	            [64, 64]	      4096
0:        module.graph_convs.2.out_lin.lins.load.bias	                [64]	        64
0:     module.graph_convs.2.out_lin.lins.shunt.weight	            [64, 64]	      4096
0:       module.graph_convs.2.out_lin.lins.shunt.bias	                [64]	        64
0:                  module.graph_convs.2.k_rel.weight	         [8, 64, 64]	     32768
0:                  module.graph_convs.2.v_rel.weight	         [8, 64, 64]	     32768
0:                      module.graph_convs.2.skip.bus	                 [1]	         1
0:                module.graph_convs.2.skip.generator	                 [1]	         1
0:                     module.graph_convs.2.skip.load	                 [1]	         1
0:                    module.graph_convs.2.skip.shunt	                 [1]	         1
0:       module.graph_convs.2.p_rel.bus__ac_line__bus	              [1, 1]	         1
0:   module.graph_convs.2.p_rel.bus__transformer__bus	              [1, 1]	         1
0: module.graph_convs.2.p_rel.generator__generator_link__bus	              [1, 1]	         1
0: module.graph_convs.2.p_rel.bus__generator_link__generator	              [1, 1]	         1
0:    module.graph_convs.2.p_rel.load__load_link__bus	              [1, 1]	         1
0:    module.graph_convs.2.p_rel.bus__load_link__load	              [1, 1]	         1
0:  module.graph_convs.2.p_rel.shunt__shunt_link__bus	              [1, 1]	         1
0:  module.graph_convs.2.p_rel.bus__shunt_link__shunt	              [1, 1]	         1
0:       module.graph_convs.3.kqv_lin.lins.bus.weight	           [192, 64]	     12288
0:         module.graph_convs.3.kqv_lin.lins.bus.bias	               [192]	       192
0: module.graph_convs.3.kqv_lin.lins.generator.weight	           [192, 64]	     12288
0:   module.graph_convs.3.kqv_lin.lins.generator.bias	               [192]	       192
0:      module.graph_convs.3.kqv_lin.lins.load.weight	           [192, 64]	     12288
0:        module.graph_convs.3.kqv_lin.lins.load.bias	               [192]	       192
0:     module.graph_convs.3.kqv_lin.lins.shunt.weight	           [192, 64]	     12288
0:       module.graph_convs.3.kqv_lin.lins.shunt.bias	               [192]	       192
0:       module.graph_convs.3.out_lin.lins.bus.weight	            [64, 64]	      4096
0:         module.graph_convs.3.out_lin.lins.bus.bias	                [64]	        64
0: module.graph_convs.3.out_lin.lins.generator.weight	            [64, 64]	      4096
0:   module.graph_convs.3.out_lin.lins.generator.bias	                [64]	        64
0:      module.graph_convs.3.out_lin.lins.load.weight	            [64, 64]	      4096
0:        module.graph_convs.3.out_lin.lins.load.bias	                [64]	        64
0:     module.graph_convs.3.out_lin.lins.shunt.weight	            [64, 64]	      4096
0:       module.graph_convs.3.out_lin.lins.shunt.bias	                [64]	        64
0:                  module.graph_convs.3.k_rel.weight	         [8, 64, 64]	     32768
0:                  module.graph_convs.3.v_rel.weight	         [8, 64, 64]	     32768
0:                      module.graph_convs.3.skip.bus	                 [1]	         1
0:                module.graph_convs.3.skip.generator	                 [1]	         1
0:                     module.graph_convs.3.skip.load	                 [1]	         1
0:                    module.graph_convs.3.skip.shunt	                 [1]	         1
0:       module.graph_convs.3.p_rel.bus__ac_line__bus	              [1, 1]	         1
0:   module.graph_convs.3.p_rel.bus__transformer__bus	              [1, 1]	         1
0: module.graph_convs.3.p_rel.generator__generator_link__bus	              [1, 1]	         1
0: module.graph_convs.3.p_rel.bus__generator_link__generator	              [1, 1]	         1
0:    module.graph_convs.3.p_rel.load__load_link__bus	              [1, 1]	         1
0:    module.graph_convs.3.p_rel.bus__load_link__load	              [1, 1]	         1
0:  module.graph_convs.3.p_rel.shunt__shunt_link__bus	              [1, 1]	         1
0:  module.graph_convs.3.p_rel.bus__shunt_link__shunt	              [1, 1]	         1
0:          module.feature_layers.0.bus.module.weight	                [64]	        64
0:            module.feature_layers.0.bus.module.bias	                [64]	        64
0:    module.feature_layers.0.bus.module.running_mean	                [64]	        64
0:     module.feature_layers.0.bus.module.running_var	                [64]	        64
0: module.feature_layers.0.bus.module.num_batches_tracked	                  []	         1
0:    module.feature_layers.0.generator.module.weight	                [64]	        64
0:      module.feature_layers.0.generator.module.bias	                [64]	        64
0: module.feature_layers.0.generator.module.running_mean	                [64]	        64
0: module.feature_layers.0.generator.module.running_var	                [64]	        64
0: module.feature_layers.0.generator.module.num_batches_tracked	                  []	         1
0:         module.feature_layers.0.load.module.weight	                [64]	        64
0:           module.feature_layers.0.load.module.bias	                [64]	        64
0:   module.feature_layers.0.load.module.running_mean	                [64]	        64
0:    module.feature_layers.0.load.module.running_var	                [64]	        64
0: module.feature_layers.0.load.module.num_batches_tracked	                  []	         1
0:        module.feature_layers.0.shunt.module.weight	                [64]	        64
0:          module.feature_layers.0.shunt.module.bias	                [64]	        64
0:  module.feature_layers.0.shunt.module.running_mean	                [64]	        64
0:   module.feature_layers.0.shunt.module.running_var	                [64]	        64
0: module.feature_layers.0.shunt.module.num_batches_tracked	                  []	         1
0:          module.feature_layers.1.bus.module.weight	                [64]	        64
0:            module.feature_layers.1.bus.module.bias	                [64]	        64
0:    module.feature_layers.1.bus.module.running_mean	                [64]	        64
0:     module.feature_layers.1.bus.module.running_var	                [64]	        64
0: module.feature_layers.1.bus.module.num_batches_tracked	                  []	         1
0:    module.feature_layers.1.generator.module.weight	                [64]	        64
0:      module.feature_layers.1.generator.module.bias	                [64]	        64
0: module.feature_layers.1.generator.module.running_mean	                [64]	        64
0: module.feature_layers.1.generator.module.running_var	                [64]	        64
0: module.feature_layers.1.generator.module.num_batches_tracked	                  []	         1
0:         module.feature_layers.1.load.module.weight	                [64]	        64
0:           module.feature_layers.1.load.module.bias	                [64]	        64
0:   module.feature_layers.1.load.module.running_mean	                [64]	        64
0:    module.feature_layers.1.load.module.running_var	                [64]	        64
0: module.feature_layers.1.load.module.num_batches_tracked	                  []	         1
0:        module.feature_layers.1.shunt.module.weight	                [64]	        64
0:          module.feature_layers.1.shunt.module.bias	                [64]	        64
0:  module.feature_layers.1.shunt.module.running_mean	                [64]	        64
0:   module.feature_layers.1.shunt.module.running_var	                [64]	        64
0: module.feature_layers.1.shunt.module.num_batches_tracked	                  []	         1
0:          module.feature_layers.2.bus.module.weight	                [64]	        64
0:            module.feature_layers.2.bus.module.bias	                [64]	        64
0:    module.feature_layers.2.bus.module.running_mean	                [64]	        64
0:     module.feature_layers.2.bus.module.running_var	                [64]	        64
0: module.feature_layers.2.bus.module.num_batches_tracked	                  []	         1
0:    module.feature_layers.2.generator.module.weight	                [64]	        64
0:      module.feature_layers.2.generator.module.bias	                [64]	        64
0: module.feature_layers.2.generator.module.running_mean	                [64]	        64
0: module.feature_layers.2.generator.module.running_var	                [64]	        64
0: module.feature_layers.2.generator.module.num_batches_tracked	                  []	         1
0:         module.feature_layers.2.load.module.weight	                [64]	        64
0:           module.feature_layers.2.load.module.bias	                [64]	        64
0:   module.feature_layers.2.load.module.running_mean	                [64]	        64
0:    module.feature_layers.2.load.module.running_var	                [64]	        64
0: module.feature_layers.2.load.module.num_batches_tracked	                  []	         1
0:        module.feature_layers.2.shunt.module.weight	                [64]	        64
0:          module.feature_layers.2.shunt.module.bias	                [64]	        64
0:  module.feature_layers.2.shunt.module.running_mean	                [64]	        64
0:   module.feature_layers.2.shunt.module.running_var	                [64]	        64
0: module.feature_layers.2.shunt.module.num_batches_tracked	                  []	         1
0:          module.feature_layers.3.bus.module.weight	                [64]	        64
0:            module.feature_layers.3.bus.module.bias	                [64]	        64
0:    module.feature_layers.3.bus.module.running_mean	                [64]	        64
0:     module.feature_layers.3.bus.module.running_var	                [64]	        64
0: module.feature_layers.3.bus.module.num_batches_tracked	                  []	         1
0:    module.feature_layers.3.generator.module.weight	                [64]	        64
0:      module.feature_layers.3.generator.module.bias	                [64]	        64
0: module.feature_layers.3.generator.module.running_mean	                [64]	        64
0: module.feature_layers.3.generator.module.running_var	                [64]	        64
0: module.feature_layers.3.generator.module.num_batches_tracked	                  []	         1
0:         module.feature_layers.3.load.module.weight	                [64]	        64
0:           module.feature_layers.3.load.module.bias	                [64]	        64
0:   module.feature_layers.3.load.module.running_mean	                [64]	        64
0:    module.feature_layers.3.load.module.running_var	                [64]	        64
0: module.feature_layers.3.load.module.num_batches_tracked	                  []	         1
0:        module.feature_layers.3.shunt.module.weight	                [64]	        64
0:          module.feature_layers.3.shunt.module.bias	                [64]	        64
0:  module.feature_layers.3.shunt.module.running_mean	                [64]	        64
0:   module.feature_layers.3.shunt.module.running_var	                [64]	        64
0: module.feature_layers.3.shunt.module.num_batches_tracked	                  []	         1
0:                   module.node_embedders.bus.weight	             [64, 4]	       256
0:                     module.node_embedders.bus.bias	                [64]	        64
0:             module.node_embedders.generator.weight	            [64, 11]	       704
0:               module.node_embedders.generator.bias	                [64]	        64
0:                  module.node_embedders.load.weight	             [64, 2]	       128
0:                    module.node_embedders.load.bias	                [64]	        64
0:                 module.node_embedders.shunt.weight	             [64, 2]	       128
0:                   module.node_embedders.shunt.bias	                [64]	        64
0:          module.heads_NN.0.branch-0.mlp.0.0.weight	            [32, 64]	      2048
0:            module.heads_NN.0.branch-0.mlp.0.0.bias	                [32]	        32
0:          module.heads_NN.0.branch-0.mlp.0.2.weight	            [16, 32]	       512
0:            module.heads_NN.0.branch-0.mlp.0.2.bias	                [16]	        16
0:          module.heads_NN.0.branch-0.mlp.0.4.weight	             [2, 16]	        32
0:            module.heads_NN.0.branch-0.mlp.0.4.bias	                 [2]	         2
0: --------------------------------------------------
0:                                              Total	                    	    536658
0: All (total, MB): 536658 2.04725
[diag][rank 0][3067668.856] Exited print_model
[diag][rank 0][3067668.856] Entering load_existing_model_config
[diag][rank 0][3067668.856] Exited load_existing_model_config
[diag][rank 0][3067668.856] Entering train_validate_test
[precision-diagnostic] requested=fp32 model_param_dtype=torch.float32
[precision-diagnostic] first_batch_float_dtype=torch.float32
[precision-diagnostic] first_optimizer_state_float_dtype=torch.float32
0: Max memory allocated after optimizer step: 2.382403072 GB 2.761949184 GB
0: Max memory allocated after optimizer step: 2.465793536 GB 2.76824064 GB
0: Max memory allocated after optimizer step: 2.465793536 GB 2.76824064 GB
0: Max memory allocated after optimizer step: 2.465793536 GB 2.76824064 GB
0: Max memory allocated after optimizer step: 2.465793536 GB 2.76824064 GB
0: Max memory allocated after optimizer step: 2.465793536 GB 2.76824064 GB
0: Max memory allocated after optimizer step: 2.465793536 GB 2.76824064 GB
0: Max memory allocated after optimizer step: 2.465793536 GB 2.76824064 GB
0: Max memory allocated after optimizer step: 2.465793536 GB 2.76824064 GB
0: Max memory allocated after optimizer step: 2.465793536 GB 2.76824064 GB
0: Max memory allocated after optimizer step: 2.465793536 GB 2.76824064 GB
0: Max memory allocated after optimizer step: 2.465793536 GB 2.76824064 GB
0: Max memory allocated after optimizer step: 2.465793536 GB 2.76824064 GB
0: Max memory allocated after optimizer step: 2.465793536 GB 2.76824064 GB
0: Epoch: 00, Train Loss: 0.63568050, Val Loss: 0.70965028, Test Loss: 0.70988899
0: Tasks Train Loss: [0.6356804966926575]
0: Tasks Val Loss: [0.7096502780914307]
0: Tasks Test Loss: [0.7098889946937561]
/lustre/orion/lrn070/proj-shared/ndelingat/HydraGNN/installation_DOE_supercomputers/HydraGNN-Installation-Frontier/hydragnn_venv/lib/python3.11/site-packages/torch/distributed/c10d_logger.py:83: UserWarning: barrier(): using the device under current context. You can specify `device_id` in `init_process_group` to mute this warning.
  return func(*args, **kwargs)
0: Creating Checkpoint: 0.709650
0: Best Performance Metric: 0.709650
[precision-diagnostic] requested=fp32 model_param_dtype=torch.float32
[precision-diagnostic] first_batch_float_dtype=torch.float32
[precision-diagnostic] first_optimizer_state_float_dtype=torch.float32
0: Max memory allocated after optimizer step: 2.465793536 GB 2.76824064 GB
0: Max memory allocated after optimizer step: 2.465796608 GB 2.76824064 GB
0: Max memory allocated after optimizer step: 2.465796608 GB 2.76824064 GB
0: Max memory allocated after optimizer step: 2.465796608 GB 2.76824064 GB
0: Max memory allocated after optimizer step: 2.465796608 GB 2.76824064 GB
0: Max memory allocated after optimizer step: 2.465796608 GB 2.76824064 GB
0: Max memory allocated after optimizer step: 2.465796608 GB 2.76824064 GB
0: Max memory allocated after optimizer step: 2.465796608 GB 2.76824064 GB
0: Max memory allocated after optimizer step: 2.465796608 GB 2.76824064 GB
0: Max memory allocated after optimizer step: 2.465796608 GB 2.76824064 GB
0: Max memory allocated after optimizer step: 2.465796608 GB 2.76824064 GB
0: Max memory allocated after optimizer step: 2.465796608 GB 2.76824064 GB
0: Max memory allocated after optimizer step: 2.465796608 GB 2.76824064 GB
0: Max memory allocated after optimizer step: 2.465796608 GB 2.76824064 GB
0: Epoch: 01, Train Loss: 0.35161680, Val Loss: 0.61803061, Test Loss: 0.61821449
0: Tasks Train Loss: [0.3516167998313904]
0: Tasks Val Loss: [0.6180306077003479]
0: Tasks Test Loss: [0.61821448802948]
0: Creating Checkpoint: 0.618031
0: Best Performance Metric: 0.618031
[precision-diagnostic] requested=fp32 model_param_dtype=torch.float32
[precision-diagnostic] first_batch_float_dtype=torch.float32
[precision-diagnostic] first_optimizer_state_float_dtype=torch.float32
0: Max memory allocated after optimizer step: 2.465796608 GB 2.76824064 GB
0: Max memory allocated after optimizer step: 2.465796608 GB 2.76824064 GB
0: Max memory allocated after optimizer step: 2.465796608 GB 2.76824064 GB
0: Max memory allocated after optimizer step: 2.465796608 GB 2.76824064 GB
0: Max memory allocated after optimizer step: 2.465796608 GB 2.76824064 GB
0: Max memory allocated after optimizer step: 2.465796608 GB 2.76824064 GB
0: Max memory allocated after optimizer step: 2.465796608 GB 2.76824064 GB
0: Max memory allocated after optimizer step: 2.465796608 GB 2.76824064 GB
0: Max memory allocated after optimizer step: 2.465796608 GB 2.76824064 GB
0: Max memory allocated after optimizer step: 2.465796608 GB 2.76824064 GB
0: Max memory allocated after optimizer step: 2.465796608 GB 2.76824064 GB
0: Max memory allocated after optimizer step: 2.465796608 GB 2.76824064 GB
0: Max memory allocated after optimizer step: 2.465796608 GB 2.76824064 GB
0: Max memory allocated after optimizer step: 2.465796608 GB 2.76824064 GB
0: Epoch: 02, Train Loss: 0.07762552, Val Loss: 0.27648765, Test Loss: 0.27666947
0: Tasks Train Loss: [0.07762552052736282]
0: Tasks Val Loss: [0.27648764848709106]
0: Tasks Test Loss: [0.2766694724559784]
0: Creating Checkpoint: 0.276488
0: Best Performance Metric: 0.276488
[precision-diagnostic] requested=fp32 model_param_dtype=torch.float32
[precision-diagnostic] first_batch_float_dtype=torch.float32
[precision-diagnostic] first_optimizer_state_float_dtype=torch.float32
0: Max memory allocated after optimizer step: 2.465796608 GB 2.76824064 GB
0: Max memory allocated after optimizer step: 2.465796608 GB 2.76824064 GB
0: Max memory allocated after optimizer step: 2.465796608 GB 2.76824064 GB
0: Max memory allocated after optimizer step: 2.465796608 GB 2.76824064 GB
0: Max memory allocated after optimizer step: 2.465796608 GB 2.76824064 GB
0: Max memory allocated after optimizer step: 2.465796608 GB 2.76824064 GB
0: Max memory allocated after optimizer step: 2.465796608 GB 2.76824064 GB
0: Max memory allocated after optimizer step: 2.465796608 GB 2.76824064 GB
0: Max memory allocated after optimizer step: 2.465796608 GB 2.76824064 GB
0: Max memory allocated after optimizer step: 2.465796608 GB 2.76824064 GB
0: Max memory allocated after optimizer step: 2.465796608 GB 2.76824064 GB
0: Max memory allocated after optimizer step: 2.465796608 GB 2.76824064 GB
0: Max memory allocated after optimizer step: 2.465796608 GB 2.76824064 GB
0: Max memory allocated after optimizer step: 2.465796608 GB 2.76824064 GB
0: Epoch: 03, Train Loss: 0.02142154, Val Loss: 0.11625927, Test Loss: 0.11632960
0: Tasks Train Loss: [0.021421540528535843]
0: Tasks Val Loss: [0.11625926941633224]
0: Tasks Test Loss: [0.1163296028971672]
0: Creating Checkpoint: 0.116259
0: Best Performance Metric: 0.116259
[precision-diagnostic] requested=fp32 model_param_dtype=torch.float32
[precision-diagnostic] first_batch_float_dtype=torch.float32
[precision-diagnostic] first_optimizer_state_float_dtype=torch.float32
0: Max memory allocated after optimizer step: 2.465796608 GB 2.76824064 GB
0: Max memory allocated after optimizer step: 2.465796608 GB 2.76824064 GB
0: Max memory allocated after optimizer step: 2.465796608 GB 2.76824064 GB
0: Max memory allocated after optimizer step: 2.465796608 GB 2.76824064 GB
0: Max memory allocated after optimizer step: 2.465796608 GB 2.76824064 GB
0: Max memory allocated after optimizer step: 2.465796608 GB 2.76824064 GB
0: Max memory allocated after optimizer step: 2.465796608 GB 2.76824064 GB
0: Max memory allocated after optimizer step: 2.465796608 GB 2.76824064 GB
0: Max memory allocated after optimizer step: 2.465796608 GB 2.76824064 GB
0: Max memory allocated after optimizer step: 2.465796608 GB 2.76824064 GB
0: Max memory allocated after optimizer step: 2.465796608 GB 2.76824064 GB
0: Max memory allocated after optimizer step: 2.465796608 GB 2.76824064 GB
0: Max memory allocated after optimizer step: 2.465796608 GB 2.76824064 GB
0: Max memory allocated after optimizer step: 2.465796608 GB 2.76824064 GB
0: Epoch: 04, Train Loss: 0.01439179, Val Loss: 0.02449710, Test Loss: 0.02452539
0: Tasks Train Loss: [0.01439178828150034]
0: Tasks Val Loss: [0.024497095495462418]
0: Tasks Test Loss: [0.024525389075279236]
0: Creating Checkpoint: 0.024497
0: Best Performance Metric: 0.024497
[precision-diagnostic] requested=fp32 model_param_dtype=torch.float32
[precision-diagnostic] first_batch_float_dtype=torch.float32
[precision-diagnostic] first_optimizer_state_float_dtype=torch.float32
0: Max memory allocated after optimizer step: 2.465796608 GB 2.76824064 GB
0: Max memory allocated after optimizer step: 2.465796608 GB 2.76824064 GB
0: Max memory allocated after optimizer step: 2.465796608 GB 2.76824064 GB
0: Max memory allocated after optimizer step: 2.465796608 GB 2.76824064 GB
0: Max memory allocated after optimizer step: 2.465796608 GB 2.76824064 GB
0: Max memory allocated after optimizer step: 2.465796608 GB 2.76824064 GB
0: Max memory allocated after optimizer step: 2.465796608 GB 2.76824064 GB
0: Max memory allocated after optimizer step: 2.465796608 GB 2.76824064 GB
0: Max memory allocated after optimizer step: 2.465796608 GB 2.76824064 GB
0: Max memory allocated after optimizer step: 2.465796608 GB 2.76824064 GB
0: Max memory allocated after optimizer step: 2.465796608 GB 2.76824064 GB
0: Max memory allocated after optimizer step: 2.465796608 GB 2.76824064 GB
0: Max memory allocated after optimizer step: 2.465796608 GB 2.76824064 GB
0: Max memory allocated after optimizer step: 2.465796608 GB 2.76824064 GB
0: Epoch: 05, Train Loss: 0.01259967, Val Loss: 0.01404783, Test Loss: 0.01407588
0: Tasks Train Loss: [0.012599674984812737]
0: Tasks Val Loss: [0.014047826640307903]
0: Tasks Test Loss: [0.01407588180154562]
0: Creating Checkpoint: 0.014048
0: Best Performance Metric: 0.014048
[precision-diagnostic] requested=fp32 model_param_dtype=torch.float32
[precision-diagnostic] first_batch_float_dtype=torch.float32
[precision-diagnostic] first_optimizer_state_float_dtype=torch.float32
0: Max memory allocated after optimizer step: 2.465796608 GB 2.76824064 GB
0: Max memory allocated after optimizer step: 2.465796608 GB 2.76824064 GB
0: Max memory allocated after optimizer step: 2.465796608 GB 2.76824064 GB
0: Max memory allocated after optimizer step: 2.465796608 GB 2.76824064 GB
0: Max memory allocated after optimizer step: 2.465796608 GB 2.76824064 GB
0: Max memory allocated after optimizer step: 2.465796608 GB 2.76824064 GB
0: Max memory allocated after optimizer step: 2.465796608 GB 2.76824064 GB
0: Max memory allocated after optimizer step: 2.465796608 GB 2.76824064 GB
0: Max memory allocated after optimizer step: 2.465796608 GB 2.76824064 GB
0: Max memory allocated after optimizer step: 2.465796608 GB 2.76824064 GB
0: Max memory allocated after optimizer step: 2.465796608 GB 2.76824064 GB
0: Max memory allocated after optimizer step: 2.465796608 GB 2.76824064 GB
0: Max memory allocated after optimizer step: 2.465796608 GB 2.76824064 GB
0: Max memory allocated after optimizer step: 2.465796608 GB 2.76824064 GB
0: Epoch: 06, Train Loss: 0.01157122, Val Loss: 0.03143081, Test Loss: 0.03145461
0: Tasks Train Loss: [0.01157122477889061]
0: Tasks Val Loss: [0.03143080696463585]
0: Tasks Test Loss: [0.03145460784435272]
0: Best Performance Metric: 0.014048
[precision-diagnostic] requested=fp32 model_param_dtype=torch.float32
[precision-diagnostic] first_batch_float_dtype=torch.float32
[precision-diagnostic] first_optimizer_state_float_dtype=torch.float32
0: Max memory allocated after optimizer step: 2.465796608 GB 2.76824064 GB
0: Max memory allocated after optimizer step: 2.465796608 GB 2.76824064 GB
0: Max memory allocated after optimizer step: 2.465796608 GB 2.76824064 GB
0: Max memory allocated after optimizer step: 2.465796608 GB 2.76824064 GB
0: Max memory allocated after optimizer step: 2.465796608 GB 2.76824064 GB
0: Max memory allocated after optimizer step: 2.465796608 GB 2.76824064 GB
0: Max memory allocated after optimizer step: 2.465796608 GB 2.76824064 GB
0: Max memory allocated after optimizer step: 2.465796608 GB 2.76824064 GB
0: Max memory allocated after optimizer step: 2.465796608 GB 2.76824064 GB
0: Max memory allocated after optimizer step: 2.465796608 GB 2.76824064 GB
0: Max memory allocated after optimizer step: 2.465796608 GB 2.76824064 GB
0: Max memory allocated after optimizer step: 2.465796608 GB 2.76824064 GB
0: Max memory allocated after optimizer step: 2.465796608 GB 2.76824064 GB
0: Max memory allocated after optimizer step: 2.465796608 GB 2.76824064 GB
0: Epoch: 07, Train Loss: 0.01066580, Val Loss: 0.01928247, Test Loss: 0.01931222
0: Tasks Train Loss: [0.010665804147720337]
0: Tasks Val Loss: [0.019282467663288116]
0: Tasks Test Loss: [0.019312219694256783]
0: Best Performance Metric: 0.014048
[precision-diagnostic] requested=fp32 model_param_dtype=torch.float32
[precision-diagnostic] first_batch_float_dtype=torch.float32
[precision-diagnostic] first_optimizer_state_float_dtype=torch.float32
0: Max memory allocated after optimizer step: 2.465796608 GB 2.76824064 GB
0: Max memory allocated after optimizer step: 2.465796608 GB 2.76824064 GB
0: Max memory allocated after optimizer step: 2.465796608 GB 2.76824064 GB
0: Max memory allocated after optimizer step: 2.465796608 GB 2.76824064 GB
0: Max memory allocated after optimizer step: 2.465796608 GB 2.76824064 GB
0: Max memory allocated after optimizer step: 2.465796608 GB 2.76824064 GB
0: Max memory allocated after optimizer step: 2.465796608 GB 2.76824064 GB
0: Max memory allocated after optimizer step: 2.465796608 GB 2.76824064 GB
0: Max memory allocated after optimizer step: 2.465796608 GB 2.76824064 GB
0: Max memory allocated after optimizer step: 2.465796608 GB 2.76824064 GB
0: Max memory allocated after optimizer step: 2.465796608 GB 2.76824064 GB
0: Max memory allocated after optimizer step: 2.465796608 GB 2.76824064 GB
0: Max memory allocated after optimizer step: 2.465796608 GB 2.76824064 GB
0: Max memory allocated after optimizer step: 2.465796608 GB 2.76824064 GB
0: Epoch: 08, Train Loss: 0.00979813, Val Loss: 0.01611204, Test Loss: 0.01613779
0: Tasks Train Loss: [0.009798130951821804]
0: Tasks Val Loss: [0.01611204445362091]
0: Tasks Test Loss: [0.016137786209583282]
0: Best Performance Metric: 0.014048
[precision-diagnostic] requested=fp32 model_param_dtype=torch.float32
[precision-diagnostic] first_batch_float_dtype=torch.float32
[precision-diagnostic] first_optimizer_state_float_dtype=torch.float32
0: Max memory allocated after optimizer step: 2.465796608 GB 2.76824064 GB
0: Max memory allocated after optimizer step: 2.465796608 GB 2.76824064 GB
0: Max memory allocated after optimizer step: 2.465796608 GB 2.76824064 GB
0: Max memory allocated after optimizer step: 2.465796608 GB 2.76824064 GB
0: Max memory allocated after optimizer step: 2.465796608 GB 2.76824064 GB
0: Max memory allocated after optimizer step: 2.465796608 GB 2.76824064 GB
0: Max memory allocated after optimizer step: 2.465796608 GB 2.76824064 GB
0: Max memory allocated after optimizer step: 2.465796608 GB 2.76824064 GB
0: Max memory allocated after optimizer step: 2.465796608 GB 2.76824064 GB
0: Max memory allocated after optimizer step: 2.465796608 GB 2.76824064 GB
0: Max memory allocated after optimizer step: 2.465796608 GB 2.76824064 GB
0: Max memory allocated after optimizer step: 2.465796608 GB 2.76824064 GB
0: Max memory allocated after optimizer step: 2.465796608 GB 2.76824064 GB
0: Max memory allocated after optimizer step: 2.465796608 GB 2.76824064 GB
0: Epoch: 09, Train Loss: 0.00911545, Val Loss: 0.01479599, Test Loss: 0.01485307
0: Tasks Train Loss: [0.009115454740822315]
0: Tasks Val Loss: [0.014795985072851181]
0: Tasks Test Loss: [0.014853070490062237]
0: Best Performance Metric: 0.014048
[precision-diagnostic] requested=fp32 model_param_dtype=torch.float32
[precision-diagnostic] first_batch_float_dtype=torch.float32
[precision-diagnostic] first_optimizer_state_float_dtype=torch.float32
0: Max memory allocated after optimizer step: 2.465796608 GB 2.76824064 GB
0: Max memory allocated after optimizer step: 2.465796608 GB 2.76824064 GB
0: Max memory allocated after optimizer step: 2.465796608 GB 2.76824064 GB
0: Max memory allocated after optimizer step: 2.465796608 GB 2.76824064 GB
0: Max memory allocated after optimizer step: 2.465796608 GB 2.76824064 GB
0: Max memory allocated after optimizer step: 2.465796608 GB 2.76824064 GB
0: Max memory allocated after optimizer step: 2.465796608 GB 2.76824064 GB
0: Max memory allocated after optimizer step: 2.465796608 GB 2.76824064 GB
0: Max memory allocated after optimizer step: 2.465796608 GB 2.76824064 GB
0: Max memory allocated after optimizer step: 2.465796608 GB 2.76824064 GB
0: Max memory allocated after optimizer step: 2.465796608 GB 2.76824064 GB
0: Max memory allocated after optimizer step: 2.465796608 GB 2.76824064 GB
0: Max memory allocated after optimizer step: 2.465796608 GB 2.76824064 GB
0: Max memory allocated after optimizer step: 2.465796608 GB 2.76824064 GB
0: Epoch: 10, Train Loss: 0.00853759, Val Loss: 0.00973659, Test Loss: 0.00977261
0: Tasks Train Loss: [0.008537590503692627]
0: Tasks Val Loss: [0.009736587293446064]
0: Tasks Test Loss: [0.00977261271327734]
0: Creating Checkpoint: 0.009737
0: Best Performance Metric: 0.009737
[precision-diagnostic] requested=fp32 model_param_dtype=torch.float32
[precision-diagnostic] first_batch_float_dtype=torch.float32
[precision-diagnostic] first_optimizer_state_float_dtype=torch.float32
0: Max memory allocated after optimizer step: 2.465796608 GB 2.76824064 GB
0: Max memory allocated after optimizer step: 2.465796608 GB 2.76824064 GB
0: Max memory allocated after optimizer step: 2.465796608 GB 2.76824064 GB
0: Max memory allocated after optimizer step: 2.465796608 GB 2.76824064 GB
0: Max memory allocated after optimizer step: 2.465796608 GB 2.76824064 GB
0: Max memory allocated after optimizer step: 2.465796608 GB 2.76824064 GB
0: Max memory allocated after optimizer step: 2.465796608 GB 2.76824064 GB
0: Max memory allocated after optimizer step: 2.465796608 GB 2.76824064 GB
0: Max memory allocated after optimizer step: 2.465796608 GB 2.76824064 GB
0: Max memory allocated after optimizer step: 2.465796608 GB 2.76824064 GB
0: Max memory allocated after optimizer step: 2.465796608 GB 2.76824064 GB
0: Max memory allocated after optimizer step: 2.465796608 GB 2.76824064 GB
0: Max memory allocated after optimizer step: 2.465796608 GB 2.76824064 GB
0: Max memory allocated after optimizer step: 2.465796608 GB 2.76824064 GB
0: Epoch: 11, Train Loss: 0.00806627, Val Loss: 0.01159320, Test Loss: 0.01162851
0: Tasks Train Loss: [0.008066271431744099]
0: Tasks Val Loss: [0.011593195609748363]
0: Tasks Test Loss: [0.011628507636487484]
0: Best Performance Metric: 0.009737
[precision-diagnostic] requested=fp32 model_param_dtype=torch.float32
[precision-diagnostic] first_batch_float_dtype=torch.float32
[precision-diagnostic] first_optimizer_state_float_dtype=torch.float32
0: Max memory allocated after optimizer step: 2.465796608 GB 2.76824064 GB
0: Max memory allocated after optimizer step: 2.465796608 GB 2.76824064 GB
0: Max memory allocated after optimizer step: 2.465796608 GB 2.76824064 GB
0: Max memory allocated after optimizer step: 2.465796608 GB 2.76824064 GB
0: Max memory allocated after optimizer step: 2.465796608 GB 2.76824064 GB
0: Max memory allocated after optimizer step: 2.465796608 GB 2.76824064 GB
0: Max memory allocated after optimizer step: 2.465796608 GB 2.76824064 GB
0: Max memory allocated after optimizer step: 2.465796608 GB 2.76824064 GB
0: Max memory allocated after optimizer step: 2.465796608 GB 2.76824064 GB
0: Max memory allocated after optimizer step: 2.465796608 GB 2.76824064 GB
0: Max memory allocated after optimizer step: 2.465796608 GB 2.76824064 GB
0: Max memory allocated after optimizer step: 2.465796608 GB 2.76824064 GB
0: Max memory allocated after optimizer step: 2.465796608 GB 2.76824064 GB
0: Max memory allocated after optimizer step: 2.465796608 GB 2.76824064 GB
0: Epoch: 12, Train Loss: 0.00770798, Val Loss: 0.01106231, Test Loss: 0.01108864
0: Tasks Train Loss: [0.007707979064434767]
0: Tasks Val Loss: [0.01106230728328228]
0: Tasks Test Loss: [0.011088644154369831]
0: Best Performance Metric: 0.009737
[precision-diagnostic] requested=fp32 model_param_dtype=torch.float32
[precision-diagnostic] first_batch_float_dtype=torch.float32
[precision-diagnostic] first_optimizer_state_float_dtype=torch.float32
0: Max memory allocated after optimizer step: 2.465796608 GB 2.76824064 GB
0: Max memory allocated after optimizer step: 2.465796608 GB 2.76824064 GB
0: Max memory allocated after optimizer step: 2.465796608 GB 2.76824064 GB
0: Max memory allocated after optimizer step: 2.465796608 GB 2.76824064 GB
0: Max memory allocated after optimizer step: 2.465796608 GB 2.76824064 GB
0: Max memory allocated after optimizer step: 2.465796608 GB 2.76824064 GB
0: Max memory allocated after optimizer step: 2.465796608 GB 2.76824064 GB
0: Max memory allocated after optimizer step: 2.465796608 GB 2.76824064 GB
0: Max memory allocated after optimizer step: 2.465796608 GB 2.76824064 GB
0: Max memory allocated after optimizer step: 2.465796608 GB 2.76824064 GB
0: Max memory allocated after optimizer step: 2.465796608 GB 2.76824064 GB
0: Max memory allocated after optimizer step: 2.465796608 GB 2.76824064 GB
0: Max memory allocated after optimizer step: 2.465796608 GB 2.76824064 GB
0: Max memory allocated after optimizer step: 2.465796608 GB 2.76824064 GB
0: Epoch: 13, Train Loss: 0.00746562, Val Loss: 0.00962105, Test Loss: 0.00964943
0: Tasks Train Loss: [0.00746561586856842]
0: Tasks Val Loss: [0.009621048346161842]
0: Tasks Test Loss: [0.00964942667633295]
0: Creating Checkpoint: 0.009621
0: Best Performance Metric: 0.009621
[precision-diagnostic] requested=fp32 model_param_dtype=torch.float32
[precision-diagnostic] first_batch_float_dtype=torch.float32
[precision-diagnostic] first_optimizer_state_float_dtype=torch.float32
0: Max memory allocated after optimizer step: 2.465796608 GB 2.76824064 GB
0: Max memory allocated after optimizer step: 2.465796608 GB 2.76824064 GB
0: Max memory allocated after optimizer step: 2.465796608 GB 2.76824064 GB
0: Max memory allocated after optimizer step: 2.465796608 GB 2.76824064 GB
0: Max memory allocated after optimizer step: 2.465796608 GB 2.76824064 GB
0: Max memory allocated after optimizer step: 2.465796608 GB 2.76824064 GB
0: Max memory allocated after optimizer step: 2.465796608 GB 2.76824064 GB
0: Max memory allocated after optimizer step: 2.465796608 GB 2.76824064 GB
0: Max memory allocated after optimizer step: 2.465796608 GB 2.76824064 GB
0: Max memory allocated after optimizer step: 2.465796608 GB 2.76824064 GB
0: Max memory allocated after optimizer step: 2.465796608 GB 2.76824064 GB
0: Max memory allocated after optimizer step: 2.465796608 GB 2.76824064 GB
0: Max memory allocated after optimizer step: 2.465796608 GB 2.76824064 GB
0: Max memory allocated after optimizer step: 2.465796608 GB 2.76824064 GB
0: Epoch: 14, Train Loss: 0.00723538, Val Loss: 0.01364879, Test Loss: 0.01365672
0: Tasks Train Loss: [0.007235380820930004]
0: Tasks Val Loss: [0.013648792169988155]
0: Tasks Test Loss: [0.013656717725098133]
0: Best Performance Metric: 0.009621
[precision-diagnostic] requested=fp32 model_param_dtype=torch.float32
[precision-diagnostic] first_batch_float_dtype=torch.float32
[precision-diagnostic] first_optimizer_state_float_dtype=torch.float32
0: Max memory allocated after optimizer step: 2.465796608 GB 2.76824064 GB
0: Max memory allocated after optimizer step: 2.465796608 GB 2.76824064 GB
0: Max memory allocated after optimizer step: 2.465796608 GB 2.76824064 GB
0: Max memory allocated after optimizer step: 2.465796608 GB 2.76824064 GB
0: Max memory allocated after optimizer step: 2.465796608 GB 2.76824064 GB
0: Max memory allocated after optimizer step: 2.465796608 GB 2.76824064 GB
0: Max memory allocated after optimizer step: 2.465796608 GB 2.770337792 GB
0: Max memory allocated after optimizer step: 2.465796608 GB 2.770337792 GB
0: Max memory allocated after optimizer step: 2.465796608 GB 2.770337792 GB
0: Max memory allocated after optimizer step: 2.465796608 GB 2.770337792 GB
0: Max memory allocated after optimizer step: 2.465796608 GB 2.770337792 GB
0: Max memory allocated after optimizer step: 2.465796608 GB 2.770337792 GB
0: Max memory allocated after optimizer step: 2.465796608 GB 2.770337792 GB
0: Max memory allocated after optimizer step: 2.465796608 GB 2.770337792 GB
0: Epoch: 15, Train Loss: 0.00706349, Val Loss: 0.01045110, Test Loss: 0.01045163
0: Tasks Train Loss: [0.007063488010317087]
0: Tasks Val Loss: [0.01045109611004591]
0: Tasks Test Loss: [0.01045163068920374]
0: Best Performance Metric: 0.009621
[precision-diagnostic] requested=fp32 model_param_dtype=torch.float32
[precision-diagnostic] first_batch_float_dtype=torch.float32
[precision-diagnostic] first_optimizer_state_float_dtype=torch.float32
0: Max memory allocated after optimizer step: 2.465796608 GB 2.770337792 GB
0: Max memory allocated after optimizer step: 2.465796608 GB 2.770337792 GB
0: Max memory allocated after optimizer step: 2.465796608 GB 2.770337792 GB
0: Max memory allocated after optimizer step: 2.465796608 GB 2.770337792 GB
0: Max memory allocated after optimizer step: 2.465796608 GB 2.770337792 GB
0: Max memory allocated after optimizer step: 2.465796608 GB 2.770337792 GB
0: Max memory allocated after optimizer step: 2.465796608 GB 2.770337792 GB
0: Max memory allocated after optimizer step: 2.465796608 GB 2.770337792 GB
0: Max memory allocated after optimizer step: 2.465796608 GB 2.770337792 GB
0: Max memory allocated after optimizer step: 2.465796608 GB 2.770337792 GB
0: Max memory allocated after optimizer step: 2.465796608 GB 2.770337792 GB
0: Max memory allocated after optimizer step: 2.465796608 GB 2.770337792 GB
0: Max memory allocated after optimizer step: 2.465796608 GB 2.770337792 GB
0: Max memory allocated after optimizer step: 2.465796608 GB 2.770337792 GB
0: Epoch: 16, Train Loss: 0.00697761, Val Loss: 0.01945713, Test Loss: 0.01947190
0: Tasks Train Loss: [0.0069776056334376335]
0: Tasks Val Loss: [0.019457126036286354]
0: Tasks Test Loss: [0.019471904262900352]
0: Best Performance Metric: 0.009621
[precision-diagnostic] requested=fp32 model_param_dtype=torch.float32
[precision-diagnostic] first_batch_float_dtype=torch.float32
[precision-diagnostic] first_optimizer_state_float_dtype=torch.float32
0: Max memory allocated after optimizer step: 2.465796608 GB 2.770337792 GB
0: Max memory allocated after optimizer step: 2.465796608 GB 2.770337792 GB
0: Max memory allocated after optimizer step: 2.465796608 GB 2.770337792 GB
0: Max memory allocated after optimizer step: 2.465796608 GB 2.770337792 GB
0: Max memory allocated after optimizer step: 2.465796608 GB 2.770337792 GB
0: Max memory allocated after optimizer step: 2.465796608 GB 2.770337792 GB
0: Max memory allocated after optimizer step: 2.465796608 GB 2.770337792 GB
0: Max memory allocated after optimizer step: 2.465796608 GB 2.770337792 GB
0: Max memory allocated after optimizer step: 2.465796608 GB 2.770337792 GB
0: Max memory allocated after optimizer step: 2.465796608 GB 2.770337792 GB
0: Max memory allocated after optimizer step: 2.465796608 GB 2.770337792 GB
0: Max memory allocated after optimizer step: 2.465796608 GB 2.770337792 GB
0: Max memory allocated after optimizer step: 2.465796608 GB 2.770337792 GB
0: Max memory allocated after optimizer step: 2.465796608 GB 2.770337792 GB
0: Epoch: 17, Train Loss: 0.00681754, Val Loss: 0.01388929, Test Loss: 0.01391033
0: Tasks Train Loss: [0.0068175350315868855]
0: Tasks Val Loss: [0.013889288529753685]
0: Tasks Test Loss: [0.013910328038036823]
0: Best Performance Metric: 0.009621
[precision-diagnostic] requested=fp32 model_param_dtype=torch.float32
[precision-diagnostic] first_batch_float_dtype=torch.float32
[precision-diagnostic] first_optimizer_state_float_dtype=torch.float32
0: Max memory allocated after optimizer step: 2.465796608 GB 2.770337792 GB
0: Max memory allocated after optimizer step: 2.465796608 GB 2.770337792 GB
0: Max memory allocated after optimizer step: 2.465796608 GB 2.770337792 GB
0: Max memory allocated after optimizer step: 2.465796608 GB 2.770337792 GB
0: Max memory allocated after optimizer step: 2.465796608 GB 2.770337792 GB
0: Max memory allocated after optimizer step: 2.465796608 GB 2.770337792 GB
0: Max memory allocated after optimizer step: 2.465796608 GB 2.770337792 GB
0: Max memory allocated after optimizer step: 2.465796608 GB 2.770337792 GB
0: Max memory allocated after optimizer step: 2.465796608 GB 2.770337792 GB
0: Max memory allocated after optimizer step: 2.465796608 GB 2.770337792 GB
0: Max memory allocated after optimizer step: 2.465796608 GB 2.770337792 GB
0: Max memory allocated after optimizer step: 2.465796608 GB 2.770337792 GB
0: Max memory allocated after optimizer step: 2.465796608 GB 2.770337792 GB
0: Max memory allocated after optimizer step: 2.465796608 GB 2.770337792 GB
0: Epoch: 18, Train Loss: 0.00666280, Val Loss: 0.00969261, Test Loss: 0.00971193
0: Tasks Train Loss: [0.006662799511104822]
0: Tasks Val Loss: [0.009692614898085594]
0: Tasks Test Loss: [0.00971192866563797]
0: Best Performance Metric: 0.009621
[precision-diagnostic] requested=fp32 model_param_dtype=torch.float32
[precision-diagnostic] first_batch_float_dtype=torch.float32
[precision-diagnostic] first_optimizer_state_float_dtype=torch.float32
0: Max memory allocated after optimizer step: 2.465796608 GB 2.770337792 GB
0: Max memory allocated after optimizer step: 2.465796608 GB 2.770337792 GB
0: Max memory allocated after optimizer step: 2.465796608 GB 2.770337792 GB
0: Max memory allocated after optimizer step: 2.465796608 GB 2.770337792 GB
0: Max memory allocated after optimizer step: 2.465796608 GB 2.770337792 GB
0: Max memory allocated after optimizer step: 2.465796608 GB 2.770337792 GB
0: Max memory allocated after optimizer step: 2.465796608 GB 2.770337792 GB
0: Max memory allocated after optimizer step: 2.465796608 GB 2.770337792 GB
0: Max memory allocated after optimizer step: 2.465796608 GB 2.770337792 GB
0: Max memory allocated after optimizer step: 2.465796608 GB 2.770337792 GB
0: Max memory allocated after optimizer step: 2.465796608 GB 2.770337792 GB
0: Max memory allocated after optimizer step: 2.465796608 GB 2.770337792 GB
0: Max memory allocated after optimizer step: 2.465796608 GB 2.770337792 GB
0: Max memory allocated after optimizer step: 2.465796608 GB 2.770337792 GB
0: Epoch: 19, Train Loss: 0.00650413, Val Loss: 0.00936543, Test Loss: 0.00937813
0: Tasks Train Loss: [0.006504126824438572]
0: Tasks Val Loss: [0.009365430101752281]
0: Tasks Test Loss: [0.009378133341670036]
0: Creating Checkpoint: 0.009365
0: Best Performance Metric: 0.009365
[precision-diagnostic] requested=fp32 model_param_dtype=torch.float32
[precision-diagnostic] first_batch_float_dtype=torch.float32
[precision-diagnostic] first_optimizer_state_float_dtype=torch.float32
0: Max memory allocated after optimizer step: 2.465796608 GB 2.770337792 GB
0: Max memory allocated after optimizer step: 2.465796608 GB 2.770337792 GB
0: Max memory allocated after optimizer step: 2.465796608 GB 2.770337792 GB
0: Max memory allocated after optimizer step: 2.465796608 GB 2.770337792 GB
0: Max memory allocated after optimizer step: 2.465796608 GB 2.770337792 GB
0: Max memory allocated after optimizer step: 2.465796608 GB 2.770337792 GB
0: Max memory allocated after optimizer step: 2.465796608 GB 2.770337792 GB
0: Max memory allocated after optimizer step: 2.465796608 GB 2.770337792 GB
0: Max memory allocated after optimizer step: 2.465796608 GB 2.770337792 GB
0: Max memory allocated after optimizer step: 2.465796608 GB 2.770337792 GB
0: Max memory allocated after optimizer step: 2.465796608 GB 2.770337792 GB
0: Max memory allocated after optimizer step: 2.465796608 GB 2.770337792 GB
0: Max memory allocated after optimizer step: 2.465796608 GB 2.770337792 GB
0: Max memory allocated after optimizer step: 2.465796608 GB 2.770337792 GB
0: Epoch: 20, Train Loss: 0.00631892, Val Loss: 0.01296975, Test Loss: 0.01298021
0: Tasks Train Loss: [0.006318919826298952]
0: Tasks Val Loss: [0.01296975277364254]
0: Tasks Test Loss: [0.012980214320123196]
0: Best Performance Metric: 0.009365
[precision-diagnostic] requested=fp32 model_param_dtype=torch.float32
[precision-diagnostic] first_batch_float_dtype=torch.float32
[precision-diagnostic] first_optimizer_state_float_dtype=torch.float32
0: Max memory allocated after optimizer step: 2.465796608 GB 2.770337792 GB
0: Max memory allocated after optimizer step: 2.465796608 GB 2.770337792 GB
0: Max memory allocated after optimizer step: 2.465796608 GB 2.770337792 GB
0: Max memory allocated after optimizer step: 2.465796608 GB 2.770337792 GB
0: Max memory allocated after optimizer step: 2.465796608 GB 2.770337792 GB
0: Max memory allocated after optimizer step: 2.465796608 GB 2.770337792 GB
0: Max memory allocated after optimizer step: 2.465796608 GB 2.770337792 GB
0: Max memory allocated after optimizer step: 2.465796608 GB 2.770337792 GB
0: Max memory allocated after optimizer step: 2.465796608 GB 2.770337792 GB
0: Max memory allocated after optimizer step: 2.465796608 GB 2.770337792 GB
0: Max memory allocated after optimizer step: 2.465796608 GB 2.770337792 GB
0: Max memory allocated after optimizer step: 2.465796608 GB 2.770337792 GB
0: Max memory allocated after optimizer step: 2.465796608 GB 2.770337792 GB
0: Max memory allocated after optimizer step: 2.465796608 GB 2.770337792 GB
0: Epoch: 21, Train Loss: 0.00617602, Val Loss: 0.00736049, Test Loss: 0.00738540
0: Tasks Train Loss: [0.006176015827804804]
0: Tasks Val Loss: [0.007360486313700676]
0: Tasks Test Loss: [0.007385398261249065]
0: Creating Checkpoint: 0.007360
0: Best Performance Metric: 0.007360
[precision-diagnostic] requested=fp32 model_param_dtype=torch.float32
[precision-diagnostic] first_batch_float_dtype=torch.float32
[precision-diagnostic] first_optimizer_state_float_dtype=torch.float32
0: Max memory allocated after optimizer step: 2.465796608 GB 2.770337792 GB
0: Max memory allocated after optimizer step: 2.465796608 GB 2.770337792 GB
0: Max memory allocated after optimizer step: 2.465796608 GB 2.770337792 GB
0: Max memory allocated after optimizer step: 2.465796608 GB 2.770337792 GB
0: Max memory allocated after optimizer step: 2.465796608 GB 2.770337792 GB
0: Max memory allocated after optimizer step: 2.465796608 GB 2.770337792 GB
0: Max memory allocated after optimizer step: 2.465796608 GB 2.770337792 GB
0: Max memory allocated after optimizer step: 2.465796608 GB 2.770337792 GB
0: Max memory allocated after optimizer step: 2.465796608 GB 2.770337792 GB
0: Max memory allocated after optimizer step: 2.465796608 GB 2.770337792 GB
0: Max memory allocated after optimizer step: 2.465796608 GB 2.770337792 GB
0: Max memory allocated after optimizer step: 2.465796608 GB 2.770337792 GB
0: Max memory allocated after optimizer step: 2.465796608 GB 2.770337792 GB
0: Max memory allocated after optimizer step: 2.465796608 GB 2.770337792 GB
0: Epoch: 22, Train Loss: 0.00611894, Val Loss: 0.00897444, Test Loss: 0.00895831
0: Tasks Train Loss: [0.006118941120803356]
0: Tasks Val Loss: [0.008974436670541763]
0: Tasks Test Loss: [0.008958312682807446]
0: Best Performance Metric: 0.007360
[precision-diagnostic] requested=fp32 model_param_dtype=torch.float32
[precision-diagnostic] first_batch_float_dtype=torch.float32
[precision-diagnostic] first_optimizer_state_float_dtype=torch.float32
0: Max memory allocated after optimizer step: 2.465796608 GB 2.770337792 GB
0: Max memory allocated after optimizer step: 2.465796608 GB 2.770337792 GB
0: Max memory allocated after optimizer step: 2.465796608 GB 2.770337792 GB
0: Max memory allocated after optimizer step: 2.465796608 GB 2.770337792 GB
0: Max memory allocated after optimizer step: 2.465796608 GB 2.770337792 GB
0: Max memory allocated after optimizer step: 2.465796608 GB 2.770337792 GB
0: Max memory allocated after optimizer step: 2.465796608 GB 2.770337792 GB
0: Max memory allocated after optimizer step: 2.465796608 GB 2.770337792 GB
0: Max memory allocated after optimizer step: 2.465796608 GB 2.770337792 GB
0: Max memory allocated after optimizer step: 2.465796608 GB 2.770337792 GB
0: Max memory allocated after optimizer step: 2.465796608 GB 2.770337792 GB
0: Max memory allocated after optimizer step: 2.465796608 GB 2.770337792 GB
0: Max memory allocated after optimizer step: 2.465796608 GB 2.770337792 GB
0: Max memory allocated after optimizer step: 2.465796608 GB 2.770337792 GB
0: Epoch: 23, Train Loss: 0.00592331, Val Loss: 0.00908403, Test Loss: 0.00909645
0: Tasks Train Loss: [0.005923313554376364]
0: Tasks Val Loss: [0.009084034711122513]
0: Tasks Test Loss: [0.009096445515751839]
0: Best Performance Metric: 0.007360
[precision-diagnostic] requested=fp32 model_param_dtype=torch.float32
[precision-diagnostic] first_batch_float_dtype=torch.float32
[precision-diagnostic] first_optimizer_state_float_dtype=torch.float32
0: Max memory allocated after optimizer step: 2.465796608 GB 2.770337792 GB
0: Max memory allocated after optimizer step: 2.465796608 GB 2.770337792 GB
0: Max memory allocated after optimizer step: 2.465796608 GB 2.770337792 GB
0: Max memory allocated after optimizer step: 2.465796608 GB 2.770337792 GB
0: Max memory allocated after optimizer step: 2.465796608 GB 2.770337792 GB
0: Max memory allocated after optimizer step: 2.465796608 GB 2.770337792 GB
0: Max memory allocated after optimizer step: 2.465796608 GB 2.770337792 GB
0: Max memory allocated after optimizer step: 2.465796608 GB 2.770337792 GB
0: Max memory allocated after optimizer step: 2.465796608 GB 2.770337792 GB
0: Max memory allocated after optimizer step: 2.465796608 GB 2.770337792 GB
0: Max memory allocated after optimizer step: 2.465796608 GB 2.770337792 GB
0: Max memory allocated after optimizer step: 2.465796608 GB 2.770337792 GB
0: Max memory allocated after optimizer step: 2.465796608 GB 2.770337792 GB
0: Max memory allocated after optimizer step: 2.465796608 GB 2.770337792 GB
0: Epoch: 24, Train Loss: 0.00578397, Val Loss: 0.01234764, Test Loss: 0.01236821
0: Tasks Train Loss: [0.005783972796052694]
0: Tasks Val Loss: [0.012347635813057423]
0: Tasks Test Loss: [0.012368214316666126]
0: Best Performance Metric: 0.007360
[precision-diagnostic] requested=fp32 model_param_dtype=torch.float32
[precision-diagnostic] first_batch_float_dtype=torch.float32
[precision-diagnostic] first_optimizer_state_float_dtype=torch.float32
0: Max memory allocated after optimizer step: 2.465796608 GB 2.770337792 GB
0: Max memory allocated after optimizer step: 2.465796608 GB 2.770337792 GB
0: Max memory allocated after optimizer step: 2.465796608 GB 2.770337792 GB
0: Max memory allocated after optimizer step: 2.465796608 GB 2.770337792 GB
0: Max memory allocated after optimizer step: 2.465796608 GB 2.770337792 GB
0: Max memory allocated after optimizer step: 2.465796608 GB 2.770337792 GB
0: Max memory allocated after optimizer step: 2.465796608 GB 2.770337792 GB
0: Max memory allocated after optimizer step: 2.465796608 GB 2.770337792 GB
0: Max memory allocated after optimizer step: 2.465796608 GB 2.770337792 GB
0: Max memory allocated after optimizer step: 2.465796608 GB 2.770337792 GB
0: Max memory allocated after optimizer step: 2.465796608 GB 2.770337792 GB
0: Max memory allocated after optimizer step: 2.465796608 GB 2.770337792 GB
0: Max memory allocated after optimizer step: 2.465796608 GB 2.770337792 GB
0: Max memory allocated after optimizer step: 2.465796608 GB 2.770337792 GB
0: Epoch: 25, Train Loss: 0.00562720, Val Loss: 0.00716743, Test Loss: 0.00718409
0: Tasks Train Loss: [0.005627200473099947]
0: Tasks Val Loss: [0.00716743478551507]
0: Tasks Test Loss: [0.007184094749391079]
0: Creating Checkpoint: 0.007167
0: Best Performance Metric: 0.007167
[precision-diagnostic] requested=fp32 model_param_dtype=torch.float32
[precision-diagnostic] first_batch_float_dtype=torch.float32
[precision-diagnostic] first_optimizer_state_float_dtype=torch.float32
0: Max memory allocated after optimizer step: 2.465796608 GB 2.770337792 GB
0: Max memory allocated after optimizer step: 2.465796608 GB 2.770337792 GB
0: Max memory allocated after optimizer step: 2.465796608 GB 2.770337792 GB
0: Max memory allocated after optimizer step: 2.465796608 GB 2.770337792 GB
0: Max memory allocated after optimizer step: 2.465796608 GB 2.770337792 GB
0: Max memory allocated after optimizer step: 2.465796608 GB 2.770337792 GB
0: Max memory allocated after optimizer step: 2.465796608 GB 2.770337792 GB
0: Max memory allocated after optimizer step: 2.465796608 GB 2.770337792 GB
0: Max memory allocated after optimizer step: 2.465796608 GB 2.770337792 GB
0: Max memory allocated after optimizer step: 2.465796608 GB 2.770337792 GB
0: Max memory allocated after optimizer step: 2.465796608 GB 2.770337792 GB
0: Max memory allocated after optimizer step: 2.465796608 GB 2.770337792 GB
0: Max memory allocated after optimizer step: 2.465796608 GB 2.770337792 GB
0: Max memory allocated after optimizer step: 2.465796608 GB 2.770337792 GB
0: Epoch: 26, Train Loss: 0.00562419, Val Loss: 0.00836674, Test Loss: 0.00839373
0: Tasks Train Loss: [0.005624185316264629]
0: Tasks Val Loss: [0.008366740308701992]
0: Tasks Test Loss: [0.00839372631162405]
0: Best Performance Metric: 0.007167
[precision-diagnostic] requested=fp32 model_param_dtype=torch.float32
[precision-diagnostic] first_batch_float_dtype=torch.float32
[precision-diagnostic] first_optimizer_state_float_dtype=torch.float32
0: Max memory allocated after optimizer step: 2.465796608 GB 2.770337792 GB
0: Max memory allocated after optimizer step: 2.465796608 GB 2.770337792 GB
0: Max memory allocated after optimizer step: 2.465796608 GB 2.770337792 GB
0: Max memory allocated after optimizer step: 2.465796608 GB 2.770337792 GB
0: Max memory allocated after optimizer step: 2.465796608 GB 2.770337792 GB
0: Max memory allocated after optimizer step: 2.465796608 GB 2.770337792 GB
0: Max memory allocated after optimizer step: 2.465796608 GB 2.770337792 GB
0: Max memory allocated after optimizer step: 2.465796608 GB 2.770337792 GB
0: Max memory allocated after optimizer step: 2.465796608 GB 2.770337792 GB
0: Max memory allocated after optimizer step: 2.465796608 GB 2.770337792 GB
0: Max memory allocated after optimizer step: 2.465796608 GB 2.770337792 GB
0: Max memory allocated after optimizer step: 2.465796608 GB 2.770337792 GB
0: Max memory allocated after optimizer step: 2.465796608 GB 2.770337792 GB
0: Max memory allocated after optimizer step: 2.465796608 GB 2.770337792 GB
0: Epoch: 27, Train Loss: 0.00555458, Val Loss: 0.01468655, Test Loss: 0.01469390
0: Tasks Train Loss: [0.005554582923650742]
0: Tasks Val Loss: [0.01468655001372099]
0: Tasks Test Loss: [0.01469390094280243]
0: Best Performance Metric: 0.007167
[precision-diagnostic] requested=fp32 model_param_dtype=torch.float32
[precision-diagnostic] first_batch_float_dtype=torch.float32
[precision-diagnostic] first_optimizer_state_float_dtype=torch.float32
0: Max memory allocated after optimizer step: 2.465796608 GB 2.770337792 GB
0: Max memory allocated after optimizer step: 2.465796608 GB 2.770337792 GB
0: Max memory allocated after optimizer step: 2.465796608 GB 2.770337792 GB
0: Max memory allocated after optimizer step: 2.465796608 GB 2.770337792 GB
0: Max memory allocated after optimizer step: 2.465796608 GB 2.770337792 GB
0: Max memory allocated after optimizer step: 2.465796608 GB 2.770337792 GB
0: Max memory allocated after optimizer step: 2.465796608 GB 2.770337792 GB
0: Max memory allocated after optimizer step: 2.465796608 GB 2.770337792 GB
0: Max memory allocated after optimizer step: 2.465796608 GB 2.770337792 GB
0: Max memory allocated after optimizer step: 2.465796608 GB 2.770337792 GB
0: Max memory allocated after optimizer step: 2.465796608 GB 2.770337792 GB
0: Max memory allocated after optimizer step: 2.465796608 GB 2.770337792 GB
0: Max memory allocated after optimizer step: 2.465796608 GB 2.770337792 GB
0: Max memory allocated after optimizer step: 2.465796608 GB 2.770337792 GB
0: Epoch: 28, Train Loss: 0.00529762, Val Loss: 0.01005331, Test Loss: 0.01006216
0: Tasks Train Loss: [0.005297621712088585]
0: Tasks Val Loss: [0.010053305886685848]
0: Tasks Test Loss: [0.010062163695693016]
0: Best Performance Metric: 0.007167
[precision-diagnostic] requested=fp32 model_param_dtype=torch.float32
[precision-diagnostic] first_batch_float_dtype=torch.float32
[precision-diagnostic] first_optimizer_state_float_dtype=torch.float32
0: Max memory allocated after optimizer step: 2.465796608 GB 2.770337792 GB
0: Max memory allocated after optimizer step: 2.465796608 GB 2.770337792 GB
0: Max memory allocated after optimizer step: 2.465796608 GB 2.770337792 GB
0: Max memory allocated after optimizer step: 2.465796608 GB 2.770337792 GB
0: Max memory allocated after optimizer step: 2.465796608 GB 2.770337792 GB
0: Max memory allocated after optimizer step: 2.465796608 GB 2.770337792 GB
0: Max memory allocated after optimizer step: 2.465796608 GB 2.770337792 GB
0: Max memory allocated after optimizer step: 2.465796608 GB 2.770337792 GB
0: Max memory allocated after optimizer step: 2.465796608 GB 2.770337792 GB
0: Max memory allocated after optimizer step: 2.465796608 GB 2.770337792 GB
0: Max memory allocated after optimizer step: 2.465796608 GB 2.770337792 GB
0: Max memory allocated after optimizer step: 2.465796608 GB 2.770337792 GB
0: Max memory allocated after optimizer step: 2.465796608 GB 2.770337792 GB
0: Max memory allocated after optimizer step: 2.465796608 GB 2.770337792 GB
0: Epoch: 29, Train Loss: 0.00539390, Val Loss: 0.01065361, Test Loss: 0.01069716
0: Tasks Train Loss: [0.005393896717578173]
0: Tasks Val Loss: [0.010653609409928322]
0: Tasks Test Loss: [0.010697162710130215]
0: Best Performance Metric: 0.007167
[precision-diagnostic] requested=fp32 model_param_dtype=torch.float32
[precision-diagnostic] first_batch_float_dtype=torch.float32
[precision-diagnostic] first_optimizer_state_float_dtype=torch.float32
0: Max memory allocated after optimizer step: 2.465796608 GB 2.770337792 GB
0: Max memory allocated after optimizer step: 2.465796608 GB 2.770337792 GB
0: Max memory allocated after optimizer step: 2.465796608 GB 2.770337792 GB
0: Max memory allocated after optimizer step: 2.465796608 GB 2.770337792 GB
0: Max memory allocated after optimizer step: 2.465796608 GB 2.770337792 GB
0: Max memory allocated after optimizer step: 2.465796608 GB 2.770337792 GB
0: Max memory allocated after optimizer step: 2.465796608 GB 2.770337792 GB
0: Max memory allocated after optimizer step: 2.465796608 GB 2.770337792 GB
0: Max memory allocated after optimizer step: 2.465796608 GB 2.770337792 GB
0: Max memory allocated after optimizer step: 2.465796608 GB 2.770337792 GB
0: Max memory allocated after optimizer step: 2.465796608 GB 2.770337792 GB
0: Max memory allocated after optimizer step: 2.465796608 GB 2.770337792 GB
0: Max memory allocated after optimizer step: 2.465796608 GB 2.770337792 GB
0: Max memory allocated after optimizer step: 2.465796608 GB 2.770337792 GB
0: Epoch: 30, Train Loss: 0.00511891, Val Loss: 0.00743400, Test Loss: 0.00746418
0: Tasks Train Loss: [0.005118910223245621]
0: Tasks Val Loss: [0.007433999329805374]
0: Tasks Test Loss: [0.00746417511254549]
0: Best Performance Metric: 0.007167
[precision-diagnostic] requested=fp32 model_param_dtype=torch.float32
[precision-diagnostic] first_batch_float_dtype=torch.float32
[precision-diagnostic] first_optimizer_state_float_dtype=torch.float32
0: Max memory allocated after optimizer step: 2.465796608 GB 2.770337792 GB
0: Max memory allocated after optimizer step: 2.465796608 GB 2.770337792 GB
0: Max memory allocated after optimizer step: 2.465796608 GB 2.770337792 GB
0: Max memory allocated after optimizer step: 2.465796608 GB 2.770337792 GB
0: Max memory allocated after optimizer step: 2.465796608 GB 2.770337792 GB
0: Max memory allocated after optimizer step: 2.465796608 GB 2.770337792 GB
0: Max memory allocated after optimizer step: 2.465796608 GB 2.770337792 GB
0: Max memory allocated after optimizer step: 2.465796608 GB 2.770337792 GB
0: Max memory allocated after optimizer step: 2.465796608 GB 2.770337792 GB
0: Max memory allocated after optimizer step: 2.465796608 GB 2.770337792 GB
0: Max memory allocated after optimizer step: 2.465796608 GB 2.770337792 GB
0: Max memory allocated after optimizer step: 2.465796608 GB 2.770337792 GB
0: Max memory allocated after optimizer step: 2.465796608 GB 2.770337792 GB
0: Max memory allocated after optimizer step: 2.465796608 GB 2.770337792 GB
0: Epoch: 31, Train Loss: 0.00571110, Val Loss: 0.06610391, Test Loss: 0.06619462
0: Tasks Train Loss: [0.0057110958732664585]
0: Tasks Val Loss: [0.06610391288995743]
0: Tasks Test Loss: [0.06619461625814438]
0: Best Performance Metric: 0.007167
[precision-diagnostic] requested=fp32 model_param_dtype=torch.float32
[precision-diagnostic] first_batch_float_dtype=torch.float32
[precision-diagnostic] first_optimizer_state_float_dtype=torch.float32
0: Max memory allocated after optimizer step: 2.465796608 GB 2.770337792 GB
0: Max memory allocated after optimizer step: 2.465796608 GB 2.770337792 GB
0: Max memory allocated after optimizer step: 2.465796608 GB 2.770337792 GB
0: Max memory allocated after optimizer step: 2.465796608 GB 2.770337792 GB
0: Max memory allocated after optimizer step: 2.465796608 GB 2.770337792 GB
0: Max memory allocated after optimizer step: 2.465796608 GB 2.770337792 GB
0: Max memory allocated after optimizer step: 2.465796608 GB 2.770337792 GB
0: Max memory allocated after optimizer step: 2.465796608 GB 2.770337792 GB
0: Max memory allocated after optimizer step: 2.465796608 GB 2.770337792 GB
0: Max memory allocated after optimizer step: 2.465796608 GB 2.770337792 GB
0: Max memory allocated after optimizer step: 2.465796608 GB 2.770337792 GB
0: Max memory allocated after optimizer step: 2.465796608 GB 2.770337792 GB
0: Max memory allocated after optimizer step: 2.465796608 GB 2.770337792 GB
0: Max memory allocated after optimizer step: 2.465796608 GB 2.770337792 GB
0: Epoch: 32, Train Loss: 0.00515268, Val Loss: 0.02592040, Test Loss: 0.02595685
0: Tasks Train Loss: [0.005152683239430189]
0: Tasks Val Loss: [0.02592039667069912]
0: Tasks Test Loss: [0.02595685049891472]
0: Best Performance Metric: 0.007167
[precision-diagnostic] requested=fp32 model_param_dtype=torch.float32
[precision-diagnostic] first_batch_float_dtype=torch.float32
[precision-diagnostic] first_optimizer_state_float_dtype=torch.float32
0: Max memory allocated after optimizer step: 2.465796608 GB 2.770337792 GB
0: Max memory allocated after optimizer step: 2.465796608 GB 2.770337792 GB
0: Max memory allocated after optimizer step: 2.465796608 GB 2.770337792 GB
0: Max memory allocated after optimizer step: 2.465796608 GB 2.770337792 GB
0: Max memory allocated after optimizer step: 2.465796608 GB 2.770337792 GB
0: Max memory allocated after optimizer step: 2.465796608 GB 2.770337792 GB
0: Max memory allocated after optimizer step: 2.465796608 GB 2.770337792 GB
0: Max memory allocated after optimizer step: 2.465796608 GB 2.770337792 GB
0: Max memory allocated after optimizer step: 2.465796608 GB 2.770337792 GB
0: Max memory allocated after optimizer step: 2.465796608 GB 2.770337792 GB
0: Max memory allocated after optimizer step: 2.465796608 GB 2.770337792 GB
0: Max memory allocated after optimizer step: 2.465796608 GB 2.770337792 GB
0: Max memory allocated after optimizer step: 2.465796608 GB 2.770337792 GB
0: Max memory allocated after optimizer step: 2.465796608 GB 2.770337792 GB
0: Epoch: 33, Train Loss: 0.00494329, Val Loss: 0.00834044, Test Loss: 0.00834524
0: Tasks Train Loss: [0.004943288397043943]
0: Tasks Val Loss: [0.008340438827872276]
0: Tasks Test Loss: [0.008345243521034718]
0: Best Performance Metric: 0.007167
[precision-diagnostic] requested=fp32 model_param_dtype=torch.float32
[precision-diagnostic] first_batch_float_dtype=torch.float32
[precision-diagnostic] first_optimizer_state_float_dtype=torch.float32
0: Max memory allocated after optimizer step: 2.465796608 GB 2.770337792 GB
0: Max memory allocated after optimizer step: 2.465796608 GB 2.770337792 GB
0: Max memory allocated after optimizer step: 2.465796608 GB 2.770337792 GB
0: Max memory allocated after optimizer step: 2.465796608 GB 2.770337792 GB
0: Max memory allocated after optimizer step: 2.465796608 GB 2.770337792 GB
0: Max memory allocated after optimizer step: 2.465796608 GB 2.770337792 GB
0: Max memory allocated after optimizer step: 2.465796608 GB 2.770337792 GB
0: Max memory allocated after optimizer step: 2.465796608 GB 2.770337792 GB
0: Max memory allocated after optimizer step: 2.465796608 GB 2.770337792 GB
0: Max memory allocated after optimizer step: 2.465796608 GB 2.770337792 GB
0: Max memory allocated after optimizer step: 2.465796608 GB 2.770337792 GB
0: Max memory allocated after optimizer step: 2.465796608 GB 2.770337792 GB
0: Max memory allocated after optimizer step: 2.465796608 GB 2.770337792 GB
0: Max memory allocated after optimizer step: 2.465796608 GB 2.770337792 GB
0: Epoch: 34, Train Loss: 0.00483034, Val Loss: 0.01239343, Test Loss: 0.01242539
0: Tasks Train Loss: [0.004830343648791313]
0: Tasks Val Loss: [0.012393428012728691]
0: Tasks Test Loss: [0.012425393797457218]
0: Best Performance Metric: 0.007167
[precision-diagnostic] requested=fp32 model_param_dtype=torch.float32
[precision-diagnostic] first_batch_float_dtype=torch.float32
[precision-diagnostic] first_optimizer_state_float_dtype=torch.float32
0: Max memory allocated after optimizer step: 2.465796608 GB 2.770337792 GB
0: Max memory allocated after optimizer step: 2.465796608 GB 2.770337792 GB
0: Max memory allocated after optimizer step: 2.465796608 GB 2.770337792 GB
0: Max memory allocated after optimizer step: 2.465796608 GB 2.770337792 GB
0: Max memory allocated after optimizer step: 2.465796608 GB 2.770337792 GB
0: Max memory allocated after optimizer step: 2.465796608 GB 2.770337792 GB
0: Max memory allocated after optimizer step: 2.465796608 GB 2.770337792 GB
0: Max memory allocated after optimizer step: 2.465796608 GB 2.770337792 GB
0: Max memory allocated after optimizer step: 2.465796608 GB 2.770337792 GB
0: Max memory allocated after optimizer step: 2.465796608 GB 2.770337792 GB
0: Max memory allocated after optimizer step: 2.465796608 GB 2.770337792 GB
0: Max memory allocated after optimizer step: 2.465796608 GB 2.770337792 GB
0: Max memory allocated after optimizer step: 2.465796608 GB 2.770337792 GB
0: Max memory allocated after optimizer step: 2.465796608 GB 2.770337792 GB
0: Epoch: 35, Train Loss: 0.00474863, Val Loss: 0.00851120, Test Loss: 0.00853483
0: Tasks Train Loss: [0.004748629406094551]
0: Tasks Val Loss: [0.008511200547218323]
0: Tasks Test Loss: [0.008534830994904041]
0: Best Performance Metric: 0.007167
[precision-diagnostic] requested=fp32 model_param_dtype=torch.float32
[precision-diagnostic] first_batch_float_dtype=torch.float32
[precision-diagnostic] first_optimizer_state_float_dtype=torch.float32
0: Max memory allocated after optimizer step: 2.465796608 GB 2.770337792 GB
0: Max memory allocated after optimizer step: 2.465796608 GB 2.770337792 GB
0: Max memory allocated after optimizer step: 2.465796608 GB 2.770337792 GB
0: Max memory allocated after optimizer step: 2.465796608 GB 2.770337792 GB
0: Max memory allocated after optimizer step: 2.465796608 GB 2.770337792 GB
0: Max memory allocated after optimizer step: 2.465796608 GB 2.770337792 GB
0: Max memory allocated after optimizer step: 2.465796608 GB 2.770337792 GB
0: Max memory allocated after optimizer step: 2.465796608 GB 2.770337792 GB
0: Max memory allocated after optimizer step: 2.465796608 GB 2.770337792 GB
0: Max memory allocated after optimizer step: 2.465796608 GB 2.770337792 GB
0: Max memory allocated after optimizer step: 2.465796608 GB 2.770337792 GB
0: Max memory allocated after optimizer step: 2.465796608 GB 2.770337792 GB
0: Max memory allocated after optimizer step: 2.465796608 GB 2.770337792 GB
0: Max memory allocated after optimizer step: 2.465796608 GB 2.770337792 GB
0: Epoch: 36, Train Loss: 0.00468598, Val Loss: 0.00606682, Test Loss: 0.00608543
0: Tasks Train Loss: [0.0046859788708388805]
0: Tasks Val Loss: [0.006066818721592426]
0: Tasks Test Loss: [0.0060854265466332436]
0: Creating Checkpoint: 0.006067
0: Best Performance Metric: 0.006067
[precision-diagnostic] requested=fp32 model_param_dtype=torch.float32
[precision-diagnostic] first_batch_float_dtype=torch.float32
[precision-diagnostic] first_optimizer_state_float_dtype=torch.float32
0: Max memory allocated after optimizer step: 2.465796608 GB 2.770337792 GB
0: Max memory allocated after optimizer step: 2.465796608 GB 2.770337792 GB
0: Max memory allocated after optimizer step: 2.465796608 GB 2.770337792 GB
0: Max memory allocated after optimizer step: 2.465796608 GB 2.770337792 GB
0: Max memory allocated after optimizer step: 2.465796608 GB 2.770337792 GB
0: Max memory allocated after optimizer step: 2.465796608 GB 2.770337792 GB
0: Max memory allocated after optimizer step: 2.465796608 GB 2.770337792 GB
0: Max memory allocated after optimizer step: 2.465796608 GB 2.770337792 GB
0: Max memory allocated after optimizer step: 2.465796608 GB 2.770337792 GB
0: Max memory allocated after optimizer step: 2.465796608 GB 2.770337792 GB
0: Max memory allocated after optimizer step: 2.465796608 GB 2.770337792 GB
0: Max memory allocated after optimizer step: 2.465796608 GB 2.770337792 GB
0: Max memory allocated after optimizer step: 2.465796608 GB 2.770337792 GB
0: Max memory allocated after optimizer step: 2.465796608 GB 2.770337792 GB
0: Epoch: 37, Train Loss: 0.00463024, Val Loss: 0.00577591, Test Loss: 0.00579454
0: Tasks Train Loss: [0.0046302443370223045]
0: Tasks Val Loss: [0.005775908939540386]
0: Tasks Test Loss: [0.005794542375952005]
0: Creating Checkpoint: 0.005776
0: Best Performance Metric: 0.005776
[precision-diagnostic] requested=fp32 model_param_dtype=torch.float32
[precision-diagnostic] first_batch_float_dtype=torch.float32
[precision-diagnostic] first_optimizer_state_float_dtype=torch.float32
0: Max memory allocated after optimizer step: 2.465796608 GB 2.770337792 GB
0: Max memory allocated after optimizer step: 2.465796608 GB 2.770337792 GB
0: Max memory allocated after optimizer step: 2.465796608 GB 2.770337792 GB
0: Max memory allocated after optimizer step: 2.465796608 GB 2.770337792 GB
0: Max memory allocated after optimizer step: 2.465796608 GB 2.770337792 GB
0: Max memory allocated after optimizer step: 2.465796608 GB 2.770337792 GB
0: Max memory allocated after optimizer step: 2.465796608 GB 2.770337792 GB
0: Max memory allocated after optimizer step: 2.465796608 GB 2.770337792 GB
0: Max memory allocated after optimizer step: 2.465796608 GB 2.770337792 GB
0: Max memory allocated after optimizer step: 2.465796608 GB 2.770337792 GB
0: Max memory allocated after optimizer step: 2.465796608 GB 2.770337792 GB
0: Max memory allocated after optimizer step: 2.465796608 GB 2.770337792 GB
0: Max memory allocated after optimizer step: 2.465796608 GB 2.770337792 GB
0: Max memory allocated after optimizer step: 2.465796608 GB 2.770337792 GB
0: Epoch: 38, Train Loss: 0.00457482, Val Loss: 0.00559012, Test Loss: 0.00560632
0: Tasks Train Loss: [0.004574823193252087]
0: Tasks Val Loss: [0.005590124987065792]
0: Tasks Test Loss: [0.0056063150987029076]
0: Creating Checkpoint: 0.005590
0: Best Performance Metric: 0.005590
[precision-diagnostic] requested=fp32 model_param_dtype=torch.float32
[precision-diagnostic] first_batch_float_dtype=torch.float32
[precision-diagnostic] first_optimizer_state_float_dtype=torch.float32
0: Max memory allocated after optimizer step: 2.465796608 GB 2.770337792 GB
0: Max memory allocated after optimizer step: 2.465796608 GB 2.770337792 GB
0: Max memory allocated after optimizer step: 2.465796608 GB 2.770337792 GB
0: Max memory allocated after optimizer step: 2.465796608 GB 2.770337792 GB
0: Max memory allocated after optimizer step: 2.465796608 GB 2.770337792 GB
0: Max memory allocated after optimizer step: 2.465796608 GB 2.770337792 GB
0: Max memory allocated after optimizer step: 2.465796608 GB 2.770337792 GB
0: Max memory allocated after optimizer step: 2.465796608 GB 2.770337792 GB
0: Max memory allocated after optimizer step: 2.465796608 GB 2.770337792 GB
0: Max memory allocated after optimizer step: 2.465796608 GB 2.770337792 GB
0: Max memory allocated after optimizer step: 2.465796608 GB 2.770337792 GB
0: Max memory allocated after optimizer step: 2.465796608 GB 2.770337792 GB
0: Max memory allocated after optimizer step: 2.465796608 GB 2.770337792 GB
0: Max memory allocated after optimizer step: 2.465796608 GB 2.770337792 GB
0: Epoch: 39, Train Loss: 0.00452373, Val Loss: 0.00586896, Test Loss: 0.00589083
0: Tasks Train Loss: [0.004523726645857096]
0: Tasks Val Loss: [0.005868961103260517]
0: Tasks Test Loss: [0.0058908318169415]
0: Best Performance Metric: 0.005590
[precision-diagnostic] requested=fp32 model_param_dtype=torch.float32
[precision-diagnostic] first_batch_float_dtype=torch.float32
[precision-diagnostic] first_optimizer_state_float_dtype=torch.float32
0: Max memory allocated after optimizer step: 2.465796608 GB 2.770337792 GB
0: Max memory allocated after optimizer step: 2.465796608 GB 2.770337792 GB
0: Max memory allocated after optimizer step: 2.465796608 GB 2.770337792 GB
0: Max memory allocated after optimizer step: 2.465796608 GB 2.770337792 GB
0: Max memory allocated after optimizer step: 2.465796608 GB 2.770337792 GB
0: Max memory allocated after optimizer step: 2.465796608 GB 2.770337792 GB
0: Max memory allocated after optimizer step: 2.465796608 GB 2.770337792 GB
0: Max memory allocated after optimizer step: 2.465796608 GB 2.770337792 GB
0: Max memory allocated after optimizer step: 2.465796608 GB 2.770337792 GB
0: Max memory allocated after optimizer step: 2.465796608 GB 2.770337792 GB
0: Max memory allocated after optimizer step: 2.465796608 GB 2.770337792 GB
0: Max memory allocated after optimizer step: 2.465796608 GB 2.770337792 GB
0: Max memory allocated after optimizer step: 2.465796608 GB 2.770337792 GB
0: Max memory allocated after optimizer step: 2.465796608 GB 2.770337792 GB
0: Epoch: 40, Train Loss: 0.00451431, Val Loss: 0.00799652, Test Loss: 0.00803185
0: Tasks Train Loss: [0.004514307714998722]
0: Tasks Val Loss: [0.007996521890163422]
0: Tasks Test Loss: [0.008031846955418587]
0: Best Performance Metric: 0.005590
[precision-diagnostic] requested=fp32 model_param_dtype=torch.float32
[precision-diagnostic] first_batch_float_dtype=torch.float32
[precision-diagnostic] first_optimizer_state_float_dtype=torch.float32
0: Max memory allocated after optimizer step: 2.465796608 GB 2.770337792 GB
0: Max memory allocated after optimizer step: 2.465796608 GB 2.770337792 GB
0: Max memory allocated after optimizer step: 2.465796608 GB 2.770337792 GB
0: Max memory allocated after optimizer step: 2.465796608 GB 2.770337792 GB
0: Max memory allocated after optimizer step: 2.465796608 GB 2.770337792 GB
0: Max memory allocated after optimizer step: 2.465796608 GB 2.770337792 GB
0: Max memory allocated after optimizer step: 2.465796608 GB 2.770337792 GB
0: Max memory allocated after optimizer step: 2.465796608 GB 2.770337792 GB
0: Max memory allocated after optimizer step: 2.465796608 GB 2.770337792 GB
0: Max memory allocated after optimizer step: 2.465796608 GB 2.770337792 GB
0: Max memory allocated after optimizer step: 2.465796608 GB 2.770337792 GB
0: Max memory allocated after optimizer step: 2.465796608 GB 2.770337792 GB
0: Max memory allocated after optimizer step: 2.465796608 GB 2.770337792 GB
0: Max memory allocated after optimizer step: 2.465796608 GB 2.770337792 GB
0: Epoch: 41, Train Loss: 0.00447472, Val Loss: 0.00732238, Test Loss: 0.00732232
0: Tasks Train Loss: [0.004474719986319542]
0: Tasks Val Loss: [0.007322383113205433]
0: Tasks Test Loss: [0.007322316989302635]
0: Best Performance Metric: 0.005590
[precision-diagnostic] requested=fp32 model_param_dtype=torch.float32
[precision-diagnostic] first_batch_float_dtype=torch.float32
[precision-diagnostic] first_optimizer_state_float_dtype=torch.float32
0: Max memory allocated after optimizer step: 2.465796608 GB 2.770337792 GB
0: Max memory allocated after optimizer step: 2.465796608 GB 2.770337792 GB
0: Max memory allocated after optimizer step: 2.465796608 GB 2.770337792 GB
0: Max memory allocated after optimizer step: 2.465796608 GB 2.770337792 GB
0: Max memory allocated after optimizer step: 2.465796608 GB 2.770337792 GB
0: Max memory allocated after optimizer step: 2.465796608 GB 2.770337792 GB
0: Max memory allocated after optimizer step: 2.465796608 GB 2.770337792 GB
0: Max memory allocated after optimizer step: 2.465796608 GB 2.770337792 GB
0: Max memory allocated after optimizer step: 2.465796608 GB 2.770337792 GB
0: Max memory allocated after optimizer step: 2.465796608 GB 2.770337792 GB
0: Max memory allocated after optimizer step: 2.465796608 GB 2.770337792 GB
0: Max memory allocated after optimizer step: 2.465796608 GB 2.770337792 GB
0: Max memory allocated after optimizer step: 2.465796608 GB 2.770337792 GB
0: Max memory allocated after optimizer step: 2.465796608 GB 2.770337792 GB
0: Epoch: 42, Train Loss: 0.00441926, Val Loss: 0.00475153, Test Loss: 0.00476105
0: Tasks Train Loss: [0.004419256933033466]
0: Tasks Val Loss: [0.004751533269882202]
0: Tasks Test Loss: [0.004761046729981899]
0: Creating Checkpoint: 0.004752
0: Best Performance Metric: 0.004752
[precision-diagnostic] requested=fp32 model_param_dtype=torch.float32
[precision-diagnostic] first_batch_float_dtype=torch.float32
[precision-diagnostic] first_optimizer_state_float_dtype=torch.float32
0: Max memory allocated after optimizer step: 2.465796608 GB 2.770337792 GB
0: Max memory allocated after optimizer step: 2.465796608 GB 2.770337792 GB
0: Max memory allocated after optimizer step: 2.465796608 GB 2.770337792 GB
0: Max memory allocated after optimizer step: 2.465796608 GB 2.770337792 GB
0: Max memory allocated after optimizer step: 2.465796608 GB 2.770337792 GB
0: Max memory allocated after optimizer step: 2.465796608 GB 2.770337792 GB
0: Max memory allocated after optimizer step: 2.465796608 GB 2.770337792 GB
0: Max memory allocated after optimizer step: 2.465796608 GB 2.770337792 GB
0: Max memory allocated after optimizer step: 2.465796608 GB 2.770337792 GB
0: Max memory allocated after optimizer step: 2.465796608 GB 2.770337792 GB
0: Max memory allocated after optimizer step: 2.465796608 GB 2.770337792 GB
0: Max memory allocated after optimizer step: 2.465796608 GB 2.770337792 GB
0: Max memory allocated after optimizer step: 2.465796608 GB 2.770337792 GB
0: Max memory allocated after optimizer step: 2.465796608 GB 2.770337792 GB
0: Epoch: 43, Train Loss: 0.00435935, Val Loss: 0.00492988, Test Loss: 0.00493675
0: Tasks Train Loss: [0.004359349608421326]
0: Tasks Val Loss: [0.0049298848025500774]
0: Tasks Test Loss: [0.004936745390295982]
0: Best Performance Metric: 0.004752
[precision-diagnostic] requested=fp32 model_param_dtype=torch.float32
[precision-diagnostic] first_batch_float_dtype=torch.float32
[precision-diagnostic] first_optimizer_state_float_dtype=torch.float32
0: Max memory allocated after optimizer step: 2.465796608 GB 2.770337792 GB
0: Max memory allocated after optimizer step: 2.465796608 GB 2.770337792 GB
0: Max memory allocated after optimizer step: 2.465796608 GB 2.770337792 GB
0: Max memory allocated after optimizer step: 2.465796608 GB 2.770337792 GB
0: Max memory allocated after optimizer step: 2.465796608 GB 2.770337792 GB
0: Max memory allocated after optimizer step: 2.465796608 GB 2.770337792 GB
0: Max memory allocated after optimizer step: 2.465796608 GB 2.770337792 GB
0: Max memory allocated after optimizer step: 2.465796608 GB 2.770337792 GB
0: Max memory allocated after optimizer step: 2.465796608 GB 2.770337792 GB
0: Max memory allocated after optimizer step: 2.465796608 GB 2.770337792 GB
0: Max memory allocated after optimizer step: 2.465796608 GB 2.770337792 GB
0: Max memory allocated after optimizer step: 2.465796608 GB 2.770337792 GB
0: Max memory allocated after optimizer step: 2.465796608 GB 2.770337792 GB
0: Max memory allocated after optimizer step: 2.465796608 GB 2.770337792 GB
0: Epoch: 44, Train Loss: 0.00430050, Val Loss: 0.00465723, Test Loss: 0.00466898
0: Tasks Train Loss: [0.004300503991544247]
0: Tasks Val Loss: [0.004657229408621788]
0: Tasks Test Loss: [0.004668984096497297]
0: Creating Checkpoint: 0.004657
0: Best Performance Metric: 0.004657
[precision-diagnostic] requested=fp32 model_param_dtype=torch.float32
[precision-diagnostic] first_batch_float_dtype=torch.float32
[precision-diagnostic] first_optimizer_state_float_dtype=torch.float32
0: Max memory allocated after optimizer step: 2.465796608 GB 2.770337792 GB
0: Max memory allocated after optimizer step: 2.465796608 GB 2.770337792 GB
0: Max memory allocated after optimizer step: 2.465796608 GB 2.770337792 GB
0: Max memory allocated after optimizer step: 2.465796608 GB 2.770337792 GB
0: Max memory allocated after optimizer step: 2.465796608 GB 2.770337792 GB
0: Max memory allocated after optimizer step: 2.465796608 GB 2.770337792 GB
0: Max memory allocated after optimizer step: 2.465796608 GB 2.770337792 GB
0: Max memory allocated after optimizer step: 2.465796608 GB 2.770337792 GB
0: Max memory allocated after optimizer step: 2.465796608 GB 2.770337792 GB
0: Max memory allocated after optimizer step: 2.465796608 GB 2.770337792 GB
0: Max memory allocated after optimizer step: 2.465796608 GB 2.770337792 GB
0: Max memory allocated after optimizer step: 2.465796608 GB 2.770337792 GB
0: Max memory allocated after optimizer step: 2.465796608 GB 2.770337792 GB
0: Max memory allocated after optimizer step: 2.465796608 GB 2.770337792 GB
0: Epoch: 45, Train Loss: 0.00424272, Val Loss: 0.00545206, Test Loss: 0.00546360
0: Tasks Train Loss: [0.0042427233420312405]
0: Tasks Val Loss: [0.005452062003314495]
0: Tasks Test Loss: [0.005463595502078533]
0: Best Performance Metric: 0.004657
[precision-diagnostic] requested=fp32 model_param_dtype=torch.float32
[precision-diagnostic] first_batch_float_dtype=torch.float32
[precision-diagnostic] first_optimizer_state_float_dtype=torch.float32
0: Max memory allocated after optimizer step: 2.465796608 GB 2.770337792 GB
0: Max memory allocated after optimizer step: 2.465796608 GB 2.770337792 GB
0: Max memory allocated after optimizer step: 2.465796608 GB 2.770337792 GB
0: Max memory allocated after optimizer step: 2.465796608 GB 2.770337792 GB
0: Max memory allocated after optimizer step: 2.465796608 GB 2.770337792 GB
0: Max memory allocated after optimizer step: 2.465796608 GB 2.770337792 GB
0: Max memory allocated after optimizer step: 2.465796608 GB 2.770337792 GB
0: Max memory allocated after optimizer step: 2.465796608 GB 2.770337792 GB
0: Max memory allocated after optimizer step: 2.465796608 GB 2.770337792 GB
0: Max memory allocated after optimizer step: 2.465796608 GB 2.770337792 GB
0: Max memory allocated after optimizer step: 2.465796608 GB 2.770337792 GB
0: Max memory allocated after optimizer step: 2.465796608 GB 2.770337792 GB
0: Max memory allocated after optimizer step: 2.465796608 GB 2.770337792 GB
0: Max memory allocated after optimizer step: 2.465796608 GB 2.770337792 GB
0: Epoch: 46, Train Loss: 0.00434310, Val Loss: 0.00717424, Test Loss: 0.00719118
0: Tasks Train Loss: [0.004343097098171711]
0: Tasks Val Loss: [0.007174237165600061]
0: Tasks Test Loss: [0.007191176991909742]
0: Best Performance Metric: 0.004657
[precision-diagnostic] requested=fp32 model_param_dtype=torch.float32
[precision-diagnostic] first_batch_float_dtype=torch.float32
[precision-diagnostic] first_optimizer_state_float_dtype=torch.float32
0: Max memory allocated after optimizer step: 2.465796608 GB 2.770337792 GB
0: Max memory allocated after optimizer step: 2.465796608 GB 2.770337792 GB
0: Max memory allocated after optimizer step: 2.465796608 GB 2.770337792 GB
0: Max memory allocated after optimizer step: 2.465796608 GB 2.770337792 GB
0: Max memory allocated after optimizer step: 2.465796608 GB 2.770337792 GB
0: Max memory allocated after optimizer step: 2.465796608 GB 2.770337792 GB
0: Max memory allocated after optimizer step: 2.465796608 GB 2.770337792 GB
0: Max memory allocated after optimizer step: 2.465796608 GB 2.770337792 GB
0: Max memory allocated after optimizer step: 2.465796608 GB 2.770337792 GB
0: Max memory allocated after optimizer step: 2.465796608 GB 2.770337792 GB
0: Max memory allocated after optimizer step: 2.465796608 GB 2.770337792 GB
0: Max memory allocated after optimizer step: 2.465796608 GB 2.770337792 GB
0: Max memory allocated after optimizer step: 2.465796608 GB 2.770337792 GB
0: Max memory allocated after optimizer step: 2.465796608 GB 2.770337792 GB
0: Epoch: 47, Train Loss: 0.00420134, Val Loss: 0.02555749, Test Loss: 0.02563435
0: Tasks Train Loss: [0.00420133862644434]
0: Tasks Val Loss: [0.025557490065693855]
0: Tasks Test Loss: [0.02563435398042202]
0: Best Performance Metric: 0.004657
[precision-diagnostic] requested=fp32 model_param_dtype=torch.float32
[precision-diagnostic] first_batch_float_dtype=torch.float32
[precision-diagnostic] first_optimizer_state_float_dtype=torch.float32
0: Max memory allocated after optimizer step: 2.465796608 GB 2.770337792 GB
0: Max memory allocated after optimizer step: 2.465796608 GB 2.770337792 GB
0: Max memory allocated after optimizer step: 2.465796608 GB 2.770337792 GB
0: Max memory allocated after optimizer step: 2.465796608 GB 2.770337792 GB
0: Max memory allocated after optimizer step: 2.465796608 GB 2.770337792 GB
0: Max memory allocated after optimizer step: 2.465796608 GB 2.770337792 GB
0: Max memory allocated after optimizer step: 2.465796608 GB 2.770337792 GB
0: Max memory allocated after optimizer step: 2.465796608 GB 2.770337792 GB
0: Max memory allocated after optimizer step: 2.465796608 GB 2.770337792 GB
0: Max memory allocated after optimizer step: 2.465796608 GB 2.770337792 GB
0: Max memory allocated after optimizer step: 2.465796608 GB 2.770337792 GB
0: Max memory allocated after optimizer step: 2.465796608 GB 2.770337792 GB
0: Max memory allocated after optimizer step: 2.465796608 GB 2.770337792 GB
0: Max memory allocated after optimizer step: 2.465796608 GB 2.770337792 GB
0: Epoch: 48, Train Loss: 0.00412415, Val Loss: 0.01129001, Test Loss: 0.01130691
0: Tasks Train Loss: [0.004124147817492485]
0: Tasks Val Loss: [0.011290010996162891]
0: Tasks Test Loss: [0.011306910775601864]
0: Best Performance Metric: 0.004657
[precision-diagnostic] requested=fp32 model_param_dtype=torch.float32
[precision-diagnostic] first_batch_float_dtype=torch.float32
[precision-diagnostic] first_optimizer_state_float_dtype=torch.float32
0: Max memory allocated after optimizer step: 2.465796608 GB 2.770337792 GB
0: Max memory allocated after optimizer step: 2.465796608 GB 2.770337792 GB
0: Max memory allocated after optimizer step: 2.465796608 GB 2.770337792 GB
0: Max memory allocated after optimizer step: 2.465796608 GB 2.770337792 GB
0: Max memory allocated after optimizer step: 2.465796608 GB 2.770337792 GB
0: Max memory allocated after optimizer step: 2.465796608 GB 2.770337792 GB
0: Max memory allocated after optimizer step: 2.465796608 GB 2.770337792 GB
0: Max memory allocated after optimizer step: 2.465796608 GB 2.770337792 GB
0: Max memory allocated after optimizer step: 2.465796608 GB 2.770337792 GB
0: Max memory allocated after optimizer step: 2.465796608 GB 2.770337792 GB
0: Max memory allocated after optimizer step: 2.465796608 GB 2.770337792 GB
0: Max memory allocated after optimizer step: 2.465796608 GB 2.770337792 GB
0: Max memory allocated after optimizer step: 2.465796608 GB 2.770337792 GB
0: Max memory allocated after optimizer step: 2.465796608 GB 2.770337792 GB
0: Epoch: 49, Train Loss: 0.00405307, Val Loss: 0.00974771, Test Loss: 0.00976377
0: Tasks Train Loss: [0.004053068812936544]
0: Tasks Val Loss: [0.009747713804244995]
0: Tasks Test Loss: [0.009763769805431366]
0: Best Performance Metric: 0.004657
[diag][rank 0][3067843.840] Exited train_validate_test
0: Process 0 - Local timer:  train_validate_test  :  174.97
0: Process 0 - Local timer:  create_model  :  0.06
0: Minimum timers: 
0: train_validate_test  :  174.83
0: create_model  :  0.06
0: Maximum timers: 
0: train_validate_test  :  174.97
0: create_model  :  0.06
0: Average timers: 
0: train_validate_test  :  174.9
0: create_model  :  0.06
0: Number of calls to timers: 
0: {'create_model': 1, 'train_validate_test': 1}
