Running "module reset". Resetting modules to system default. The following $MODULEPATH directories have been removed: None
-------------------------------------------------------------------------------
There are messages associated with the following module(s):
-------------------------------------------------------------------------------

DefApps:
   ROCm/5.x modules and HPE/Cray Programming Environment (CPE) versions <=
   23.12 were removed on July 1, 2026. For more information regarding the
   removal, please see https://docs.olcf.ornl.gov/software/software-news.html#frontier-software-changes-july-1-2026

-------------------------------------------------------------------------------


The following have been reloaded with a version change:
  1) PrgEnv-cray/8.6.0 => PrgEnv-cray/8.5.0
  2) cce/18.0.1 => cce/18.0.0
  3) cray-libsci/24.11.0 => cray-libsci/24.07.0
  4) cray-mpich/8.1.31 => cray-mpich/8.1.30
  5) cray-pmi/6.1.15 => cray-pmi/6.1.15.21
  6) craype/2.7.33 => craype/2.7.32
  7) darshan-runtime/3.4.6-mpi => darshan-runtime/3.4.4-mpi
  8) perftools-base/24.11.0 => perftools-base/24.07.0

Lmod Warning:
================================================================================

    Mixed compiler modules are being deprecated in a future release.
    For more information run: module help amd-mixed

================================================================================


While processing the following module(s):
    Module fullname  Module Filename
    ---------------  ---------------
    amd-mixed/7.1.1  /opt/cray/pe/lmod/modulefiles/mix_compilers/amd-mixed/7.1.1.lua


Lmod is automatically replacing "cce/18.0.0" with "gcc-native/13.2".


Lmod is automatically replacing "PrgEnv-cray/8.5.0" with "PrgEnv-gnu/8.5.0".

Lmod Warning:
================================================================================

    Mixed compiler modules are being deprecated in a future release.
    For more information run: module help amd-mixed

================================================================================


While processing the following module(s):
    Module fullname  Module Filename
    ---------------  ---------------
    amd-mixed/7.1.1  /opt/cray/pe/lmod/modulefiles/mix_compilers/amd-mixed/7.1.1.lua


Due to MODULEPATH changes, the following have been reloaded:
  1) cray-libsci/24.07.0     2) cray-mpich/8.1.30     3) darshan-runtime/3.4.4-mpi

Lmod Warning:
================================================================================

    Mixed compiler modules are being deprecated in a future release.
    For more information run: module help amd-mixed

================================================================================


While processing the following module(s):
    Module fullname  Module Filename
    ---------------  ---------------
    amd-mixed/7.1.1  /opt/cray/pe/lmod/modulefiles/mix_compilers/amd-mixed/7.1.1.lua

/lustre/orion/lrn070/proj-shared/ndelingat/HydraGNN/installation_DOE_supercomputers/HydraGNN-Installation-Frontier/hydragnn_venv/bin/python3.11
2.10.2 /lustre/orion/lrn070/proj-shared/ndelingat/HydraGNN/installation_DOE_supercomputers/HydraGNN-Installation-Frontier/hydragnn_venv/lib/python3.11/site-packages/adios2/__init__.py
2.12.1+rocm7.1 /lustre/orion/lrn070/proj-shared/ndelingat/HydraGNN/installation_DOE_supercomputers/HydraGNN-Installation-Frontier/hydragnn_venv/lib/python3.11/site-packages/torch/__init__.py

Note: the module "darshan-runtime" cannot be unloaded because it was not
loaded.

Lmod Warning:
================================================================================

    Mixed compiler modules are being deprecated in a future release.
    For more information run: module help amd-mixed

================================================================================


While processing the following module(s):
    Module fullname  Module Filename
    ---------------  ---------------
    amd-mixed/7.1.1  /opt/cray/pe/lmod/modulefiles/mix_compilers/amd-mixed/7.1.1.lua


Currently Loaded Modules:
  1) craype-x86-trento                13) rocm/7.1.1
  2) libfabric/2.3.1                  14) amd-mixed/7.1.1
  3) craype-network-ofi               15) craype-accel-amd-gfx90a
  4) xpmem/1.0.1-1.5_1_gfb6998056825  16) gcc-native/13.2
  5) Core/25.03                       17) craype/2.7.32
  6) tmux/3.4                         18) cray-dsmml/0.3.0
  7) hsi/default                      19) cray-mpich/8.1.30
  8) lfs-wrapper/0.0.1                20) cray-libsci/24.07.0
  9) DefApps                          21) PrgEnv-gnu/8.5.0
 10) cray-pmi/6.1.15.21               22) miniforge3/23.11.0-0
 11) perftools-base/24.07.0           23) git-lfs/3.5.1
 12) cpe/24.07

 

/opt/rocm-7.1.1/lib
/opt/rocm-7.1.1/llvm/lib
/opt/rocm-7.1.1/lib/roctracer
/opt/rocm-7.1.1/lib/rocprofiler
/opt/cray/pe/papi/7.1.0.2/lib64
/opt/cray/libfabric/2.3.1/lib64
PE_PRODUCT_LIST=CRAYPE:CRAY_PMI:CRAYPE_X86_TRENTO:PERFTOOLS:CRAYPAT:CRAY_ROCM:CRAY_ACCEL
ROCM_PATH=/opt/rocm-7.1.1
CRAY_ROCM_POST_LINK_OPTS= -L/opt/rocm-7.1.1/lib -L/opt/rocm-7.1.1/lib/rocprofiler -L/opt/rocm-7.1.1/lib/roctracer -lamdhip64
CRAY_ROCM_PREFIX=/opt/rocm-7.1.1
CRAY_ROCM_DIR=/opt/rocm-7.1.1
CRAY_ROCM_VERSION=7.1.1
CRAY_ROCM_INCLUDE_OPTS=-I/opt/rocm-7.1.1/include -I/opt/rocm-7.1.1/include/rocprofiler -I/opt/rocm-7.1.1/include/roctracer -I/opt/rocm-7.1.1/include/hip -D__HIP_PLATFORM_AMD__
__LMOD_REF_COUNT_PE_PRODUCT_LIST=CRAYPE:1;CRAY_PMI:1;CRAYPE_X86_TRENTO:1;PERFTOOLS:1;CRAYPAT:1;CRAY_ROCM:1;CRAY_ACCEL:1
MINICOM=-c on
MPICH_OFI_NIC_POLICY=NUMA
MPICH_DIR=/opt/cray/pe/mpich/8.1.30/ofi/gnu/12.3
HYDRA_LAUNCHER_EXTRA_ARGS=--external-launcher
HYDRA_BOOTSTRAP=slurm
/lustre/orion/lrn070/proj-shared/ndelingat/HydraGNN/installation_DOE_supercomputers/HydraGNN-Installation-Frontier/hydragnn_venv/bin/python3.11
1.26.4

============================================================
 HydraGNN oversmoothing array training
 Array task  : 1 / 2
 Config      : oversmoothing_configs/16_heteroheat_depth_01_no_gps.json
 Run name    : 16_heteroheat_depth_01_no_gps-5039275-1
 Case        : pglib_opf_case14_ieee
 Nodes       : 2
 GPUs/ranks  : 16
 Epochs      : 20
 Batch size  : 32
============================================================

WARNING: All log messages before absl::InitializeLog() is called are written to STDERR
I0000 00:00:1784579118.936013 1257753 cudart_stub.cc:31] Could not find cuda drivers on your machine, GPU will not be used.
WARNING: All log messages before absl::InitializeLog() is called are written to STDERR
I0000 00:00:1784579118.935981 1257754 cudart_stub.cc:31] Could not find cuda drivers on your machine, GPU will not be used.
WARNING: All log messages before absl::InitializeLog() is called are written to STDERR
I0000 00:00:1784579118.936003 1257755 cudart_stub.cc:31] Could not find cuda drivers on your machine, GPU will not be used.
WARNING: All log messages before absl::InitializeLog() is called are written to STDERR
I0000 00:00:1784579118.935972 1257756 cudart_stub.cc:31] Could not find cuda drivers on your machine, GPU will not be used.
WARNING: All log messages before absl::InitializeLog() is called are written to STDERR
I0000 00:00:1784579118.935990 1257759 cudart_stub.cc:31] Could not find cuda drivers on your machine, GPU will not be used.
WARNING: All log messages before absl::InitializeLog() is called are written to STDERR
I0000 00:00:1784579118.936004 1257752 cudart_stub.cc:31] Could not find cuda drivers on your machine, GPU will not be used.
WARNING: All log messages before absl::InitializeLog() is called are written to STDERR
I0000 00:00:1784579118.935999 1257757 cudart_stub.cc:31] Could not find cuda drivers on your machine, GPU will not be used.
WARNING: All log messages before absl::InitializeLog() is called are written to STDERR
I0000 00:00:1784579118.936025 1257758 cudart_stub.cc:31] Could not find cuda drivers on your machine, GPU will not be used.
WARNING: All log messages before absl::InitializeLog() is called are written to STDERR
I0000 00:00:1784579118.944759 3719199 cudart_stub.cc:31] Could not find cuda drivers on your machine, GPU will not be used.
WARNING: All log messages before absl::InitializeLog() is called are written to STDERR
I0000 00:00:1784579118.944732 3719200 cudart_stub.cc:31] Could not find cuda drivers on your machine, GPU will not be used.
WARNING: All log messages before absl::InitializeLog() is called are written to STDERR
I0000 00:00:1784579118.944756 3719201 cudart_stub.cc:31] Could not find cuda drivers on your machine, GPU will not be used.
WARNING: All log messages before absl::InitializeLog() is called are written to STDERR
I0000 00:00:1784579118.944776 3719202 cudart_stub.cc:31] Could not find cuda drivers on your machine, GPU will not be used.
WARNING: All log messages before absl::InitializeLog() is called are written to STDERR
I0000 00:00:1784579118.944745 3719203 cudart_stub.cc:31] Could not find cuda drivers on your machine, GPU will not be used.
WARNING: All log messages before absl::InitializeLog() is called are written to STDERR
I0000 00:00:1784579118.944721 3719204 cudart_stub.cc:31] Could not find cuda drivers on your machine, GPU will not be used.
WARNING: All log messages before absl::InitializeLog() is called are written to STDERR
I0000 00:00:1784579118.944750 3719205 cudart_stub.cc:31] Could not find cuda drivers on your machine, GPU will not be used.
WARNING: All log messages before absl::InitializeLog() is called are written to STDERR
I0000 00:00:1784579118.944773 3719206 cudart_stub.cc:31] Could not find cuda drivers on your machine, GPU will not be used.
I0000 00:00:1784579125.969898 3719200 cpu_feature_guard.cc:227] This TensorFlow binary is optimized to use available CPU instructions in performance-critical operations.
To enable the following instructions: AVX2 FMA, in other operations, rebuild TensorFlow with the appropriate compiler flags.
I0000 00:00:1784579125.969881 3719201 cpu_feature_guard.cc:227] This TensorFlow binary is optimized to use available CPU instructions in performance-critical operations.
To enable the following instructions: AVX2 FMA, in other operations, rebuild TensorFlow with the appropriate compiler flags.
I0000 00:00:1784579125.969888 3719202 cpu_feature_guard.cc:227] This TensorFlow binary is optimized to use available CPU instructions in performance-critical operations.
To enable the following instructions: AVX2 FMA, in other operations, rebuild TensorFlow with the appropriate compiler flags.
I0000 00:00:1784579125.969875 3719204 cpu_feature_guard.cc:227] This TensorFlow binary is optimized to use available CPU instructions in performance-critical operations.
To enable the following instructions: AVX2 FMA, in other operations, rebuild TensorFlow with the appropriate compiler flags.
I0000 00:00:1784579125.969953 3719199 cpu_feature_guard.cc:227] This TensorFlow binary is optimized to use available CPU instructions in performance-critical operations.
To enable the following instructions: AVX2 FMA, in other operations, rebuild TensorFlow with the appropriate compiler flags.
I0000 00:00:1784579125.969944 3719203 cpu_feature_guard.cc:227] This TensorFlow binary is optimized to use available CPU instructions in performance-critical operations.
To enable the following instructions: AVX2 FMA, in other operations, rebuild TensorFlow with the appropriate compiler flags.
I0000 00:00:1784579125.970083 1257754 cpu_feature_guard.cc:227] This TensorFlow binary is optimized to use available CPU instructions in performance-critical operations.
To enable the following instructions: AVX2 FMA, in other operations, rebuild TensorFlow with the appropriate compiler flags.
I0000 00:00:1784579125.969949 3719205 cpu_feature_guard.cc:227] This TensorFlow binary is optimized to use available CPU instructions in performance-critical operations.
To enable the following instructions: AVX2 FMA, in other operations, rebuild TensorFlow with the appropriate compiler flags.
I0000 00:00:1784579125.970100 1257755 cpu_feature_guard.cc:227] This TensorFlow binary is optimized to use available CPU instructions in performance-critical operations.
To enable the following instructions: AVX2 FMA, in other operations, rebuild TensorFlow with the appropriate compiler flags.
I0000 00:00:1784579125.969931 3719206 cpu_feature_guard.cc:227] This TensorFlow binary is optimized to use available CPU instructions in performance-critical operations.
To enable the following instructions: AVX2 FMA, in other operations, rebuild TensorFlow with the appropriate compiler flags.
I0000 00:00:1784579125.970089 1257756 cpu_feature_guard.cc:227] This TensorFlow binary is optimized to use available CPU instructions in performance-critical operations.
To enable the following instructions: AVX2 FMA, in other operations, rebuild TensorFlow with the appropriate compiler flags.
I0000 00:00:1784579125.970108 1257757 cpu_feature_guard.cc:227] This TensorFlow binary is optimized to use available CPU instructions in performance-critical operations.
To enable the following instructions: AVX2 FMA, in other operations, rebuild TensorFlow with the appropriate compiler flags.
I0000 00:00:1784579125.970075 1257759 cpu_feature_guard.cc:227] This TensorFlow binary is optimized to use available CPU instructions in performance-critical operations.
To enable the following instructions: AVX2 FMA, in other operations, rebuild TensorFlow with the appropriate compiler flags.
I0000 00:00:1784579125.970121 1257752 cpu_feature_guard.cc:227] This TensorFlow binary is optimized to use available CPU instructions in performance-critical operations.
To enable the following instructions: AVX2 FMA, in other operations, rebuild TensorFlow with the appropriate compiler flags.
I0000 00:00:1784579125.970125 1257753 cpu_feature_guard.cc:227] This TensorFlow binary is optimized to use available CPU instructions in performance-critical operations.
To enable the following instructions: AVX2 FMA, in other operations, rebuild TensorFlow with the appropriate compiler flags.
I0000 00:00:1784579125.970126 1257758 cpu_feature_guard.cc:227] This TensorFlow binary is optimized to use available CPU instructions in performance-critical operations.
To enable the following instructions: AVX2 FMA, in other operations, rebuild TensorFlow with the appropriate compiler flags.
WARNING: All log messages before absl::InitializeLog() is called are written to STDERR
I0000 00:00:1784579130.391901 1257752 cudart_stub.cc:31] Could not find cuda drivers on your machine, GPU will not be used.
WARNING: All log messages before absl::InitializeLog() is called are written to STDERR
I0000 00:00:1784579130.391935 3719206 cudart_stub.cc:31] Could not find cuda drivers on your machine, GPU will not be used.
WARNING: All log messages before absl::InitializeLog() is called are written to STDERR
I0000 00:00:1784579130.391944 1257757 cudart_stub.cc:31] Could not find cuda drivers on your machine, GPU will not be used.
WARNING: All log messages before absl::InitializeLog() is called are written to STDERR
I0000 00:00:1784579130.391966 3719204 cudart_stub.cc:31] Could not find cuda drivers on your machine, GPU will not be used.
WARNING: All log messages before absl::InitializeLog() is called are written to STDERR
I0000 00:00:1784579130.391964 1257754 cudart_stub.cc:31] Could not find cuda drivers on your machine, GPU will not be used.
WARNING: All log messages before absl::InitializeLog() is called are written to STDERR
I0000 00:00:1784579130.392013 3719200 cudart_stub.cc:31] Could not find cuda drivers on your machine, GPU will not be used.
WARNING: All log messages before absl::InitializeLog() is called are written to STDERR
I0000 00:00:1784579130.391990 1257755 cudart_stub.cc:31] Could not find cuda drivers on your machine, GPU will not be used.
WARNING: All log messages before absl::InitializeLog() is called are written to STDERR
I0000 00:00:1784579130.392005 3719202 cudart_stub.cc:31] Could not find cuda drivers on your machine, GPU will not be used.
WARNING: All log messages before absl::InitializeLog() is called are written to STDERR
I0000 00:00:1784579130.391992 1257758 cudart_stub.cc:31] Could not find cuda drivers on your machine, GPU will not be used.
WARNING: All log messages before absl::InitializeLog() is called are written to STDERR
WARNING: All log messages before absl::InitializeLog() is called are written to STDERR
I0000 00:00:1784579130.391980 1257753 cudart_stub.cc:31] Could not find cuda drivers on your machine, GPU will not be used.
WARNING: All log messages before absl::InitializeLog() is called are written to STDERR
I0000 00:00:1784579130.392028 3719199 cudart_stub.cc:31] Could not find cuda drivers on your machine, GPU will not be used.
WARNING: All log messages before absl::InitializeLog() is called are written to STDERR
I0000 00:00:1784579130.391999 1257756 cudart_stub.cc:31] Could not find cuda drivers on your machine, GPU will not be used.
WARNING: All log messages before absl::InitializeLog() is called are written to STDERR
I0000 00:00:1784579130.392041 3719201 cudart_stub.cc:31] Could not find cuda drivers on your machine, GPU will not be used.
WARNING: All log messages before absl::InitializeLog() is called are written to STDERR
I0000 00:00:1784579130.392015 1257759 cudart_stub.cc:31] Could not find cuda drivers on your machine, GPU will not be used.
WARNING: All log messages before absl::InitializeLog() is called are written to STDERR
I0000 00:00:1784579130.392037 3719203 cudart_stub.cc:31] Could not find cuda drivers on your machine, GPU will not be used.
I0000 00:00:1784579130.392021 3719205 cudart_stub.cc:31] Could not find cuda drivers on your machine, GPU will not be used.
Distributed data parallel: nccl master at 10.128.110.52:49277
[W720 16:25:33.747061867 socket.cpp:764] [c10d] The client socket cannot be initialized to connect to [frontier07048.frontier.olcf.ornl.gov]:49277 (errno: 97 - Address family not supported by protocol).
[W720 16:25:33.749987103 socket.cpp:764] [c10d] The client socket cannot be initialized to connect to [frontier07048.frontier.olcf.ornl.gov]:49277 (errno: 97 - Address family not supported by protocol).
[W720 16:25:33.751843336 socket.cpp:764] [c10d] The client socket cannot be initialized to connect to [frontier07048.frontier.olcf.ornl.gov]:49277 (errno: 97 - Address family not supported by protocol).
[W720 16:25:33.753640283 socket.cpp:764] [c10d] The client socket cannot be initialized to connect to [frontier07048.frontier.olcf.ornl.gov]:49277 (errno: 97 - Address family not supported by protocol).
[W720 16:25:33.755531754 socket.cpp:764] [c10d] The client socket cannot be initialized to connect to [frontier07048.frontier.olcf.ornl.gov]:49277 (errno: 97 - Address family not supported by protocol).
[W720 16:25:33.757060651 socket.cpp:764] [c10d] The client socket cannot be initialized to connect to [frontier07048.frontier.olcf.ornl.gov]:49277 (errno: 97 - Address family not supported by protocol).
[W720 16:25:33.757317980 socket.cpp:764] [c10d] The client socket cannot be initialized to connect to [frontier07048.frontier.olcf.ornl.gov]:49277 (errno: 97 - Address family not supported by protocol).
[W720 16:25:33.758080891 socket.cpp:764] [c10d] The client socket cannot be initialized to connect to [frontier07048.frontier.olcf.ornl.gov]:49277 (errno: 97 - Address family not supported by protocol).
INFO (rank 1): trainset,valset,testset size: 270000 15000 15000
INFO (rank 4): trainset,valset,testset size: 270000 15000 15000
INFO (rank 7): trainset,valset,testset size: 270000 15000 15000
[W720 16:25:34.635700516 socket.cpp:764] [c10d] The client socket cannot be initialized to connect to [frontier07048.frontier.olcf.ornl.gov]:49277 (errno: 97 - Address family not supported by protocol).
[W720 16:25:34.635725785 socket.cpp:764] [c10d] The client socket cannot be initialized to connect to [frontier07048.frontier.olcf.ornl.gov]:49277 (errno: 97 - Address family not supported by protocol).
[W720 16:25:34.638216001 socket.cpp:764] [c10d] The client socket cannot be initialized to connect to [frontier07048.frontier.olcf.ornl.gov]:49277 (errno: 97 - Address family not supported by protocol).
[W720 16:25:34.638376342 socket.cpp:764] [c10d] The client socket cannot be initialized to connect to [frontier07048.frontier.olcf.ornl.gov]:49277 (errno: 97 - Address family not supported by protocol).
[W720 16:25:34.640811401 socket.cpp:764] [c10d] The client socket cannot be initialized to connect to [frontier07048.frontier.olcf.ornl.gov]:49277 (errno: 97 - Address family not supported by protocol).
[W720 16:25:34.641278056 socket.cpp:764] [c10d] The client socket cannot be initialized to connect to [frontier07048.frontier.olcf.ornl.gov]:49277 (errno: 97 - Address family not supported by protocol).
[W720 16:25:34.641735482 socket.cpp:764] [c10d] The client socket cannot be initialized to connect to [frontier07048.frontier.olcf.ornl.gov]:49277 (errno: 97 - Address family not supported by protocol).
[W720 16:25:34.641893649 socket.cpp:764] [c10d] The client socket cannot be initialized to connect to [frontier07048.frontier.olcf.ornl.gov]:49277 (errno: 97 - Address family not supported by protocol).
INFO (rank 8): trainset,valset,testset size: 270000 15000 15000
INFO (rank 10): trainset,valset,testset size: 270000 15000 15000
INFO (rank 11): trainset,valset,testset size: 270000 15000 15000
INFO (rank 13): trainset,valset,testset size: 270000 15000 15000
INFO (rank 15): trainset,valset,testset size: 270000 15000 15000
INFO (rank 9): trainset,valset,testset size: 270000 15000 15000
INFO (rank 12): trainset,valset,testset size: 270000 15000 15000
INFO (rank 14): trainset,valset,testset size: 270000 15000 15000
INFO (rank 2): trainset,valset,testset size: 270000 15000 15000
INFO (rank 6): trainset,valset,testset size: 270000 15000 15000
INFO (rank 5): trainset,valset,testset size: 270000 15000 15000
INFO (rank 3): trainset,valset,testset size: 270000 15000 15000
INFO (rank 0): HDF5 training mode: skipping OPF case discovery/download/split preparation.
INFO (rank 0): trainset,valset,testset size: 270000 15000 15000
0: Using GPU
Using FSDP: False Version: 1 Sharding: ShardingStrategy.FULL_SHARD
Using FSDP: False Version: 1 Sharding: ShardingStrategy.FULL_SHARD
Using FSDP: False Version: 1 Sharding: ShardingStrategy.FULL_SHARD
Using FSDP: False Version: 1 Sharding: ShardingStrategy.FULL_SHARD
Using FSDP: False Version: 1 Sharding: ShardingStrategy.FULL_SHARD
Using FSDP: False Version: 1 Sharding: ShardingStrategy.FULL_SHARD
Using FSDP: False Version: 1 Sharding: ShardingStrategy.FULL_SHARD
Using FSDP: False Version: 1 Sharding: ShardingStrategy.FULL_SHARD
Using FSDP: False Version: 1 Sharding: ShardingStrategy.FULL_SHARD
Using FSDP: False Version: 1 Sharding: ShardingStrategy.FULL_SHARD
Using FSDP: False Version: 1 Sharding: ShardingStrategy.FULL_SHARD
Using FSDP: False Version: 1 Sharding: ShardingStrategy.FULL_SHARD
Using FSDP: False Version: 1 Sharding: ShardingStrategy.FULL_SHARD
Using FSDP: False Version: 1 Sharding: ShardingStrategy.FULL_SHARD
0: CPUs, NVIDIA, and AMD GPUs do not need optimize wrapper
0: Using GPU
Using FSDP: False Version: 1 Sharding: ShardingStrategy.FULL_SHARD
Using FSDP: False Version: 1 Sharding: ShardingStrategy.FULL_SHARD
[diag][rank 0][3057201.363] Entering print_model
0:   module.graph_convs.0.heat_conv.hetero_lin.weight	         [4, 64, 64]	     16384
0:     module.graph_convs.0.heat_conv.hetero_lin.bias	             [4, 64]	       256
0: module.graph_convs.0.heat_conv.edge_type_emb.weight	             [8, 16]	       128
0: module.graph_convs.0.heat_conv.edge_attr_emb.weight	            [16, 64]	      1024
0:          module.graph_convs.0.heat_conv.att.weight	            [4, 160]	       640
0:          module.graph_convs.0.heat_conv.lin.weight	            [64, 80]	      5120
0:            module.graph_convs.0.heat_conv.lin.bias	                [64]	        64
0:          module.feature_layers.0.bus.module.weight	                [64]	        64
0:            module.feature_layers.0.bus.module.bias	                [64]	        64
0:    module.feature_layers.0.bus.module.running_mean	                [64]	        64
0:     module.feature_layers.0.bus.module.running_var	                [64]	        64
0: module.feature_layers.0.bus.module.num_batches_tracked	                  []	         1
0:    module.feature_layers.0.generator.module.weight	                [64]	        64
0:      module.feature_layers.0.generator.module.bias	                [64]	        64
0: module.feature_layers.0.generator.module.running_mean	                [64]	        64
0: module.feature_layers.0.generator.module.running_var	                [64]	        64
0: module.feature_layers.0.generator.module.num_batches_tracked	                  []	         1
0:         module.feature_layers.0.load.module.weight	                [64]	        64
0:           module.feature_layers.0.load.module.bias	                [64]	        64
0:   module.feature_layers.0.load.module.running_mean	                [64]	        64
0:    module.feature_layers.0.load.module.running_var	                [64]	        64
0: module.feature_layers.0.load.module.num_batches_tracked	                  []	         1
0:        module.feature_layers.0.shunt.module.weight	                [64]	        64
0:          module.feature_layers.0.shunt.module.bias	                [64]	        64
0:  module.feature_layers.0.shunt.module.running_mean	                [64]	        64
0:   module.feature_layers.0.shunt.module.running_var	                [64]	        64
0: module.feature_layers.0.shunt.module.num_batches_tracked	                  []	         1
0:                   module.node_embedders.bus.weight	             [64, 4]	       256
0:                     module.node_embedders.bus.bias	                [64]	        64
0:             module.node_embedders.generator.weight	            [64, 11]	       704
0:               module.node_embedders.generator.bias	                [64]	        64
0:                  module.node_embedders.load.weight	             [64, 2]	       128
0:                    module.node_embedders.load.bias	                [64]	        64
0:                 module.node_embedders.shunt.weight	             [64, 2]	       128
0:                   module.node_embedders.shunt.bias	                [64]	        64
0:          module.heads_NN.0.branch-0.mlp.0.0.weight	            [32, 64]	      2048
0:            module.heads_NN.0.branch-0.mlp.0.0.bias	                [32]	        32
0:          module.heads_NN.0.branch-0.mlp.0.2.weight	            [16, 32]	       512
0:            module.heads_NN.0.branch-0.mlp.0.2.bias	                [16]	        16
0:          module.heads_NN.0.branch-0.mlp.0.4.weight	             [2, 16]	        32
0:            module.heads_NN.0.branch-0.mlp.0.4.bias	                 [2]	         2
0: --------------------------------------------------
0:                                              Total	                    	     28758
0: All (total, MB): 28758 0.109718
[diag][rank 0][3057201.366] Exited print_model
[diag][rank 0][3057201.366] Entering load_existing_model_config
[diag][rank 0][3057201.366] Exited load_existing_model_config
[diag][rank 0][3057201.366] Entering train_validate_test
[precision-diagnostic] requested=fp32 model_param_dtype=torch.float32
[precision-diagnostic] first_batch_float_dtype=torch.float32
[precision-diagnostic] first_optimizer_state_float_dtype=torch.float32
0: Max memory allocated after optimizer step: 0.169101312 GB 0.186646528 GB
0: Max memory allocated after optimizer step: 0.169345536 GB 0.186646528 GB
0: Max memory allocated after optimizer step: 0.169345536 GB 0.186646528 GB
0: Max memory allocated after optimizer step: 0.169345536 GB 0.186646528 GB
0: Max memory allocated after optimizer step: 0.169345536 GB 0.186646528 GB
0: Max memory allocated after optimizer step: 0.169345536 GB 0.186646528 GB
0: Max memory allocated after optimizer step: 0.169345536 GB 0.186646528 GB
0: Max memory allocated after optimizer step: 0.169345536 GB 0.186646528 GB
0: Max memory allocated after optimizer step: 0.169345536 GB 0.186646528 GB
0: Max memory allocated after optimizer step: 0.169345536 GB 0.186646528 GB
0: Max memory allocated after optimizer step: 0.169345536 GB 0.186646528 GB
0: Max memory allocated after optimizer step: 0.169345536 GB 0.186646528 GB
0: Max memory allocated after optimizer step: 0.169345536 GB 0.186646528 GB
0: Max memory allocated after optimizer step: 0.169345536 GB 0.186646528 GB
0: Max memory allocated after optimizer step: 0.169345536 GB 0.186646528 GB
0: Max memory allocated after optimizer step: 0.169345536 GB 0.186646528 GB
0: Max memory allocated after optimizer step: 0.169345536 GB 0.186646528 GB
0: Max memory allocated after optimizer step: 0.169345536 GB 0.186646528 GB
0: Max memory allocated after optimizer step: 0.169345536 GB 0.186646528 GB
0: Max memory allocated after optimizer step: 0.169345536 GB 0.186646528 GB
0: Max memory allocated after optimizer step: 0.169345536 GB 0.186646528 GB
0: Max memory allocated after optimizer step: 0.169345536 GB 0.186646528 GB
0: Max memory allocated after optimizer step: 0.169345536 GB 0.186646528 GB
0: Max memory allocated after optimizer step: 0.169345536 GB 0.186646528 GB
0: Max memory allocated after optimizer step: 0.169345536 GB 0.186646528 GB
0: Max memory allocated after optimizer step: 0.169345536 GB 0.186646528 GB
0: Max memory allocated after optimizer step: 0.169345536 GB 0.186646528 GB
0: Max memory allocated after optimizer step: 0.169345536 GB 0.186646528 GB
0: Max memory allocated after optimizer step: 0.169345536 GB 0.186646528 GB
0: Max memory allocated after optimizer step: 0.169345536 GB 0.186646528 GB
0: Max memory allocated after optimizer step: 0.169345536 GB 0.186646528 GB
0: Max memory allocated after optimizer step: 0.169345536 GB 0.186646528 GB
0: Max memory allocated after optimizer step: 0.169345536 GB 0.186646528 GB
0: Max memory allocated after optimizer step: 0.169345536 GB 0.186646528 GB
0: Max memory allocated after optimizer step: 0.169345536 GB 0.186646528 GB
0: Max memory allocated after optimizer step: 0.169345536 GB 0.186646528 GB
0: Max memory allocated after optimizer step: 0.169345536 GB 0.186646528 GB
0: Max memory allocated after optimizer step: 0.169345536 GB 0.186646528 GB
0: Max memory allocated after optimizer step: 0.169345536 GB 0.186646528 GB
0: Max memory allocated after optimizer step: 0.169345536 GB 0.186646528 GB
0: Max memory allocated after optimizer step: 0.169345536 GB 0.186646528 GB
0: Max memory allocated after optimizer step: 0.169345536 GB 0.186646528 GB
0: Max memory allocated after optimizer step: 0.169345536 GB 0.186646528 GB
0: Max memory allocated after optimizer step: 0.169345536 GB 0.186646528 GB
0: Max memory allocated after optimizer step: 0.169345536 GB 0.186646528 GB
0: Max memory allocated after optimizer step: 0.169345536 GB 0.186646528 GB
0: Max memory allocated after optimizer step: 0.169345536 GB 0.186646528 GB
0: Max memory allocated after optimizer step: 0.169345536 GB 0.186646528 GB
0: Max memory allocated after optimizer step: 0.169345536 GB 0.186646528 GB
0: Max memory allocated after optimizer step: 0.169345536 GB 0.186646528 GB
0: Max memory allocated after optimizer step: 0.169345536 GB 0.186646528 GB
0: Max memory allocated after optimizer step: 0.169345536 GB 0.186646528 GB
0: Max memory allocated after optimizer step: 0.169345536 GB 0.186646528 GB
0: Max memory allocated after optimizer step: 0.169345536 GB 0.186646528 GB
0: Max memory allocated after optimizer step: 0.169345536 GB 0.186646528 GB
0: Max memory allocated after optimizer step: 0.169345536 GB 0.186646528 GB
0: Max memory allocated after optimizer step: 0.169345536 GB 0.186646528 GB
0: Max memory allocated after optimizer step: 0.169345536 GB 0.186646528 GB
0: Max memory allocated after optimizer step: 0.169345536 GB 0.186646528 GB
0: Max memory allocated after optimizer step: 0.169345536 GB 0.186646528 GB
0: Max memory allocated after optimizer step: 0.169345536 GB 0.186646528 GB
0: Max memory allocated after optimizer step: 0.169345536 GB 0.186646528 GB
0: Max memory allocated after optimizer step: 0.169345536 GB 0.186646528 GB
0: Max memory allocated after optimizer step: 0.169345536 GB 0.186646528 GB
0: Max memory allocated after optimizer step: 0.169345536 GB 0.186646528 GB
0: Max memory allocated after optimizer step: 0.169345536 GB 0.186646528 GB
0: Max memory allocated after optimizer step: 0.169345536 GB 0.186646528 GB
0: Max memory allocated after optimizer step: 0.169345536 GB 0.186646528 GB
0: Max memory allocated after optimizer step: 0.169345536 GB 0.186646528 GB
0: Max memory allocated after optimizer step: 0.169345536 GB 0.186646528 GB
0: Max memory allocated after optimizer step: 0.169345536 GB 0.186646528 GB
0: Max memory allocated after optimizer step: 0.169345536 GB 0.186646528 GB
0: Max memory allocated after optimizer step: 0.169345536 GB 0.186646528 GB
0: Max memory allocated after optimizer step: 0.169345536 GB 0.186646528 GB
0: Max memory allocated after optimizer step: 0.169345536 GB 0.186646528 GB
0: Max memory allocated after optimizer step: 0.169345536 GB 0.186646528 GB
0: Max memory allocated after optimizer step: 0.169345536 GB 0.186646528 GB
0: Max memory allocated after optimizer step: 0.169345536 GB 0.186646528 GB
0: Max memory allocated after optimizer step: 0.169345536 GB 0.186646528 GB
0: Max memory allocated after optimizer step: 0.169345536 GB 0.186646528 GB
0: Max memory allocated after optimizer step: 0.169345536 GB 0.186646528 GB
0: Max memory allocated after optimizer step: 0.169345536 GB 0.186646528 GB
0: Max memory allocated after optimizer step: 0.169345536 GB 0.186646528 GB
0: Max memory allocated after optimizer step: 0.169345536 GB 0.186646528 GB
0: Max memory allocated after optimizer step: 0.169345536 GB 0.186646528 GB
0: Max memory allocated after optimizer step: 0.169345536 GB 0.186646528 GB
0: Max memory allocated after optimizer step: 0.169345536 GB 0.186646528 GB
0: Max memory allocated after optimizer step: 0.169345536 GB 0.186646528 GB
0: Max memory allocated after optimizer step: 0.169345536 GB 0.186646528 GB
0: Max memory allocated after optimizer step: 0.169345536 GB 0.186646528 GB
0: Max memory allocated after optimizer step: 0.169345536 GB 0.186646528 GB
0: Max memory allocated after optimizer step: 0.169345536 GB 0.186646528 GB
0: Max memory allocated after optimizer step: 0.169345536 GB 0.186646528 GB
0: Max memory allocated after optimizer step: 0.169345536 GB 0.186646528 GB
0: Max memory allocated after optimizer step: 0.169345536 GB 0.186646528 GB
0: Max memory allocated after optimizer step: 0.169345536 GB 0.186646528 GB
0: Max memory allocated after optimizer step: 0.169345536 GB 0.186646528 GB
0: Max memory allocated after optimizer step: 0.169345536 GB 0.186646528 GB
0: Max memory allocated after optimizer step: 0.169345536 GB 0.186646528 GB
0: Max memory allocated after optimizer step: 0.169345536 GB 0.186646528 GB
0: Max memory allocated after optimizer step: 0.169345536 GB 0.186646528 GB
0: Max memory allocated after optimizer step: 0.169345536 GB 0.186646528 GB
0: Max memory allocated after optimizer step: 0.169345536 GB 0.186646528 GB
0: Max memory allocated after optimizer step: 0.169345536 GB 0.186646528 GB
0: Max memory allocated after optimizer step: 0.169345536 GB 0.186646528 GB
0: Max memory allocated after optimizer step: 0.169345536 GB 0.186646528 GB
0: Max memory allocated after optimizer step: 0.169345536 GB 0.186646528 GB
0: Max memory allocated after optimizer step: 0.169345536 GB 0.186646528 GB
0: Max memory allocated after optimizer step: 0.169345536 GB 0.186646528 GB
0: Max memory allocated after optimizer step: 0.169345536 GB 0.186646528 GB
0: Max memory allocated after optimizer step: 0.169345536 GB 0.186646528 GB
0: Max memory allocated after optimizer step: 0.169345536 GB 0.186646528 GB
0: Max memory allocated after optimizer step: 0.169345536 GB 0.186646528 GB
0: Max memory allocated after optimizer step: 0.169345536 GB 0.186646528 GB
0: Max memory allocated after optimizer step: 0.169345536 GB 0.186646528 GB
0: Max memory allocated after optimizer step: 0.169345536 GB 0.186646528 GB
0: Max memory allocated after optimizer step: 0.169345536 GB 0.186646528 GB
0: Max memory allocated after optimizer step: 0.169345536 GB 0.186646528 GB
0: Max memory allocated after optimizer step: 0.169345536 GB 0.186646528 GB
0: Max memory allocated after optimizer step: 0.169345536 GB 0.186646528 GB
0: Max memory allocated after optimizer step: 0.169345536 GB 0.186646528 GB
0: Max memory allocated after optimizer step: 0.169345536 GB 0.186646528 GB
0: Max memory allocated after optimizer step: 0.169345536 GB 0.186646528 GB
0: Max memory allocated after optimizer step: 0.169345536 GB 0.186646528 GB
0: Max memory allocated after optimizer step: 0.169345536 GB 0.186646528 GB
0: Max memory allocated after optimizer step: 0.169345536 GB 0.186646528 GB
0: Max memory allocated after optimizer step: 0.169345536 GB 0.186646528 GB
0: Max memory allocated after optimizer step: 0.169345536 GB 0.186646528 GB
0: Max memory allocated after optimizer step: 0.169345536 GB 0.186646528 GB
0: Max memory allocated after optimizer step: 0.169345536 GB 0.186646528 GB
0: Max memory allocated after optimizer step: 0.169345536 GB 0.186646528 GB
0: Max memory allocated after optimizer step: 0.169345536 GB 0.186646528 GB
0: Max memory allocated after optimizer step: 0.169345536 GB 0.186646528 GB
0: Max memory allocated after optimizer step: 0.169345536 GB 0.186646528 GB
0: Max memory allocated after optimizer step: 0.169345536 GB 0.186646528 GB
0: Max memory allocated after optimizer step: 0.169345536 GB 0.186646528 GB
0: Max memory allocated after optimizer step: 0.169345536 GB 0.186646528 GB
0: Max memory allocated after optimizer step: 0.169345536 GB 0.186646528 GB
0: Max memory allocated after optimizer step: 0.169345536 GB 0.186646528 GB
0: Max memory allocated after optimizer step: 0.169345536 GB 0.186646528 GB
0: Max memory allocated after optimizer step: 0.169345536 GB 0.186646528 GB
0: Max memory allocated after optimizer step: 0.169345536 GB 0.186646528 GB
0: Max memory allocated after optimizer step: 0.169345536 GB 0.186646528 GB
0: Max memory allocated after optimizer step: 0.169345536 GB 0.186646528 GB
0: Max memory allocated after optimizer step: 0.169345536 GB 0.186646528 GB
0: Max memory allocated after optimizer step: 0.169345536 GB 0.186646528 GB
0: Max memory allocated after optimizer step: 0.169345536 GB 0.186646528 GB
0: Max memory allocated after optimizer step: 0.169345536 GB 0.186646528 GB
0: Max memory allocated after optimizer step: 0.169345536 GB 0.186646528 GB
0: Max memory allocated after optimizer step: 0.169345536 GB 0.186646528 GB
0: Max memory allocated after optimizer step: 0.169345536 GB 0.186646528 GB
0: Max memory allocated after optimizer step: 0.169345536 GB 0.186646528 GB
0: Max memory allocated after optimizer step: 0.169345536 GB 0.186646528 GB
0: Max memory allocated after optimizer step: 0.169345536 GB 0.186646528 GB
0: Max memory allocated after optimizer step: 0.169345536 GB 0.186646528 GB
0: Max memory allocated after optimizer step: 0.169345536 GB 0.186646528 GB
0: Max memory allocated after optimizer step: 0.169345536 GB 0.186646528 GB
0: Max memory allocated after optimizer step: 0.169345536 GB 0.186646528 GB
0: Max memory allocated after optimizer step: 0.169345536 GB 0.186646528 GB
0: Max memory allocated after optimizer step: 0.169345536 GB 0.186646528 GB
0: Max memory allocated after optimizer step: 0.169345536 GB 0.186646528 GB
0: Max memory allocated after optimizer step: 0.169345536 GB 0.186646528 GB
0: Max memory allocated after optimizer step: 0.169345536 GB 0.186646528 GB
0: Max memory allocated after optimizer step: 0.169345536 GB 0.186646528 GB
0: Max memory allocated after optimizer step: 0.169345536 GB 0.186646528 GB
0: Max memory allocated after optimizer step: 0.169345536 GB 0.186646528 GB
0: Max memory allocated after optimizer step: 0.169345536 GB 0.186646528 GB
0: Max memory allocated after optimizer step: 0.169345536 GB 0.186646528 GB
0: Max memory allocated after optimizer step: 0.169345536 GB 0.186646528 GB
0: Max memory allocated after optimizer step: 0.169345536 GB 0.186646528 GB
0: Max memory allocated after optimizer step: 0.169345536 GB 0.186646528 GB
0: Max memory allocated after optimizer step: 0.169345536 GB 0.186646528 GB
0: Max memory allocated after optimizer step: 0.169345536 GB 0.186646528 GB
0: Max memory allocated after optimizer step: 0.169345536 GB 0.186646528 GB
0: Max memory allocated after optimizer step: 0.169345536 GB 0.186646528 GB
0: Max memory allocated after optimizer step: 0.169345536 GB 0.186646528 GB
0: Max memory allocated after optimizer step: 0.169345536 GB 0.186646528 GB
0: Max memory allocated after optimizer step: 0.169345536 GB 0.186646528 GB
0: Max memory allocated after optimizer step: 0.169345536 GB 0.186646528 GB
0: Max memory allocated after optimizer step: 0.169345536 GB 0.186646528 GB
0: Max memory allocated after optimizer step: 0.169345536 GB 0.186646528 GB
0: Max memory allocated after optimizer step: 0.169345536 GB 0.186646528 GB
0: Max memory allocated after optimizer step: 0.169345536 GB 0.186646528 GB
0: Max memory allocated after optimizer step: 0.169345536 GB 0.186646528 GB
0: Max memory allocated after optimizer step: 0.169345536 GB 0.186646528 GB
0: Max memory allocated after optimizer step: 0.169345536 GB 0.186646528 GB
0: Max memory allocated after optimizer step: 0.169345536 GB 0.186646528 GB
0: Max memory allocated after optimizer step: 0.169345536 GB 0.186646528 GB
0: Max memory allocated after optimizer step: 0.169345536 GB 0.186646528 GB
0: Max memory allocated after optimizer step: 0.169345536 GB 0.186646528 GB
0: Max memory allocated after optimizer step: 0.169345536 GB 0.186646528 GB
0: Max memory allocated after optimizer step: 0.169345536 GB 0.186646528 GB
0: Max memory allocated after optimizer step: 0.169345536 GB 0.186646528 GB
0: Max memory allocated after optimizer step: 0.169345536 GB 0.186646528 GB
0: Max memory allocated after optimizer step: 0.169345536 GB 0.186646528 GB
0: Max memory allocated after optimizer step: 0.169345536 GB 0.186646528 GB
0: Max memory allocated after optimizer step: 0.169345536 GB 0.186646528 GB
0: Max memory allocated after optimizer step: 0.169345536 GB 0.186646528 GB
0: Max memory allocated after optimizer step: 0.169345536 GB 0.186646528 GB
0: Max memory allocated after optimizer step: 0.169345536 GB 0.186646528 GB
0: Max memory allocated after optimizer step: 0.169345536 GB 0.186646528 GB
0: Max memory allocated after optimizer step: 0.169345536 GB 0.186646528 GB
0: Max memory allocated after optimizer step: 0.169345536 GB 0.186646528 GB
0: Max memory allocated after optimizer step: 0.169345536 GB 0.186646528 GB
0: Max memory allocated after optimizer step: 0.169345536 GB 0.186646528 GB
0: Max memory allocated after optimizer step: 0.169345536 GB 0.186646528 GB
0: Max memory allocated after optimizer step: 0.169345536 GB 0.186646528 GB
0: Max memory allocated after optimizer step: 0.169345536 GB 0.186646528 GB
0: Max memory allocated after optimizer step: 0.169345536 GB 0.186646528 GB
0: Max memory allocated after optimizer step: 0.169345536 GB 0.186646528 GB
0: Max memory allocated after optimizer step: 0.169345536 GB 0.186646528 GB
0: Max memory allocated after optimizer step: 0.169345536 GB 0.186646528 GB
0: Max memory allocated after optimizer step: 0.169345536 GB 0.186646528 GB
0: Max memory allocated after optimizer step: 0.169345536 GB 0.186646528 GB
0: Max memory allocated after optimizer step: 0.169345536 GB 0.186646528 GB
0: Max memory allocated after optimizer step: 0.169345536 GB 0.186646528 GB
0: Max memory allocated after optimizer step: 0.169345536 GB 0.186646528 GB
0: Max memory allocated after optimizer step: 0.169345536 GB 0.186646528 GB
0: Max memory allocated after optimizer step: 0.169345536 GB 0.186646528 GB
0: Max memory allocated after optimizer step: 0.169345536 GB 0.186646528 GB
0: Max memory allocated after optimizer step: 0.169345536 GB 0.186646528 GB
0: Max memory allocated after optimizer step: 0.169345536 GB 0.186646528 GB
0: Max memory allocated after optimizer step: 0.169345536 GB 0.186646528 GB
0: Max memory allocated after optimizer step: 0.169345536 GB 0.186646528 GB
0: Max memory allocated after optimizer step: 0.169345536 GB 0.186646528 GB
0: Max memory allocated after optimizer step: 0.169345536 GB 0.186646528 GB
0: Max memory allocated after optimizer step: 0.169345536 GB 0.186646528 GB
0: Max memory allocated after optimizer step: 0.169345536 GB 0.186646528 GB
0: Max memory allocated after optimizer step: 0.169345536 GB 0.186646528 GB
0: Max memory allocated after optimizer step: 0.169345536 GB 0.186646528 GB
0: Max memory allocated after optimizer step: 0.169345536 GB 0.186646528 GB
0: Max memory allocated after optimizer step: 0.169345536 GB 0.186646528 GB
0: Max memory allocated after optimizer step: 0.169345536 GB 0.186646528 GB
0: Max memory allocated after optimizer step: 0.169345536 GB 0.186646528 GB
0: Max memory allocated after optimizer step: 0.169345536 GB 0.186646528 GB
0: Max memory allocated after optimizer step: 0.169345536 GB 0.186646528 GB
0: Max memory allocated after optimizer step: 0.169345536 GB 0.186646528 GB
0: Max memory allocated after optimizer step: 0.169345536 GB 0.186646528 GB
0: Max memory allocated after optimizer step: 0.169345536 GB 0.186646528 GB
0: Max memory allocated after optimizer step: 0.169345536 GB 0.186646528 GB
0: Max memory allocated after optimizer step: 0.169345536 GB 0.186646528 GB
0: Max memory allocated after optimizer step: 0.169345536 GB 0.186646528 GB
0: Max memory allocated after optimizer step: 0.169345536 GB 0.186646528 GB
0: Max memory allocated after optimizer step: 0.169345536 GB 0.186646528 GB
0: Max memory allocated after optimizer step: 0.169345536 GB 0.186646528 GB
0: Max memory allocated after optimizer step: 0.169345536 GB 0.186646528 GB
0: Max memory allocated after optimizer step: 0.169345536 GB 0.186646528 GB
0: Max memory allocated after optimizer step: 0.169345536 GB 0.186646528 GB
0: Max memory allocated after optimizer step: 0.169345536 GB 0.186646528 GB
0: Max memory allocated after optimizer step: 0.169345536 GB 0.186646528 GB
0: Max memory allocated after optimizer step: 0.169345536 GB 0.186646528 GB
0: Max memory allocated after optimizer step: 0.169345536 GB 0.186646528 GB
0: Max memory allocated after optimizer step: 0.169345536 GB 0.186646528 GB
0: Max memory allocated after optimizer step: 0.169345536 GB 0.186646528 GB
0: Max memory allocated after optimizer step: 0.169345536 GB 0.186646528 GB
0: Max memory allocated after optimizer step: 0.169345536 GB 0.186646528 GB
0: Max memory allocated after optimizer step: 0.169345536 GB 0.186646528 GB
0: Max memory allocated after optimizer step: 0.169345536 GB 0.186646528 GB
0: Max memory allocated after optimizer step: 0.169345536 GB 0.186646528 GB
0: Max memory allocated after optimizer step: 0.169345536 GB 0.186646528 GB
0: Max memory allocated after optimizer step: 0.169345536 GB 0.186646528 GB
0: Max memory allocated after optimizer step: 0.169345536 GB 0.186646528 GB
0: Max memory allocated after optimizer step: 0.169345536 GB 0.186646528 GB
0: Max memory allocated after optimizer step: 0.169345536 GB 0.186646528 GB
0: Max memory allocated after optimizer step: 0.169345536 GB 0.186646528 GB
0: Max memory allocated after optimizer step: 0.169345536 GB 0.186646528 GB
0: Max memory allocated after optimizer step: 0.169345536 GB 0.186646528 GB
0: Max memory allocated after optimizer step: 0.169345536 GB 0.186646528 GB
0: Max memory allocated after optimizer step: 0.169345536 GB 0.186646528 GB
0: Max memory allocated after optimizer step: 0.169345536 GB 0.186646528 GB
0: Max memory allocated after optimizer step: 0.169345536 GB 0.186646528 GB
0: Max memory allocated after optimizer step: 0.169345536 GB 0.186646528 GB
0: Max memory allocated after optimizer step: 0.169345536 GB 0.186646528 GB
0: Max memory allocated after optimizer step: 0.169345536 GB 0.186646528 GB
0: Max memory allocated after optimizer step: 0.169345536 GB 0.186646528 GB
0: Max memory allocated after optimizer step: 0.169345536 GB 0.186646528 GB
0: Max memory allocated after optimizer step: 0.169345536 GB 0.186646528 GB
0: Max memory allocated after optimizer step: 0.169345536 GB 0.186646528 GB
0: Max memory allocated after optimizer step: 0.169345536 GB 0.186646528 GB
0: Max memory allocated after optimizer step: 0.169345536 GB 0.186646528 GB
0: Max memory allocated after optimizer step: 0.169345536 GB 0.186646528 GB
0: Max memory allocated after optimizer step: 0.169345536 GB 0.186646528 GB
0: Max memory allocated after optimizer step: 0.169345536 GB 0.186646528 GB
0: Max memory allocated after optimizer step: 0.169345536 GB 0.186646528 GB
0: Max memory allocated after optimizer step: 0.169345536 GB 0.186646528 GB
0: Max memory allocated after optimizer step: 0.169345536 GB 0.186646528 GB
0: Max memory allocated after optimizer step: 0.169345536 GB 0.186646528 GB
0: Max memory allocated after optimizer step: 0.169345536 GB 0.186646528 GB
0: Max memory allocated after optimizer step: 0.169345536 GB 0.186646528 GB
0: Max memory allocated after optimizer step: 0.169345536 GB 0.186646528 GB
0: Max memory allocated after optimizer step: 0.169345536 GB 0.186646528 GB
0: Max memory allocated after optimizer step: 0.169345536 GB 0.186646528 GB
0: Max memory allocated after optimizer step: 0.169345536 GB 0.186646528 GB
0: Max memory allocated after optimizer step: 0.169345536 GB 0.186646528 GB
0: Max memory allocated after optimizer step: 0.169345536 GB 0.186646528 GB
0: Max memory allocated after optimizer step: 0.169345536 GB 0.186646528 GB
0: Max memory allocated after optimizer step: 0.169345536 GB 0.186646528 GB
0: Max memory allocated after optimizer step: 0.169345536 GB 0.186646528 GB
0: Max memory allocated after optimizer step: 0.169345536 GB 0.186646528 GB
0: Max memory allocated after optimizer step: 0.169345536 GB 0.186646528 GB
0: Max memory allocated after optimizer step: 0.169345536 GB 0.186646528 GB
0: Max memory allocated after optimizer step: 0.169345536 GB 0.186646528 GB
0: Max memory allocated after optimizer step: 0.169345536 GB 0.186646528 GB
0: Max memory allocated after optimizer step: 0.169345536 GB 0.186646528 GB
0: Max memory allocated after optimizer step: 0.169345536 GB 0.186646528 GB
0: Max memory allocated after optimizer step: 0.169345536 GB 0.186646528 GB
0: Max memory allocated after optimizer step: 0.169345536 GB 0.186646528 GB
0: Max memory allocated after optimizer step: 0.169345536 GB 0.186646528 GB
0: Max memory allocated after optimizer step: 0.169345536 GB 0.186646528 GB
0: Max memory allocated after optimizer step: 0.169345536 GB 0.186646528 GB
0: Max memory allocated after optimizer step: 0.169345536 GB 0.186646528 GB
0: Max memory allocated after optimizer step: 0.169345536 GB 0.186646528 GB
0: Max memory allocated after optimizer step: 0.169345536 GB 0.186646528 GB
0: Max memory allocated after optimizer step: 0.169345536 GB 0.186646528 GB
0: Max memory allocated after optimizer step: 0.169345536 GB 0.186646528 GB
0: Max memory allocated after optimizer step: 0.169345536 GB 0.186646528 GB
0: Max memory allocated after optimizer step: 0.169345536 GB 0.186646528 GB
0: Max memory allocated after optimizer step: 0.169345536 GB 0.186646528 GB
0: Max memory allocated after optimizer step: 0.169345536 GB 0.186646528 GB
0: Max memory allocated after optimizer step: 0.169345536 GB 0.186646528 GB
0: Max memory allocated after optimizer step: 0.169345536 GB 0.186646528 GB
0: Max memory allocated after optimizer step: 0.169345536 GB 0.186646528 GB
0: Max memory allocated after optimizer step: 0.169345536 GB 0.186646528 GB
0: Max memory allocated after optimizer step: 0.169345536 GB 0.186646528 GB
0: Max memory allocated after optimizer step: 0.169345536 GB 0.186646528 GB
0: Max memory allocated after optimizer step: 0.169345536 GB 0.186646528 GB
0: Max memory allocated after optimizer step: 0.169345536 GB 0.186646528 GB
0: Max memory allocated after optimizer step: 0.169345536 GB 0.186646528 GB
0: Max memory allocated after optimizer step: 0.169345536 GB 0.186646528 GB
0: Max memory allocated after optimizer step: 0.169345536 GB 0.186646528 GB
0: Max memory allocated after optimizer step: 0.169345536 GB 0.186646528 GB
0: Max memory allocated after optimizer step: 0.169345536 GB 0.186646528 GB
0: Max memory allocated after optimizer step: 0.169345536 GB 0.186646528 GB
0: Max memory allocated after optimizer step: 0.169345536 GB 0.186646528 GB
0: Max memory allocated after optimizer step: 0.169345536 GB 0.186646528 GB
0: Max memory allocated after optimizer step: 0.169345536 GB 0.186646528 GB
0: Max memory allocated after optimizer step: 0.169345536 GB 0.186646528 GB
0: Max memory allocated after optimizer step: 0.169345536 GB 0.186646528 GB
0: Max memory allocated after optimizer step: 0.169345536 GB 0.186646528 GB
0: Max memory allocated after optimizer step: 0.169345536 GB 0.186646528 GB
0: Max memory allocated after optimizer step: 0.169345536 GB 0.186646528 GB
0: Max memory allocated after optimizer step: 0.169345536 GB 0.186646528 GB
0: Max memory allocated after optimizer step: 0.169345536 GB 0.186646528 GB
0: Max memory allocated after optimizer step: 0.169345536 GB 0.186646528 GB
0: Max memory allocated after optimizer step: 0.169345536 GB 0.186646528 GB
0: Max memory allocated after optimizer step: 0.169345536 GB 0.186646528 GB
0: Max memory allocated after optimizer step: 0.169345536 GB 0.186646528 GB
0: Max memory allocated after optimizer step: 0.169345536 GB 0.186646528 GB
0: Max memory allocated after optimizer step: 0.169345536 GB 0.186646528 GB
0: Max memory allocated after optimizer step: 0.169345536 GB 0.186646528 GB
0: Max memory allocated after optimizer step: 0.169345536 GB 0.186646528 GB
0: Max memory allocated after optimizer step: 0.169345536 GB 0.186646528 GB
0: Max memory allocated after optimizer step: 0.169345536 GB 0.186646528 GB
0: Max memory allocated after optimizer step: 0.169345536 GB 0.186646528 GB
0: Max memory allocated after optimizer step: 0.169345536 GB 0.186646528 GB
0: Max memory allocated after optimizer step: 0.169345536 GB 0.186646528 GB
0: Max memory allocated after optimizer step: 0.169345536 GB 0.186646528 GB
0: Max memory allocated after optimizer step: 0.169345536 GB 0.186646528 GB
0: Max memory allocated after optimizer step: 0.169345536 GB 0.186646528 GB
0: Max memory allocated after optimizer step: 0.169345536 GB 0.186646528 GB
0: Max memory allocated after optimizer step: 0.169345536 GB 0.186646528 GB
0: Max memory allocated after optimizer step: 0.169345536 GB 0.186646528 GB
0: Max memory allocated after optimizer step: 0.169345536 GB 0.186646528 GB
0: Max memory allocated after optimizer step: 0.169345536 GB 0.186646528 GB
0: Max memory allocated after optimizer step: 0.169345536 GB 0.186646528 GB
0: Max memory allocated after optimizer step: 0.169345536 GB 0.186646528 GB
0: Max memory allocated after optimizer step: 0.169345536 GB 0.186646528 GB
0: Max memory allocated after optimizer step: 0.169345536 GB 0.186646528 GB
0: Max memory allocated after optimizer step: 0.169345536 GB 0.186646528 GB
0: Max memory allocated after optimizer step: 0.169345536 GB 0.186646528 GB
0: Max memory allocated after optimizer step: 0.169345536 GB 0.186646528 GB
0: Max memory allocated after optimizer step: 0.169345536 GB 0.186646528 GB
0: Max memory allocated after optimizer step: 0.169345536 GB 0.186646528 GB
0: Max memory allocated after optimizer step: 0.169345536 GB 0.186646528 GB
0: Max memory allocated after optimizer step: 0.169345536 GB 0.186646528 GB
0: Max memory allocated after optimizer step: 0.169345536 GB 0.186646528 GB
0: Max memory allocated after optimizer step: 0.169345536 GB 0.186646528 GB
0: Max memory allocated after optimizer step: 0.169345536 GB 0.186646528 GB
0: Max memory allocated after optimizer step: 0.169345536 GB 0.186646528 GB
0: Max memory allocated after optimizer step: 0.169345536 GB 0.186646528 GB
0: Max memory allocated after optimizer step: 0.169345536 GB 0.186646528 GB
0: Max memory allocated after optimizer step: 0.169345536 GB 0.186646528 GB
0: Max memory allocated after optimizer step: 0.169345536 GB 0.186646528 GB
0: Max memory allocated after optimizer step: 0.169345536 GB 0.186646528 GB
0: Max memory allocated after optimizer step: 0.169345536 GB 0.186646528 GB
0: Max memory allocated after optimizer step: 0.169345536 GB 0.186646528 GB
0: Max memory allocated after optimizer step: 0.169345536 GB 0.186646528 GB
0: Max memory allocated after optimizer step: 0.169345536 GB 0.186646528 GB
0: Max memory allocated after optimizer step: 0.169345536 GB 0.186646528 GB
0: Max memory allocated after optimizer step: 0.169345536 GB 0.186646528 GB
0: Max memory allocated after optimizer step: 0.169345536 GB 0.186646528 GB
0: Max memory allocated after optimizer step: 0.169345536 GB 0.186646528 GB
0: Max memory allocated after optimizer step: 0.169345536 GB 0.186646528 GB
0: Max memory allocated after optimizer step: 0.169345536 GB 0.186646528 GB
0: Max memory allocated after optimizer step: 0.169345536 GB 0.186646528 GB
0: Max memory allocated after optimizer step: 0.169345536 GB 0.186646528 GB
0: Max memory allocated after optimizer step: 0.169345536 GB 0.186646528 GB
0: Max memory allocated after optimizer step: 0.169345536 GB 0.186646528 GB
0: Max memory allocated after optimizer step: 0.169345536 GB 0.186646528 GB
0: Max memory allocated after optimizer step: 0.169345536 GB 0.186646528 GB
0: Max memory allocated after optimizer step: 0.169345536 GB 0.186646528 GB
0: Max memory allocated after optimizer step: 0.169345536 GB 0.186646528 GB
0: Max memory allocated after optimizer step: 0.169345536 GB 0.186646528 GB
0: Max memory allocated after optimizer step: 0.169345536 GB 0.186646528 GB
0: Max memory allocated after optimizer step: 0.169345536 GB 0.186646528 GB
0: Max memory allocated after optimizer step: 0.169345536 GB 0.186646528 GB
0: Max memory allocated after optimizer step: 0.169345536 GB 0.186646528 GB
0: Max memory allocated after optimizer step: 0.169345536 GB 0.186646528 GB
0: Max memory allocated after optimizer step: 0.169345536 GB 0.186646528 GB
0: Max memory allocated after optimizer step: 0.169345536 GB 0.186646528 GB
0: Max memory allocated after optimizer step: 0.169345536 GB 0.186646528 GB
0: Max memory allocated after optimizer step: 0.169345536 GB 0.186646528 GB
0: Max memory allocated after optimizer step: 0.169345536 GB 0.186646528 GB
0: Max memory allocated after optimizer step: 0.169345536 GB 0.186646528 GB
0: Max memory allocated after optimizer step: 0.169345536 GB 0.186646528 GB
0: Max memory allocated after optimizer step: 0.169345536 GB 0.186646528 GB
0: Max memory allocated after optimizer step: 0.169345536 GB 0.186646528 GB
0: Max memory allocated after optimizer step: 0.169345536 GB 0.186646528 GB
0: Max memory allocated after optimizer step: 0.169345536 GB 0.186646528 GB
0: Max memory allocated after optimizer step: 0.169345536 GB 0.186646528 GB
0: Max memory allocated after optimizer step: 0.169345536 GB 0.186646528 GB
0: Max memory allocated after optimizer step: 0.169345536 GB 0.186646528 GB
0: Max memory allocated after optimizer step: 0.169345536 GB 0.186646528 GB
0: Max memory allocated after optimizer step: 0.169345536 GB 0.186646528 GB
0: Max memory allocated after optimizer step: 0.169345536 GB 0.186646528 GB
0: Max memory allocated after optimizer step: 0.169345536 GB 0.186646528 GB
0: Max memory allocated after optimizer step: 0.169345536 GB 0.186646528 GB
0: Max memory allocated after optimizer step: 0.169345536 GB 0.186646528 GB
0: Max memory allocated after optimizer step: 0.169345536 GB 0.186646528 GB
0: Max memory allocated after optimizer step: 0.169345536 GB 0.186646528 GB
0: Max memory allocated after optimizer step: 0.169345536 GB 0.186646528 GB
0: Max memory allocated after optimizer step: 0.169345536 GB 0.186646528 GB
0: Max memory allocated after optimizer step: 0.169345536 GB 0.186646528 GB
0: Max memory allocated after optimizer step: 0.169345536 GB 0.186646528 GB
0: Max memory allocated after optimizer step: 0.169345536 GB 0.186646528 GB
0: Max memory allocated after optimizer step: 0.169345536 GB 0.186646528 GB
0: Max memory allocated after optimizer step: 0.169345536 GB 0.186646528 GB
0: Max memory allocated after optimizer step: 0.169345536 GB 0.186646528 GB
0: Max memory allocated after optimizer step: 0.169345536 GB 0.186646528 GB
0: Max memory allocated after optimizer step: 0.169345536 GB 0.186646528 GB
0: Max memory allocated after optimizer step: 0.169345536 GB 0.186646528 GB
0: Max memory allocated after optimizer step: 0.169345536 GB 0.186646528 GB
0: Max memory allocated after optimizer step: 0.169345536 GB 0.186646528 GB
0: Max memory allocated after optimizer step: 0.169345536 GB 0.186646528 GB
0: Max memory allocated after optimizer step: 0.169345536 GB 0.186646528 GB
0: Max memory allocated after optimizer step: 0.169345536 GB 0.186646528 GB
0: Max memory allocated after optimizer step: 0.169345536 GB 0.186646528 GB
0: Max memory allocated after optimizer step: 0.169345536 GB 0.186646528 GB
0: Max memory allocated after optimizer step: 0.169345536 GB 0.186646528 GB
0: Max memory allocated after optimizer step: 0.169345536 GB 0.186646528 GB
0: Max memory allocated after optimizer step: 0.169345536 GB 0.186646528 GB
0: Max memory allocated after optimizer step: 0.169345536 GB 0.186646528 GB
0: Max memory allocated after optimizer step: 0.169345536 GB 0.186646528 GB
0: Max memory allocated after optimizer step: 0.169345536 GB 0.186646528 GB
0: Max memory allocated after optimizer step: 0.169345536 GB 0.186646528 GB
0: Max memory allocated after optimizer step: 0.169345536 GB 0.186646528 GB
0: Max memory allocated after optimizer step: 0.169345536 GB 0.186646528 GB
0: Max memory allocated after optimizer step: 0.169345536 GB 0.186646528 GB
0: Max memory allocated after optimizer step: 0.169345536 GB 0.186646528 GB
0: Max memory allocated after optimizer step: 0.169345536 GB 0.186646528 GB
0: Max memory allocated after optimizer step: 0.169345536 GB 0.186646528 GB
0: Max memory allocated after optimizer step: 0.169345536 GB 0.186646528 GB
0: Max memory allocated after optimizer step: 0.169345536 GB 0.186646528 GB
0: Max memory allocated after optimizer step: 0.169345536 GB 0.186646528 GB
0: Max memory allocated after optimizer step: 0.169345536 GB 0.186646528 GB
0: Max memory allocated after optimizer step: 0.169345536 GB 0.186646528 GB
0: Max memory allocated after optimizer step: 0.169345536 GB 0.186646528 GB
0: Max memory allocated after optimizer step: 0.169345536 GB 0.186646528 GB
0: Max memory allocated after optimizer step: 0.169345536 GB 0.186646528 GB
0: Max memory allocated after optimizer step: 0.169345536 GB 0.186646528 GB
0: Max memory allocated after optimizer step: 0.169345536 GB 0.186646528 GB
0: Max memory allocated after optimizer step: 0.169345536 GB 0.186646528 GB
0: Max memory allocated after optimizer step: 0.169345536 GB 0.186646528 GB
0: Max memory allocated after optimizer step: 0.169345536 GB 0.186646528 GB
0: Max memory allocated after optimizer step: 0.169345536 GB 0.186646528 GB
0: Max memory allocated after optimizer step: 0.169345536 GB 0.186646528 GB
0: Max memory allocated after optimizer step: 0.169345536 GB 0.186646528 GB
0: Max memory allocated after optimizer step: 0.169345536 GB 0.186646528 GB
0: Max memory allocated after optimizer step: 0.169345536 GB 0.186646528 GB
0: Max memory allocated after optimizer step: 0.169345536 GB 0.186646528 GB
0: Max memory allocated after optimizer step: 0.169345536 GB 0.186646528 GB
0: Max memory allocated after optimizer step: 0.169345536 GB 0.186646528 GB
0: Max memory allocated after optimizer step: 0.169345536 GB 0.186646528 GB
0: Max memory allocated after optimizer step: 0.169345536 GB 0.186646528 GB
0: Max memory allocated after optimizer step: 0.169345536 GB 0.186646528 GB
0: Max memory allocated after optimizer step: 0.169345536 GB 0.186646528 GB
0: Max memory allocated after optimizer step: 0.169345536 GB 0.186646528 GB
0: Max memory allocated after optimizer step: 0.169345536 GB 0.186646528 GB
0: Max memory allocated after optimizer step: 0.169345536 GB 0.186646528 GB
0: Max memory allocated after optimizer step: 0.169345536 GB 0.186646528 GB
0: Max memory allocated after optimizer step: 0.169345536 GB 0.186646528 GB
0: Max memory allocated after optimizer step: 0.169345536 GB 0.186646528 GB
0: Max memory allocated after optimizer step: 0.169345536 GB 0.186646528 GB
0: Max memory allocated after optimizer step: 0.169345536 GB 0.186646528 GB
0: Max memory allocated after optimizer step: 0.169345536 GB 0.186646528 GB
0: Max memory allocated after optimizer step: 0.169345536 GB 0.186646528 GB
0: Max memory allocated after optimizer step: 0.169345536 GB 0.186646528 GB
0: Max memory allocated after optimizer step: 0.169345536 GB 0.186646528 GB
0: Max memory allocated after optimizer step: 0.169345536 GB 0.186646528 GB
0: Max memory allocated after optimizer step: 0.169345536 GB 0.186646528 GB
0: Max memory allocated after optimizer step: 0.169345536 GB 0.186646528 GB
0: Max memory allocated after optimizer step: 0.169345536 GB 0.186646528 GB
0: Max memory allocated after optimizer step: 0.169345536 GB 0.186646528 GB
0: Max memory allocated after optimizer step: 0.169345536 GB 0.186646528 GB
0: Max memory allocated after optimizer step: 0.169345536 GB 0.186646528 GB
0: Max memory allocated after optimizer step: 0.169345536 GB 0.186646528 GB
0: Max memory allocated after optimizer step: 0.169345536 GB 0.186646528 GB
0: Max memory allocated after optimizer step: 0.169345536 GB 0.186646528 GB
0: Max memory allocated after optimizer step: 0.169345536 GB 0.186646528 GB
0: Max memory allocated after optimizer step: 0.169345536 GB 0.186646528 GB
0: Max memory allocated after optimizer step: 0.169345536 GB 0.186646528 GB
0: Max memory allocated after optimizer step: 0.169345536 GB 0.186646528 GB
0: Max memory allocated after optimizer step: 0.169345536 GB 0.186646528 GB
0: Max memory allocated after optimizer step: 0.169345536 GB 0.186646528 GB
0: Max memory allocated after optimizer step: 0.169345536 GB 0.186646528 GB
0: Max memory allocated after optimizer step: 0.169345536 GB 0.186646528 GB
0: Max memory allocated after optimizer step: 0.169345536 GB 0.186646528 GB
0: Max memory allocated after optimizer step: 0.169345536 GB 0.186646528 GB
0: Max memory allocated after optimizer step: 0.169345536 GB 0.186646528 GB
0: Max memory allocated after optimizer step: 0.169345536 GB 0.186646528 GB
0: Max memory allocated after optimizer step: 0.169345536 GB 0.186646528 GB
0: Max memory allocated after optimizer step: 0.169345536 GB 0.186646528 GB
0: Max memory allocated after optimizer step: 0.169345536 GB 0.186646528 GB
0: Max memory allocated after optimizer step: 0.169345536 GB 0.186646528 GB
0: Max memory allocated after optimizer step: 0.169345536 GB 0.186646528 GB
0: Max memory allocated after optimizer step: 0.169345536 GB 0.186646528 GB
0: Max memory allocated after optimizer step: 0.169345536 GB 0.186646528 GB
0: Max memory allocated after optimizer step: 0.169345536 GB 0.186646528 GB
0: Epoch: 00, Train Loss: 0.03104881, Val Loss: 0.00012828, Test Loss: 0.00012662
0: Tasks Train Loss: [0.031048808246850967]
0: Tasks Val Loss: [0.0001282835437450558]
0: Tasks Test Loss: [0.00012662117660511285]
/lustre/orion/lrn070/proj-shared/ndelingat/HydraGNN/installation_DOE_supercomputers/HydraGNN-Installation-Frontier/hydragnn_venv/lib/python3.11/site-packages/torch/distributed/c10d_logger.py:83: UserWarning: barrier(): using the device under current context. You can specify `device_id` in `init_process_group` to mute this warning.
  return func(*args, **kwargs)
0: Creating Checkpoint: 0.000128
0: Best Performance Metric: 0.000128
[precision-diagnostic] requested=fp32 model_param_dtype=torch.float32
[precision-diagnostic] first_batch_float_dtype=torch.float32
[precision-diagnostic] first_optimizer_state_float_dtype=torch.float32
0: Max memory allocated after optimizer step: 0.169345536 GB 0.186646528 GB
0: Max memory allocated after optimizer step: 0.169348608 GB 0.186646528 GB
0: Max memory allocated after optimizer step: 0.169348608 GB 0.186646528 GB
0: Max memory allocated after optimizer step: 0.169348608 GB 0.186646528 GB
0: Max memory allocated after optimizer step: 0.169348608 GB 0.186646528 GB
0: Max memory allocated after optimizer step: 0.169348608 GB 0.186646528 GB
0: Max memory allocated after optimizer step: 0.169348608 GB 0.186646528 GB
0: Max memory allocated after optimizer step: 0.169348608 GB 0.186646528 GB
0: Max memory allocated after optimizer step: 0.169348608 GB 0.186646528 GB
0: Max memory allocated after optimizer step: 0.169348608 GB 0.186646528 GB
0: Max memory allocated after optimizer step: 0.169348608 GB 0.186646528 GB
0: Max memory allocated after optimizer step: 0.169348608 GB 0.186646528 GB
0: Max memory allocated after optimizer step: 0.169348608 GB 0.186646528 GB
0: Max memory allocated after optimizer step: 0.169348608 GB 0.186646528 GB
0: Max memory allocated after optimizer step: 0.169348608 GB 0.186646528 GB
0: Max memory allocated after optimizer step: 0.169348608 GB 0.186646528 GB
0: Max memory allocated after optimizer step: 0.169348608 GB 0.186646528 GB
0: Max memory allocated after optimizer step: 0.169348608 GB 0.186646528 GB
0: Max memory allocated after optimizer step: 0.169348608 GB 0.186646528 GB
0: Max memory allocated after optimizer step: 0.169348608 GB 0.186646528 GB
0: Max memory allocated after optimizer step: 0.169348608 GB 0.186646528 GB
0: Max memory allocated after optimizer step: 0.169348608 GB 0.186646528 GB
0: Max memory allocated after optimizer step: 0.169348608 GB 0.186646528 GB
0: Max memory allocated after optimizer step: 0.169348608 GB 0.186646528 GB
0: Max memory allocated after optimizer step: 0.169348608 GB 0.186646528 GB
0: Max memory allocated after optimizer step: 0.169348608 GB 0.186646528 GB
0: Max memory allocated after optimizer step: 0.169348608 GB 0.186646528 GB
0: Max memory allocated after optimizer step: 0.169348608 GB 0.186646528 GB
0: Max memory allocated after optimizer step: 0.169348608 GB 0.186646528 GB
0: Max memory allocated after optimizer step: 0.169348608 GB 0.186646528 GB
0: Max memory allocated after optimizer step: 0.169348608 GB 0.186646528 GB
0: Max memory allocated after optimizer step: 0.169348608 GB 0.186646528 GB
0: Max memory allocated after optimizer step: 0.169348608 GB 0.186646528 GB
0: Max memory allocated after optimizer step: 0.169348608 GB 0.186646528 GB
0: Max memory allocated after optimizer step: 0.169348608 GB 0.186646528 GB
0: Max memory allocated after optimizer step: 0.169348608 GB 0.186646528 GB
0: Max memory allocated after optimizer step: 0.169348608 GB 0.186646528 GB
0: Max memory allocated after optimizer step: 0.169348608 GB 0.186646528 GB
0: Max memory allocated after optimizer step: 0.169348608 GB 0.186646528 GB
0: Max memory allocated after optimizer step: 0.169348608 GB 0.186646528 GB
0: Max memory allocated after optimizer step: 0.169348608 GB 0.186646528 GB
0: Max memory allocated after optimizer step: 0.169348608 GB 0.186646528 GB
0: Max memory allocated after optimizer step: 0.169348608 GB 0.186646528 GB
0: Max memory allocated after optimizer step: 0.169348608 GB 0.186646528 GB
0: Max memory allocated after optimizer step: 0.169348608 GB 0.186646528 GB
0: Max memory allocated after optimizer step: 0.169348608 GB 0.186646528 GB
0: Max memory allocated after optimizer step: 0.169348608 GB 0.186646528 GB
0: Max memory allocated after optimizer step: 0.169348608 GB 0.186646528 GB
0: Max memory allocated after optimizer step: 0.169348608 GB 0.186646528 GB
0: Max memory allocated after optimizer step: 0.169348608 GB 0.186646528 GB
0: Max memory allocated after optimizer step: 0.169348608 GB 0.186646528 GB
0: Max memory allocated after optimizer step: 0.169348608 GB 0.186646528 GB
0: Max memory allocated after optimizer step: 0.169348608 GB 0.186646528 GB
0: Max memory allocated after optimizer step: 0.169348608 GB 0.186646528 GB
0: Max memory allocated after optimizer step: 0.169348608 GB 0.186646528 GB
0: Max memory allocated after optimizer step: 0.169348608 GB 0.186646528 GB
0: Max memory allocated after optimizer step: 0.169348608 GB 0.186646528 GB
0: Max memory allocated after optimizer step: 0.169348608 GB 0.186646528 GB
0: Max memory allocated after optimizer step: 0.169348608 GB 0.186646528 GB
0: Max memory allocated after optimizer step: 0.169348608 GB 0.186646528 GB
0: Max memory allocated after optimizer step: 0.169348608 GB 0.186646528 GB
0: Max memory allocated after optimizer step: 0.169348608 GB 0.186646528 GB
0: Max memory allocated after optimizer step: 0.169348608 GB 0.186646528 GB
0: Max memory allocated after optimizer step: 0.169348608 GB 0.186646528 GB
0: Max memory allocated after optimizer step: 0.169348608 GB 0.186646528 GB
0: Max memory allocated after optimizer step: 0.169348608 GB 0.186646528 GB
0: Max memory allocated after optimizer step: 0.169348608 GB 0.186646528 GB
0: Max memory allocated after optimizer step: 0.169348608 GB 0.186646528 GB
0: Max memory allocated after optimizer step: 0.169348608 GB 0.186646528 GB
0: Max memory allocated after optimizer step: 0.169348608 GB 0.186646528 GB
0: Max memory allocated after optimizer step: 0.169348608 GB 0.186646528 GB
0: Max memory allocated after optimizer step: 0.169348608 GB 0.186646528 GB
0: Max memory allocated after optimizer step: 0.169348608 GB 0.186646528 GB
0: Max memory allocated after optimizer step: 0.169348608 GB 0.186646528 GB
0: Max memory allocated after optimizer step: 0.169348608 GB 0.186646528 GB
0: Max memory allocated after optimizer step: 0.169348608 GB 0.186646528 GB
0: Max memory allocated after optimizer step: 0.169348608 GB 0.186646528 GB
0: Max memory allocated after optimizer step: 0.169348608 GB 0.186646528 GB
0: Max memory allocated after optimizer step: 0.169348608 GB 0.186646528 GB
0: Max memory allocated after optimizer step: 0.169348608 GB 0.186646528 GB
0: Max memory allocated after optimizer step: 0.169348608 GB 0.186646528 GB
0: Max memory allocated after optimizer step: 0.169348608 GB 0.186646528 GB
0: Max memory allocated after optimizer step: 0.169348608 GB 0.186646528 GB
0: Max memory allocated after optimizer step: 0.169348608 GB 0.186646528 GB
0: Max memory allocated after optimizer step: 0.169348608 GB 0.186646528 GB
0: Max memory allocated after optimizer step: 0.169348608 GB 0.186646528 GB
0: Max memory allocated after optimizer step: 0.169348608 GB 0.186646528 GB
0: Max memory allocated after optimizer step: 0.169348608 GB 0.186646528 GB
0: Max memory allocated after optimizer step: 0.169348608 GB 0.186646528 GB
0: Max memory allocated after optimizer step: 0.169348608 GB 0.186646528 GB
0: Max memory allocated after optimizer step: 0.169348608 GB 0.186646528 GB
0: Max memory allocated after optimizer step: 0.169348608 GB 0.186646528 GB
0: Max memory allocated after optimizer step: 0.169348608 GB 0.186646528 GB
0: Max memory allocated after optimizer step: 0.169348608 GB 0.186646528 GB
0: Max memory allocated after optimizer step: 0.169348608 GB 0.186646528 GB
0: Max memory allocated after optimizer step: 0.169348608 GB 0.186646528 GB
0: Max memory allocated after optimizer step: 0.169348608 GB 0.186646528 GB
0: Max memory allocated after optimizer step: 0.169348608 GB 0.186646528 GB
0: Max memory allocated after optimizer step: 0.169348608 GB 0.186646528 GB
0: Max memory allocated after optimizer step: 0.169348608 GB 0.186646528 GB
0: Max memory allocated after optimizer step: 0.169348608 GB 0.186646528 GB
0: Max memory allocated after optimizer step: 0.169348608 GB 0.186646528 GB
0: Max memory allocated after optimizer step: 0.169348608 GB 0.186646528 GB
0: Max memory allocated after optimizer step: 0.169348608 GB 0.186646528 GB
0: Max memory allocated after optimizer step: 0.169348608 GB 0.186646528 GB
0: Max memory allocated after optimizer step: 0.169348608 GB 0.186646528 GB
0: Max memory allocated after optimizer step: 0.169348608 GB 0.186646528 GB
0: Max memory allocated after optimizer step: 0.169348608 GB 0.186646528 GB
0: Max memory allocated after optimizer step: 0.169348608 GB 0.186646528 GB
0: Max memory allocated after optimizer step: 0.169348608 GB 0.186646528 GB
0: Max memory allocated after optimizer step: 0.169348608 GB 0.186646528 GB
0: Max memory allocated after optimizer step: 0.169348608 GB 0.186646528 GB
0: Max memory allocated after optimizer step: 0.169348608 GB 0.186646528 GB
0: Max memory allocated after optimizer step: 0.169348608 GB 0.186646528 GB
0: Max memory allocated after optimizer step: 0.169348608 GB 0.186646528 GB
0: Max memory allocated after optimizer step: 0.169348608 GB 0.186646528 GB
0: Max memory allocated after optimizer step: 0.169348608 GB 0.186646528 GB
0: Max memory allocated after optimizer step: 0.169348608 GB 0.186646528 GB
0: Max memory allocated after optimizer step: 0.169348608 GB 0.186646528 GB
0: Max memory allocated after optimizer step: 0.169348608 GB 0.186646528 GB
0: Max memory allocated after optimizer step: 0.169348608 GB 0.186646528 GB
0: Max memory allocated after optimizer step: 0.169348608 GB 0.186646528 GB
0: Max memory allocated after optimizer step: 0.169348608 GB 0.186646528 GB
0: Max memory allocated after optimizer step: 0.169348608 GB 0.186646528 GB
0: Max memory allocated after optimizer step: 0.169348608 GB 0.186646528 GB
0: Max memory allocated after optimizer step: 0.169348608 GB 0.186646528 GB
0: Max memory allocated after optimizer step: 0.169348608 GB 0.186646528 GB
0: Max memory allocated after optimizer step: 0.169348608 GB 0.186646528 GB
0: Max memory allocated after optimizer step: 0.169348608 GB 0.186646528 GB
0: Max memory allocated after optimizer step: 0.169348608 GB 0.186646528 GB
0: Max memory allocated after optimizer step: 0.169348608 GB 0.186646528 GB
0: Max memory allocated after optimizer step: 0.169348608 GB 0.186646528 GB
0: Max memory allocated after optimizer step: 0.169348608 GB 0.186646528 GB
0: Max memory allocated after optimizer step: 0.169348608 GB 0.186646528 GB
0: Max memory allocated after optimizer step: 0.169348608 GB 0.186646528 GB
0: Max memory allocated after optimizer step: 0.169348608 GB 0.186646528 GB
0: Max memory allocated after optimizer step: 0.169348608 GB 0.186646528 GB
0: Max memory allocated after optimizer step: 0.169348608 GB 0.186646528 GB
0: Max memory allocated after optimizer step: 0.169348608 GB 0.186646528 GB
0: Max memory allocated after optimizer step: 0.169348608 GB 0.186646528 GB
0: Max memory allocated after optimizer step: 0.169348608 GB 0.186646528 GB
0: Max memory allocated after optimizer step: 0.169348608 GB 0.186646528 GB
0: Max memory allocated after optimizer step: 0.169348608 GB 0.186646528 GB
0: Max memory allocated after optimizer step: 0.169348608 GB 0.186646528 GB
0: Max memory allocated after optimizer step: 0.169348608 GB 0.186646528 GB
0: Max memory allocated after optimizer step: 0.169348608 GB 0.186646528 GB
0: Max memory allocated after optimizer step: 0.169348608 GB 0.186646528 GB
0: Max memory allocated after optimizer step: 0.169348608 GB 0.186646528 GB
0: Max memory allocated after optimizer step: 0.169348608 GB 0.186646528 GB
0: Max memory allocated after optimizer step: 0.169348608 GB 0.186646528 GB
0: Max memory allocated after optimizer step: 0.169348608 GB 0.186646528 GB
0: Max memory allocated after optimizer step: 0.169348608 GB 0.186646528 GB
0: Max memory allocated after optimizer step: 0.169348608 GB 0.186646528 GB
0: Max memory allocated after optimizer step: 0.169348608 GB 0.186646528 GB
0: Max memory allocated after optimizer step: 0.169348608 GB 0.186646528 GB
0: Max memory allocated after optimizer step: 0.169348608 GB 0.186646528 GB
0: Max memory allocated after optimizer step: 0.169348608 GB 0.186646528 GB
0: Max memory allocated after optimizer step: 0.169348608 GB 0.186646528 GB
0: Max memory allocated after optimizer step: 0.169348608 GB 0.186646528 GB
0: Max memory allocated after optimizer step: 0.169348608 GB 0.186646528 GB
0: Max memory allocated after optimizer step: 0.169348608 GB 0.186646528 GB
0: Max memory allocated after optimizer step: 0.169348608 GB 0.186646528 GB
0: Max memory allocated after optimizer step: 0.169348608 GB 0.186646528 GB
0: Max memory allocated after optimizer step: 0.169348608 GB 0.186646528 GB
0: Max memory allocated after optimizer step: 0.169348608 GB 0.186646528 GB
0: Max memory allocated after optimizer step: 0.169348608 GB 0.186646528 GB
0: Max memory allocated after optimizer step: 0.169348608 GB 0.186646528 GB
0: Max memory allocated after optimizer step: 0.169348608 GB 0.186646528 GB
0: Max memory allocated after optimizer step: 0.169348608 GB 0.186646528 GB
0: Max memory allocated after optimizer step: 0.169348608 GB 0.186646528 GB
0: Max memory allocated after optimizer step: 0.169348608 GB 0.186646528 GB
0: Max memory allocated after optimizer step: 0.169348608 GB 0.186646528 GB
0: Max memory allocated after optimizer step: 0.169348608 GB 0.186646528 GB
0: Max memory allocated after optimizer step: 0.169348608 GB 0.186646528 GB
0: Max memory allocated after optimizer step: 0.169348608 GB 0.186646528 GB
0: Max memory allocated after optimizer step: 0.169348608 GB 0.186646528 GB
0: Max memory allocated after optimizer step: 0.169348608 GB 0.186646528 GB
0: Max memory allocated after optimizer step: 0.169348608 GB 0.186646528 GB
0: Max memory allocated after optimizer step: 0.169348608 GB 0.186646528 GB
0: Max memory allocated after optimizer step: 0.169348608 GB 0.186646528 GB
0: Max memory allocated after optimizer step: 0.169348608 GB 0.186646528 GB
0: Max memory allocated after optimizer step: 0.169348608 GB 0.186646528 GB
0: Max memory allocated after optimizer step: 0.169348608 GB 0.186646528 GB
0: Max memory allocated after optimizer step: 0.169348608 GB 0.186646528 GB
0: Max memory allocated after optimizer step: 0.169348608 GB 0.186646528 GB
0: Max memory allocated after optimizer step: 0.169348608 GB 0.186646528 GB
0: Max memory allocated after optimizer step: 0.169348608 GB 0.186646528 GB
0: Max memory allocated after optimizer step: 0.169348608 GB 0.186646528 GB
0: Max memory allocated after optimizer step: 0.169348608 GB 0.186646528 GB
0: Max memory allocated after optimizer step: 0.169348608 GB 0.186646528 GB
0: Max memory allocated after optimizer step: 0.169348608 GB 0.186646528 GB
0: Max memory allocated after optimizer step: 0.169348608 GB 0.186646528 GB
0: Max memory allocated after optimizer step: 0.169348608 GB 0.186646528 GB
0: Max memory allocated after optimizer step: 0.169348608 GB 0.186646528 GB
0: Max memory allocated after optimizer step: 0.169348608 GB 0.186646528 GB
0: Max memory allocated after optimizer step: 0.169348608 GB 0.186646528 GB
0: Max memory allocated after optimizer step: 0.169348608 GB 0.186646528 GB
0: Max memory allocated after optimizer step: 0.169348608 GB 0.186646528 GB
0: Max memory allocated after optimizer step: 0.169348608 GB 0.186646528 GB
0: Max memory allocated after optimizer step: 0.169348608 GB 0.186646528 GB
0: Max memory allocated after optimizer step: 0.169348608 GB 0.186646528 GB
0: Max memory allocated after optimizer step: 0.169348608 GB 0.186646528 GB
0: Max memory allocated after optimizer step: 0.169348608 GB 0.186646528 GB
0: Max memory allocated after optimizer step: 0.169348608 GB 0.186646528 GB
0: Max memory allocated after optimizer step: 0.169348608 GB 0.186646528 GB
0: Max memory allocated after optimizer step: 0.169348608 GB 0.186646528 GB
0: Max memory allocated after optimizer step: 0.169348608 GB 0.186646528 GB
0: Max memory allocated after optimizer step: 0.169348608 GB 0.186646528 GB
0: Max memory allocated after optimizer step: 0.169348608 GB 0.186646528 GB
0: Max memory allocated after optimizer step: 0.169348608 GB 0.186646528 GB
0: Max memory allocated after optimizer step: 0.169348608 GB 0.186646528 GB
0: Max memory allocated after optimizer step: 0.169348608 GB 0.186646528 GB
0: Max memory allocated after optimizer step: 0.169348608 GB 0.186646528 GB
0: Max memory allocated after optimizer step: 0.169348608 GB 0.186646528 GB
0: Max memory allocated after optimizer step: 0.169348608 GB 0.186646528 GB
0: Max memory allocated after optimizer step: 0.169348608 GB 0.186646528 GB
0: Max memory allocated after optimizer step: 0.169348608 GB 0.186646528 GB
0: Max memory allocated after optimizer step: 0.169348608 GB 0.186646528 GB
0: Max memory allocated after optimizer step: 0.169348608 GB 0.186646528 GB
0: Max memory allocated after optimizer step: 0.169348608 GB 0.186646528 GB
0: Max memory allocated after optimizer step: 0.169348608 GB 0.186646528 GB
0: Max memory allocated after optimizer step: 0.169348608 GB 0.186646528 GB
0: Max memory allocated after optimizer step: 0.169348608 GB 0.186646528 GB
0: Max memory allocated after optimizer step: 0.169348608 GB 0.186646528 GB
0: Max memory allocated after optimizer step: 0.169348608 GB 0.186646528 GB
0: Max memory allocated after optimizer step: 0.169348608 GB 0.186646528 GB
0: Max memory allocated after optimizer step: 0.169348608 GB 0.186646528 GB
0: Max memory allocated after optimizer step: 0.169348608 GB 0.186646528 GB
0: Max memory allocated after optimizer step: 0.169348608 GB 0.186646528 GB
0: Max memory allocated after optimizer step: 0.169348608 GB 0.186646528 GB
0: Max memory allocated after optimizer step: 0.169348608 GB 0.186646528 GB
0: Max memory allocated after optimizer step: 0.169348608 GB 0.186646528 GB
0: Max memory allocated after optimizer step: 0.169348608 GB 0.186646528 GB
0: Max memory allocated after optimizer step: 0.169348608 GB 0.186646528 GB
0: Max memory allocated after optimizer step: 0.169348608 GB 0.186646528 GB
0: Max memory allocated after optimizer step: 0.169348608 GB 0.186646528 GB
0: Max memory allocated after optimizer step: 0.169348608 GB 0.186646528 GB
0: Max memory allocated after optimizer step: 0.169348608 GB 0.186646528 GB
0: Max memory allocated after optimizer step: 0.169348608 GB 0.186646528 GB
0: Max memory allocated after optimizer step: 0.169348608 GB 0.186646528 GB
0: Max memory allocated after optimizer step: 0.169348608 GB 0.186646528 GB
0: Max memory allocated after optimizer step: 0.169348608 GB 0.186646528 GB
0: Max memory allocated after optimizer step: 0.169348608 GB 0.186646528 GB
0: Max memory allocated after optimizer step: 0.169348608 GB 0.186646528 GB
0: Max memory allocated after optimizer step: 0.169348608 GB 0.186646528 GB
0: Max memory allocated after optimizer step: 0.169348608 GB 0.186646528 GB
0: Max memory allocated after optimizer step: 0.169348608 GB 0.186646528 GB
0: Max memory allocated after optimizer step: 0.169348608 GB 0.186646528 GB
0: Max memory allocated after optimizer step: 0.169348608 GB 0.186646528 GB
0: Max memory allocated after optimizer step: 0.169348608 GB 0.186646528 GB
0: Max memory allocated after optimizer step: 0.169348608 GB 0.186646528 GB
0: Max memory allocated after optimizer step: 0.169348608 GB 0.186646528 GB
0: Max memory allocated after optimizer step: 0.169348608 GB 0.186646528 GB
0: Max memory allocated after optimizer step: 0.169348608 GB 0.186646528 GB
0: Max memory allocated after optimizer step: 0.169348608 GB 0.186646528 GB
0: Max memory allocated after optimizer step: 0.169348608 GB 0.186646528 GB
0: Max memory allocated after optimizer step: 0.169348608 GB 0.186646528 GB
0: Max memory allocated after optimizer step: 0.169348608 GB 0.186646528 GB
0: Max memory allocated after optimizer step: 0.169348608 GB 0.186646528 GB
0: Max memory allocated after optimizer step: 0.169348608 GB 0.186646528 GB
0: Max memory allocated after optimizer step: 0.169348608 GB 0.186646528 GB
0: Max memory allocated after optimizer step: 0.169348608 GB 0.186646528 GB
0: Max memory allocated after optimizer step: 0.169348608 GB 0.186646528 GB
0: Max memory allocated after optimizer step: 0.169348608 GB 0.186646528 GB
0: Max memory allocated after optimizer step: 0.169348608 GB 0.186646528 GB
0: Max memory allocated after optimizer step: 0.169348608 GB 0.186646528 GB
0: Max memory allocated after optimizer step: 0.169348608 GB 0.186646528 GB
0: Max memory allocated after optimizer step: 0.169348608 GB 0.186646528 GB
0: Max memory allocated after optimizer step: 0.169348608 GB 0.186646528 GB
0: Max memory allocated after optimizer step: 0.169348608 GB 0.186646528 GB
0: Max memory allocated after optimizer step: 0.169348608 GB 0.186646528 GB
0: Max memory allocated after optimizer step: 0.169348608 GB 0.186646528 GB
0: Max memory allocated after optimizer step: 0.169348608 GB 0.186646528 GB
0: Max memory allocated after optimizer step: 0.169348608 GB 0.186646528 GB
0: Max memory allocated after optimizer step: 0.169348608 GB 0.186646528 GB
0: Max memory allocated after optimizer step: 0.169348608 GB 0.186646528 GB
0: Max memory allocated after optimizer step: 0.169348608 GB 0.186646528 GB
0: Max memory allocated after optimizer step: 0.169348608 GB 0.186646528 GB
0: Max memory allocated after optimizer step: 0.169348608 GB 0.186646528 GB
0: Max memory allocated after optimizer step: 0.169348608 GB 0.186646528 GB
0: Max memory allocated after optimizer step: 0.169348608 GB 0.186646528 GB
0: Max memory allocated after optimizer step: 0.169348608 GB 0.186646528 GB
0: Max memory allocated after optimizer step: 0.169348608 GB 0.186646528 GB
0: Max memory allocated after optimizer step: 0.169348608 GB 0.186646528 GB
0: Max memory allocated after optimizer step: 0.169348608 GB 0.186646528 GB
0: Max memory allocated after optimizer step: 0.169348608 GB 0.186646528 GB
0: Max memory allocated after optimizer step: 0.169348608 GB 0.186646528 GB
0: Max memory allocated after optimizer step: 0.169348608 GB 0.186646528 GB
0: Max memory allocated after optimizer step: 0.169348608 GB 0.186646528 GB
0: Max memory allocated after optimizer step: 0.169348608 GB 0.186646528 GB
0: Max memory allocated after optimizer step: 0.169348608 GB 0.186646528 GB
0: Max memory allocated after optimizer step: 0.169348608 GB 0.186646528 GB
0: Max memory allocated after optimizer step: 0.169348608 GB 0.186646528 GB
0: Max memory allocated after optimizer step: 0.169348608 GB 0.186646528 GB
0: Max memory allocated after optimizer step: 0.169348608 GB 0.186646528 GB
0: Max memory allocated after optimizer step: 0.169348608 GB 0.186646528 GB
0: Max memory allocated after optimizer step: 0.169348608 GB 0.186646528 GB
0: Max memory allocated after optimizer step: 0.169348608 GB 0.186646528 GB
0: Max memory allocated after optimizer step: 0.169348608 GB 0.186646528 GB
0: Max memory allocated after optimizer step: 0.169348608 GB 0.186646528 GB
0: Max memory allocated after optimizer step: 0.169348608 GB 0.186646528 GB
0: Max memory allocated after optimizer step: 0.169348608 GB 0.186646528 GB
0: Max memory allocated after optimizer step: 0.169348608 GB 0.186646528 GB
0: Max memory allocated after optimizer step: 0.169348608 GB 0.186646528 GB
0: Max memory allocated after optimizer step: 0.169348608 GB 0.186646528 GB
0: Max memory allocated after optimizer step: 0.169348608 GB 0.186646528 GB
0: Max memory allocated after optimizer step: 0.169348608 GB 0.186646528 GB
0: Max memory allocated after optimizer step: 0.169348608 GB 0.186646528 GB
0: Max memory allocated after optimizer step: 0.169348608 GB 0.186646528 GB
0: Max memory allocated after optimizer step: 0.169348608 GB 0.186646528 GB
0: Max memory allocated after optimizer step: 0.169348608 GB 0.186646528 GB
0: Max memory allocated after optimizer step: 0.169348608 GB 0.186646528 GB
0: Max memory allocated after optimizer step: 0.169348608 GB 0.186646528 GB
0: Max memory allocated after optimizer step: 0.169348608 GB 0.186646528 GB
0: Max memory allocated after optimizer step: 0.169348608 GB 0.186646528 GB
0: Max memory allocated after optimizer step: 0.169348608 GB 0.186646528 GB
0: Max memory allocated after optimizer step: 0.169348608 GB 0.186646528 GB
0: Max memory allocated after optimizer step: 0.169348608 GB 0.186646528 GB
0: Max memory allocated after optimizer step: 0.169348608 GB 0.186646528 GB
0: Max memory allocated after optimizer step: 0.169348608 GB 0.186646528 GB
0: Max memory allocated after optimizer step: 0.169348608 GB 0.186646528 GB
0: Max memory allocated after optimizer step: 0.169348608 GB 0.186646528 GB
0: Max memory allocated after optimizer step: 0.169348608 GB 0.186646528 GB
0: Max memory allocated after optimizer step: 0.169348608 GB 0.186646528 GB
0: Max memory allocated after optimizer step: 0.169348608 GB 0.186646528 GB
0: Max memory allocated after optimizer step: 0.169348608 GB 0.186646528 GB
0: Max memory allocated after optimizer step: 0.169348608 GB 0.186646528 GB
0: Max memory allocated after optimizer step: 0.169348608 GB 0.186646528 GB
0: Max memory allocated after optimizer step: 0.169348608 GB 0.186646528 GB
0: Max memory allocated after optimizer step: 0.169348608 GB 0.186646528 GB
0: Max memory allocated after optimizer step: 0.169348608 GB 0.186646528 GB
0: Max memory allocated after optimizer step: 0.169348608 GB 0.186646528 GB
0: Max memory allocated after optimizer step: 0.169348608 GB 0.186646528 GB
0: Max memory allocated after optimizer step: 0.169348608 GB 0.186646528 GB
0: Max memory allocated after optimizer step: 0.169348608 GB 0.186646528 GB
0: Max memory allocated after optimizer step: 0.169348608 GB 0.186646528 GB
0: Max memory allocated after optimizer step: 0.169348608 GB 0.186646528 GB
0: Max memory allocated after optimizer step: 0.169348608 GB 0.186646528 GB
0: Max memory allocated after optimizer step: 0.169348608 GB 0.186646528 GB
0: Max memory allocated after optimizer step: 0.169348608 GB 0.186646528 GB
0: Max memory allocated after optimizer step: 0.169348608 GB 0.186646528 GB
0: Max memory allocated after optimizer step: 0.169348608 GB 0.186646528 GB
0: Max memory allocated after optimizer step: 0.169348608 GB 0.186646528 GB
0: Max memory allocated after optimizer step: 0.169348608 GB 0.186646528 GB
0: Max memory allocated after optimizer step: 0.169348608 GB 0.186646528 GB
0: Max memory allocated after optimizer step: 0.169348608 GB 0.186646528 GB
0: Max memory allocated after optimizer step: 0.169348608 GB 0.186646528 GB
0: Max memory allocated after optimizer step: 0.169348608 GB 0.186646528 GB
0: Max memory allocated after optimizer step: 0.169348608 GB 0.186646528 GB
0: Max memory allocated after optimizer step: 0.169348608 GB 0.186646528 GB
0: Max memory allocated after optimizer step: 0.169348608 GB 0.186646528 GB
0: Max memory allocated after optimizer step: 0.169348608 GB 0.186646528 GB
0: Max memory allocated after optimizer step: 0.169348608 GB 0.186646528 GB
0: Max memory allocated after optimizer step: 0.169348608 GB 0.186646528 GB
0: Max memory allocated after optimizer step: 0.169348608 GB 0.186646528 GB
0: Max memory allocated after optimizer step: 0.169348608 GB 0.186646528 GB
0: Max memory allocated after optimizer step: 0.169348608 GB 0.186646528 GB
0: Max memory allocated after optimizer step: 0.169348608 GB 0.186646528 GB
0: Max memory allocated after optimizer step: 0.169348608 GB 0.186646528 GB
0: Max memory allocated after optimizer step: 0.169348608 GB 0.186646528 GB
0: Max memory allocated after optimizer step: 0.169348608 GB 0.186646528 GB
0: Max memory allocated after optimizer step: 0.169348608 GB 0.186646528 GB
0: Max memory allocated after optimizer step: 0.169348608 GB 0.186646528 GB
0: Max memory allocated after optimizer step: 0.169348608 GB 0.186646528 GB
0: Max memory allocated after optimizer step: 0.169348608 GB 0.186646528 GB
0: Max memory allocated after optimizer step: 0.169348608 GB 0.186646528 GB
0: Max memory allocated after optimizer step: 0.169348608 GB 0.186646528 GB
0: Max memory allocated after optimizer step: 0.169348608 GB 0.186646528 GB
0: Max memory allocated after optimizer step: 0.169348608 GB 0.186646528 GB
0: Max memory allocated after optimizer step: 0.169348608 GB 0.186646528 GB
0: Max memory allocated after optimizer step: 0.169348608 GB 0.186646528 GB
0: Max memory allocated after optimizer step: 0.169348608 GB 0.186646528 GB
0: Max memory allocated after optimizer step: 0.169348608 GB 0.186646528 GB
0: Max memory allocated after optimizer step: 0.169348608 GB 0.186646528 GB
0: Max memory allocated after optimizer step: 0.169348608 GB 0.186646528 GB
0: Max memory allocated after optimizer step: 0.169348608 GB 0.186646528 GB
0: Max memory allocated after optimizer step: 0.169348608 GB 0.186646528 GB
0: Max memory allocated after optimizer step: 0.169348608 GB 0.186646528 GB
0: Max memory allocated after optimizer step: 0.169348608 GB 0.186646528 GB
0: Max memory allocated after optimizer step: 0.169348608 GB 0.186646528 GB
0: Max memory allocated after optimizer step: 0.169348608 GB 0.186646528 GB
0: Max memory allocated after optimizer step: 0.169348608 GB 0.186646528 GB
0: Max memory allocated after optimizer step: 0.169348608 GB 0.186646528 GB
0: Max memory allocated after optimizer step: 0.169348608 GB 0.186646528 GB
0: Max memory allocated after optimizer step: 0.169348608 GB 0.186646528 GB
0: Max memory allocated after optimizer step: 0.169348608 GB 0.186646528 GB
0: Max memory allocated after optimizer step: 0.169348608 GB 0.186646528 GB
0: Max memory allocated after optimizer step: 0.169348608 GB 0.186646528 GB
0: Max memory allocated after optimizer step: 0.169348608 GB 0.186646528 GB
0: Max memory allocated after optimizer step: 0.169348608 GB 0.186646528 GB
0: Max memory allocated after optimizer step: 0.169348608 GB 0.186646528 GB
0: Max memory allocated after optimizer step: 0.169348608 GB 0.186646528 GB
0: Max memory allocated after optimizer step: 0.169348608 GB 0.186646528 GB
0: Max memory allocated after optimizer step: 0.169348608 GB 0.186646528 GB
0: Max memory allocated after optimizer step: 0.169348608 GB 0.186646528 GB
0: Max memory allocated after optimizer step: 0.169348608 GB 0.186646528 GB
0: Max memory allocated after optimizer step: 0.169348608 GB 0.186646528 GB
0: Max memory allocated after optimizer step: 0.169348608 GB 0.186646528 GB
0: Max memory allocated after optimizer step: 0.169348608 GB 0.186646528 GB
0: Max memory allocated after optimizer step: 0.169348608 GB 0.186646528 GB
0: Max memory allocated after optimizer step: 0.169348608 GB 0.186646528 GB
0: Max memory allocated after optimizer step: 0.169348608 GB 0.186646528 GB
0: Max memory allocated after optimizer step: 0.169348608 GB 0.186646528 GB
0: Max memory allocated after optimizer step: 0.169348608 GB 0.186646528 GB
0: Max memory allocated after optimizer step: 0.169348608 GB 0.186646528 GB
0: Max memory allocated after optimizer step: 0.169348608 GB 0.186646528 GB
0: Max memory allocated after optimizer step: 0.169348608 GB 0.186646528 GB
0: Max memory allocated after optimizer step: 0.169348608 GB 0.186646528 GB
0: Max memory allocated after optimizer step: 0.169348608 GB 0.186646528 GB
0: Max memory allocated after optimizer step: 0.169348608 GB 0.186646528 GB
0: Max memory allocated after optimizer step: 0.169348608 GB 0.186646528 GB
0: Max memory allocated after optimizer step: 0.169348608 GB 0.186646528 GB
0: Max memory allocated after optimizer step: 0.169348608 GB 0.186646528 GB
0: Max memory allocated after optimizer step: 0.169348608 GB 0.186646528 GB
0: Max memory allocated after optimizer step: 0.169348608 GB 0.186646528 GB
0: Max memory allocated after optimizer step: 0.169348608 GB 0.186646528 GB
0: Max memory allocated after optimizer step: 0.169348608 GB 0.186646528 GB
0: Max memory allocated after optimizer step: 0.169348608 GB 0.186646528 GB
0: Max memory allocated after optimizer step: 0.169348608 GB 0.186646528 GB
0: Max memory allocated after optimizer step: 0.169348608 GB 0.186646528 GB
0: Max memory allocated after optimizer step: 0.169348608 GB 0.186646528 GB
0: Max memory allocated after optimizer step: 0.169348608 GB 0.186646528 GB
0: Max memory allocated after optimizer step: 0.169348608 GB 0.186646528 GB
0: Max memory allocated after optimizer step: 0.169348608 GB 0.186646528 GB
0: Max memory allocated after optimizer step: 0.169348608 GB 0.186646528 GB
0: Max memory allocated after optimizer step: 0.169348608 GB 0.186646528 GB
0: Max memory allocated after optimizer step: 0.169348608 GB 0.186646528 GB
0: Max memory allocated after optimizer step: 0.169348608 GB 0.186646528 GB
0: Max memory allocated after optimizer step: 0.169348608 GB 0.186646528 GB
0: Max memory allocated after optimizer step: 0.169348608 GB 0.186646528 GB
0: Max memory allocated after optimizer step: 0.169348608 GB 0.186646528 GB
0: Max memory allocated after optimizer step: 0.169348608 GB 0.186646528 GB
0: Max memory allocated after optimizer step: 0.169348608 GB 0.186646528 GB
0: Max memory allocated after optimizer step: 0.169348608 GB 0.186646528 GB
0: Max memory allocated after optimizer step: 0.169348608 GB 0.186646528 GB
0: Max memory allocated after optimizer step: 0.169348608 GB 0.186646528 GB
0: Max memory allocated after optimizer step: 0.169348608 GB 0.186646528 GB
0: Max memory allocated after optimizer step: 0.169348608 GB 0.186646528 GB
0: Max memory allocated after optimizer step: 0.169348608 GB 0.186646528 GB
0: Max memory allocated after optimizer step: 0.169348608 GB 0.186646528 GB
0: Max memory allocated after optimizer step: 0.169348608 GB 0.186646528 GB
0: Max memory allocated after optimizer step: 0.169348608 GB 0.186646528 GB
0: Max memory allocated after optimizer step: 0.169348608 GB 0.186646528 GB
0: Max memory allocated after optimizer step: 0.169348608 GB 0.186646528 GB
0: Max memory allocated after optimizer step: 0.169348608 GB 0.186646528 GB
0: Max memory allocated after optimizer step: 0.169348608 GB 0.186646528 GB
0: Max memory allocated after optimizer step: 0.169348608 GB 0.186646528 GB
0: Max memory allocated after optimizer step: 0.169348608 GB 0.186646528 GB
0: Max memory allocated after optimizer step: 0.169348608 GB 0.186646528 GB
0: Max memory allocated after optimizer step: 0.169348608 GB 0.186646528 GB
0: Max memory allocated after optimizer step: 0.169348608 GB 0.186646528 GB
0: Max memory allocated after optimizer step: 0.169348608 GB 0.186646528 GB
0: Max memory allocated after optimizer step: 0.169348608 GB 0.186646528 GB
0: Max memory allocated after optimizer step: 0.169348608 GB 0.186646528 GB
0: Max memory allocated after optimizer step: 0.169348608 GB 0.186646528 GB
0: Max memory allocated after optimizer step: 0.169348608 GB 0.186646528 GB
0: Max memory allocated after optimizer step: 0.169348608 GB 0.186646528 GB
0: Max memory allocated after optimizer step: 0.169348608 GB 0.186646528 GB
0: Max memory allocated after optimizer step: 0.169348608 GB 0.186646528 GB
0: Max memory allocated after optimizer step: 0.169348608 GB 0.186646528 GB
0: Max memory allocated after optimizer step: 0.169348608 GB 0.186646528 GB
0: Max memory allocated after optimizer step: 0.169348608 GB 0.186646528 GB
0: Max memory allocated after optimizer step: 0.169348608 GB 0.186646528 GB
0: Max memory allocated after optimizer step: 0.169348608 GB 0.186646528 GB
0: Max memory allocated after optimizer step: 0.169348608 GB 0.186646528 GB
0: Max memory allocated after optimizer step: 0.169348608 GB 0.186646528 GB
0: Max memory allocated after optimizer step: 0.169348608 GB 0.186646528 GB
0: Max memory allocated after optimizer step: 0.169348608 GB 0.186646528 GB
0: Max memory allocated after optimizer step: 0.169348608 GB 0.186646528 GB
0: Max memory allocated after optimizer step: 0.169348608 GB 0.186646528 GB
0: Max memory allocated after optimizer step: 0.169348608 GB 0.186646528 GB
0: Max memory allocated after optimizer step: 0.169348608 GB 0.186646528 GB
0: Max memory allocated after optimizer step: 0.169348608 GB 0.186646528 GB
0: Max memory allocated after optimizer step: 0.169348608 GB 0.186646528 GB
0: Max memory allocated after optimizer step: 0.169348608 GB 0.186646528 GB
0: Max memory allocated after optimizer step: 0.169348608 GB 0.186646528 GB
0: Max memory allocated after optimizer step: 0.169348608 GB 0.186646528 GB
0: Max memory allocated after optimizer step: 0.169348608 GB 0.186646528 GB
0: Max memory allocated after optimizer step: 0.169348608 GB 0.186646528 GB
0: Max memory allocated after optimizer step: 0.169348608 GB 0.186646528 GB
0: Max memory allocated after optimizer step: 0.169348608 GB 0.186646528 GB
0: Max memory allocated after optimizer step: 0.169348608 GB 0.186646528 GB
0: Max memory allocated after optimizer step: 0.169348608 GB 0.186646528 GB
0: Max memory allocated after optimizer step: 0.169348608 GB 0.186646528 GB
0: Max memory allocated after optimizer step: 0.169348608 GB 0.186646528 GB
0: Max memory allocated after optimizer step: 0.169348608 GB 0.186646528 GB
0: Max memory allocated after optimizer step: 0.169348608 GB 0.186646528 GB
0: Max memory allocated after optimizer step: 0.169348608 GB 0.186646528 GB
0: Max memory allocated after optimizer step: 0.169348608 GB 0.186646528 GB
0: Max memory allocated after optimizer step: 0.169348608 GB 0.186646528 GB
0: Max memory allocated after optimizer step: 0.169348608 GB 0.186646528 GB
0: Max memory allocated after optimizer step: 0.169348608 GB 0.186646528 GB
0: Max memory allocated after optimizer step: 0.169348608 GB 0.186646528 GB
0: Max memory allocated after optimizer step: 0.169348608 GB 0.186646528 GB
0: Max memory allocated after optimizer step: 0.169348608 GB 0.186646528 GB
0: Max memory allocated after optimizer step: 0.169348608 GB 0.186646528 GB
0: Max memory allocated after optimizer step: 0.169348608 GB 0.186646528 GB
0: Max memory allocated after optimizer step: 0.169348608 GB 0.186646528 GB
0: Max memory allocated after optimizer step: 0.169348608 GB 0.186646528 GB
0: Max memory allocated after optimizer step: 0.169348608 GB 0.186646528 GB
0: Max memory allocated after optimizer step: 0.169348608 GB 0.186646528 GB
0: Max memory allocated after optimizer step: 0.169348608 GB 0.186646528 GB
0: Max memory allocated after optimizer step: 0.169348608 GB 0.186646528 GB
0: Max memory allocated after optimizer step: 0.169348608 GB 0.186646528 GB
0: Max memory allocated after optimizer step: 0.169348608 GB 0.186646528 GB
0: Max memory allocated after optimizer step: 0.169348608 GB 0.186646528 GB
0: Max memory allocated after optimizer step: 0.169348608 GB 0.186646528 GB
0: Max memory allocated after optimizer step: 0.169348608 GB 0.186646528 GB
0: Max memory allocated after optimizer step: 0.169348608 GB 0.186646528 GB
0: Max memory allocated after optimizer step: 0.169348608 GB 0.186646528 GB
0: Max memory allocated after optimizer step: 0.169348608 GB 0.186646528 GB
0: Max memory allocated after optimizer step: 0.169348608 GB 0.186646528 GB
0: Max memory allocated after optimizer step: 0.169348608 GB 0.186646528 GB
0: Max memory allocated after optimizer step: 0.169348608 GB 0.186646528 GB
0: Max memory allocated after optimizer step: 0.169348608 GB 0.186646528 GB
0: Max memory allocated after optimizer step: 0.169348608 GB 0.186646528 GB
0: Max memory allocated after optimizer step: 0.169348608 GB 0.186646528 GB
0: Max memory allocated after optimizer step: 0.169348608 GB 0.186646528 GB
0: Max memory allocated after optimizer step: 0.169348608 GB 0.186646528 GB
0: Max memory allocated after optimizer step: 0.169348608 GB 0.186646528 GB
0: Max memory allocated after optimizer step: 0.169348608 GB 0.186646528 GB
0: Max memory allocated after optimizer step: 0.169348608 GB 0.186646528 GB
0: Max memory allocated after optimizer step: 0.169348608 GB 0.186646528 GB
0: Max memory allocated after optimizer step: 0.169348608 GB 0.186646528 GB
0: Max memory allocated after optimizer step: 0.169348608 GB 0.186646528 GB
0: Max memory allocated after optimizer step: 0.169348608 GB 0.186646528 GB
0: Max memory allocated after optimizer step: 0.169348608 GB 0.186646528 GB
0: Max memory allocated after optimizer step: 0.169348608 GB 0.186646528 GB
0: Epoch: 01, Train Loss: 0.00010601, Val Loss: 0.00010149, Test Loss: 0.00009998
0: Tasks Train Loss: [0.00010601100802887231]
0: Tasks Val Loss: [0.0001014908411889337]
0: Tasks Test Loss: [9.998456516768783e-05]
0: Creating Checkpoint: 0.000101
0: Best Performance Metric: 0.000101
[precision-diagnostic] requested=fp32 model_param_dtype=torch.float32
[precision-diagnostic] first_batch_float_dtype=torch.float32
[precision-diagnostic] first_optimizer_state_float_dtype=torch.float32
0: Max memory allocated after optimizer step: 0.169348608 GB 0.186646528 GB
0: Max memory allocated after optimizer step: 0.169348608 GB 0.186646528 GB
0: Max memory allocated after optimizer step: 0.169348608 GB 0.186646528 GB
0: Max memory allocated after optimizer step: 0.169348608 GB 0.186646528 GB
0: Max memory allocated after optimizer step: 0.169348608 GB 0.186646528 GB
0: Max memory allocated after optimizer step: 0.169348608 GB 0.186646528 GB
0: Max memory allocated after optimizer step: 0.169348608 GB 0.186646528 GB
0: Max memory allocated after optimizer step: 0.169348608 GB 0.186646528 GB
0: Max memory allocated after optimizer step: 0.169348608 GB 0.186646528 GB
0: Max memory allocated after optimizer step: 0.169348608 GB 0.186646528 GB
0: Max memory allocated after optimizer step: 0.169348608 GB 0.186646528 GB
0: Max memory allocated after optimizer step: 0.169348608 GB 0.186646528 GB
0: Max memory allocated after optimizer step: 0.169348608 GB 0.186646528 GB
0: Max memory allocated after optimizer step: 0.169348608 GB 0.186646528 GB
0: Max memory allocated after optimizer step: 0.169348608 GB 0.186646528 GB
0: Max memory allocated after optimizer step: 0.169348608 GB 0.186646528 GB
0: Max memory allocated after optimizer step: 0.169348608 GB 0.186646528 GB
0: Max memory allocated after optimizer step: 0.169348608 GB 0.186646528 GB
0: Max memory allocated after optimizer step: 0.169348608 GB 0.186646528 GB
0: Max memory allocated after optimizer step: 0.169348608 GB 0.186646528 GB
0: Max memory allocated after optimizer step: 0.169348608 GB 0.186646528 GB
0: Max memory allocated after optimizer step: 0.169348608 GB 0.186646528 GB
0: Max memory allocated after optimizer step: 0.169348608 GB 0.186646528 GB
0: Max memory allocated after optimizer step: 0.169348608 GB 0.186646528 GB
0: Max memory allocated after optimizer step: 0.169348608 GB 0.186646528 GB
0: Max memory allocated after optimizer step: 0.169348608 GB 0.186646528 GB
0: Max memory allocated after optimizer step: 0.169348608 GB 0.186646528 GB
0: Max memory allocated after optimizer step: 0.169348608 GB 0.186646528 GB
0: Max memory allocated after optimizer step: 0.169348608 GB 0.186646528 GB
0: Max memory allocated after optimizer step: 0.169348608 GB 0.186646528 GB
0: Max memory allocated after optimizer step: 0.169348608 GB 0.186646528 GB
0: Max memory allocated after optimizer step: 0.169348608 GB 0.186646528 GB
0: Max memory allocated after optimizer step: 0.169348608 GB 0.186646528 GB
0: Max memory allocated after optimizer step: 0.169348608 GB 0.186646528 GB
0: Max memory allocated after optimizer step: 0.169348608 GB 0.186646528 GB
0: Max memory allocated after optimizer step: 0.169348608 GB 0.186646528 GB
0: Max memory allocated after optimizer step: 0.169348608 GB 0.186646528 GB
0: Max memory allocated after optimizer step: 0.169348608 GB 0.186646528 GB
0: Max memory allocated after optimizer step: 0.169348608 GB 0.186646528 GB
0: Max memory allocated after optimizer step: 0.169348608 GB 0.186646528 GB
0: Max memory allocated after optimizer step: 0.169348608 GB 0.186646528 GB
0: Max memory allocated after optimizer step: 0.169348608 GB 0.186646528 GB
0: Max memory allocated after optimizer step: 0.169348608 GB 0.186646528 GB
0: Max memory allocated after optimizer step: 0.169348608 GB 0.186646528 GB
0: Max memory allocated after optimizer step: 0.169348608 GB 0.186646528 GB
0: Max memory allocated after optimizer step: 0.169348608 GB 0.186646528 GB
0: Max memory allocated after optimizer step: 0.169348608 GB 0.186646528 GB
0: Max memory allocated after optimizer step: 0.169348608 GB 0.186646528 GB
0: Max memory allocated after optimizer step: 0.169348608 GB 0.186646528 GB
0: Max memory allocated after optimizer step: 0.169348608 GB 0.186646528 GB
0: Max memory allocated after optimizer step: 0.169348608 GB 0.186646528 GB
0: Max memory allocated after optimizer step: 0.169348608 GB 0.186646528 GB
0: Max memory allocated after optimizer step: 0.169348608 GB 0.186646528 GB
0: Max memory allocated after optimizer step: 0.169348608 GB 0.186646528 GB
0: Max memory allocated after optimizer step: 0.169348608 GB 0.186646528 GB
0: Max memory allocated after optimizer step: 0.169348608 GB 0.186646528 GB
0: Max memory allocated after optimizer step: 0.169348608 GB 0.186646528 GB
0: Max memory allocated after optimizer step: 0.169348608 GB 0.186646528 GB
0: Max memory allocated after optimizer step: 0.169348608 GB 0.186646528 GB
0: Max memory allocated after optimizer step: 0.169348608 GB 0.186646528 GB
0: Max memory allocated after optimizer step: 0.169348608 GB 0.186646528 GB
0: Max memory allocated after optimizer step: 0.169348608 GB 0.186646528 GB
0: Max memory allocated after optimizer step: 0.169348608 GB 0.186646528 GB
0: Max memory allocated after optimizer step: 0.169348608 GB 0.186646528 GB
0: Max memory allocated after optimizer step: 0.169348608 GB 0.186646528 GB
0: Max memory allocated after optimizer step: 0.169348608 GB 0.186646528 GB
0: Max memory allocated after optimizer step: 0.169348608 GB 0.186646528 GB
0: Max memory allocated after optimizer step: 0.169348608 GB 0.186646528 GB
0: Max memory allocated after optimizer step: 0.169348608 GB 0.186646528 GB
0: Max memory allocated after optimizer step: 0.169348608 GB 0.186646528 GB
0: Max memory allocated after optimizer step: 0.169348608 GB 0.186646528 GB
0: Max memory allocated after optimizer step: 0.169348608 GB 0.186646528 GB
0: Max memory allocated after optimizer step: 0.169348608 GB 0.186646528 GB
0: Max memory allocated after optimizer step: 0.169348608 GB 0.186646528 GB
0: Max memory allocated after optimizer step: 0.169348608 GB 0.186646528 GB
0: Max memory allocated after optimizer step: 0.169348608 GB 0.186646528 GB
0: Max memory allocated after optimizer step: 0.169348608 GB 0.186646528 GB
0: Max memory allocated after optimizer step: 0.169348608 GB 0.186646528 GB
0: Max memory allocated after optimizer step: 0.169348608 GB 0.186646528 GB
0: Max memory allocated after optimizer step: 0.169348608 GB 0.186646528 GB
0: Max memory allocated after optimizer step: 0.169348608 GB 0.186646528 GB
0: Max memory allocated after optimizer step: 0.169348608 GB 0.186646528 GB
0: Max memory allocated after optimizer step: 0.169348608 GB 0.186646528 GB
0: Max memory allocated after optimizer step: 0.169348608 GB 0.186646528 GB
0: Max memory allocated after optimizer step: 0.169348608 GB 0.186646528 GB
0: Max memory allocated after optimizer step: 0.169348608 GB 0.186646528 GB
0: Max memory allocated after optimizer step: 0.169348608 GB 0.186646528 GB
0: Max memory allocated after optimizer step: 0.169348608 GB 0.186646528 GB
0: Max memory allocated after optimizer step: 0.169348608 GB 0.186646528 GB
0: Max memory allocated after optimizer step: 0.169348608 GB 0.186646528 GB
0: Max memory allocated after optimizer step: 0.169348608 GB 0.186646528 GB
0: Max memory allocated after optimizer step: 0.169348608 GB 0.186646528 GB
0: Max memory allocated after optimizer step: 0.169348608 GB 0.186646528 GB
0: Max memory allocated after optimizer step: 0.169348608 GB 0.186646528 GB
0: Max memory allocated after optimizer step: 0.169348608 GB 0.186646528 GB
0: Max memory allocated after optimizer step: 0.169348608 GB 0.186646528 GB
0: Max memory allocated after optimizer step: 0.169348608 GB 0.186646528 GB
0: Max memory allocated after optimizer step: 0.169348608 GB 0.186646528 GB
0: Max memory allocated after optimizer step: 0.169348608 GB 0.186646528 GB
0: Max memory allocated after optimizer step: 0.169348608 GB 0.186646528 GB
0: Max memory allocated after optimizer step: 0.169348608 GB 0.186646528 GB
0: Max memory allocated after optimizer step: 0.169348608 GB 0.186646528 GB
0: Max memory allocated after optimizer step: 0.169348608 GB 0.186646528 GB
0: Max memory allocated after optimizer step: 0.169348608 GB 0.186646528 GB
0: Max memory allocated after optimizer step: 0.169348608 GB 0.186646528 GB
0: Max memory allocated after optimizer step: 0.169348608 GB 0.186646528 GB
0: Max memory allocated after optimizer step: 0.169348608 GB 0.186646528 GB
0: Max memory allocated after optimizer step: 0.169348608 GB 0.186646528 GB
0: Max memory allocated after optimizer step: 0.169348608 GB 0.186646528 GB
0: Max memory allocated after optimizer step: 0.169348608 GB 0.186646528 GB
0: Max memory allocated after optimizer step: 0.169348608 GB 0.186646528 GB
0: Max memory allocated after optimizer step: 0.169348608 GB 0.186646528 GB
0: Max memory allocated after optimizer step: 0.169348608 GB 0.186646528 GB
0: Max memory allocated after optimizer step: 0.169348608 GB 0.186646528 GB
0: Max memory allocated after optimizer step: 0.169348608 GB 0.186646528 GB
0: Max memory allocated after optimizer step: 0.169348608 GB 0.186646528 GB
0: Max memory allocated after optimizer step: 0.169348608 GB 0.186646528 GB
0: Max memory allocated after optimizer step: 0.169348608 GB 0.186646528 GB
0: Max memory allocated after optimizer step: 0.169348608 GB 0.186646528 GB
0: Max memory allocated after optimizer step: 0.169348608 GB 0.186646528 GB
0: Max memory allocated after optimizer step: 0.169348608 GB 0.186646528 GB
0: Max memory allocated after optimizer step: 0.169348608 GB 0.186646528 GB
0: Max memory allocated after optimizer step: 0.169348608 GB 0.186646528 GB
0: Max memory allocated after optimizer step: 0.169348608 GB 0.186646528 GB
0: Max memory allocated after optimizer step: 0.169348608 GB 0.186646528 GB
0: Max memory allocated after optimizer step: 0.169348608 GB 0.186646528 GB
0: Max memory allocated after optimizer step: 0.169348608 GB 0.186646528 GB
0: Max memory allocated after optimizer step: 0.169348608 GB 0.186646528 GB
0: Max memory allocated after optimizer step: 0.169348608 GB 0.186646528 GB
0: Max memory allocated after optimizer step: 0.169348608 GB 0.186646528 GB
0: Max memory allocated after optimizer step: 0.169348608 GB 0.186646528 GB
0: Max memory allocated after optimizer step: 0.169348608 GB 0.186646528 GB
0: Max memory allocated after optimizer step: 0.169348608 GB 0.186646528 GB
0: Max memory allocated after optimizer step: 0.169348608 GB 0.186646528 GB
0: Max memory allocated after optimizer step: 0.169348608 GB 0.186646528 GB
0: Max memory allocated after optimizer step: 0.169348608 GB 0.186646528 GB
0: Max memory allocated after optimizer step: 0.169348608 GB 0.186646528 GB
0: Max memory allocated after optimizer step: 0.169348608 GB 0.186646528 GB
0: Max memory allocated after optimizer step: 0.169348608 GB 0.186646528 GB
0: Max memory allocated after optimizer step: 0.169348608 GB 0.186646528 GB
0: Max memory allocated after optimizer step: 0.169348608 GB 0.186646528 GB
0: Max memory allocated after optimizer step: 0.169348608 GB 0.186646528 GB
0: Max memory allocated after optimizer step: 0.169348608 GB 0.186646528 GB
0: Max memory allocated after optimizer step: 0.169348608 GB 0.186646528 GB
0: Max memory allocated after optimizer step: 0.169348608 GB 0.186646528 GB
0: Max memory allocated after optimizer step: 0.169348608 GB 0.186646528 GB
0: Max memory allocated after optimizer step: 0.169348608 GB 0.186646528 GB
0: Max memory allocated after optimizer step: 0.169348608 GB 0.186646528 GB
0: Max memory allocated after optimizer step: 0.169348608 GB 0.186646528 GB
0: Max memory allocated after optimizer step: 0.169348608 GB 0.186646528 GB
0: Max memory allocated after optimizer step: 0.169348608 GB 0.186646528 GB
0: Max memory allocated after optimizer step: 0.169348608 GB 0.186646528 GB
0: Max memory allocated after optimizer step: 0.169348608 GB 0.186646528 GB
0: Max memory allocated after optimizer step: 0.169348608 GB 0.186646528 GB
0: Max memory allocated after optimizer step: 0.169348608 GB 0.186646528 GB
0: Max memory allocated after optimizer step: 0.169348608 GB 0.186646528 GB
0: Max memory allocated after optimizer step: 0.169348608 GB 0.186646528 GB
0: Max memory allocated after optimizer step: 0.169348608 GB 0.186646528 GB
0: Max memory allocated after optimizer step: 0.169348608 GB 0.186646528 GB
0: Max memory allocated after optimizer step: 0.169348608 GB 0.186646528 GB
0: Max memory allocated after optimizer step: 0.169348608 GB 0.186646528 GB
0: Max memory allocated after optimizer step: 0.169348608 GB 0.186646528 GB
0: Max memory allocated after optimizer step: 0.169348608 GB 0.186646528 GB
0: Max memory allocated after optimizer step: 0.169348608 GB 0.186646528 GB
0: Max memory allocated after optimizer step: 0.169348608 GB 0.186646528 GB
0: Max memory allocated after optimizer step: 0.169348608 GB 0.186646528 GB
0: Max memory allocated after optimizer step: 0.169348608 GB 0.186646528 GB
0: Max memory allocated after optimizer step: 0.169348608 GB 0.186646528 GB
0: Max memory allocated after optimizer step: 0.169348608 GB 0.186646528 GB
0: Max memory allocated after optimizer step: 0.169348608 GB 0.186646528 GB
0: Max memory allocated after optimizer step: 0.169348608 GB 0.186646528 GB
0: Max memory allocated after optimizer step: 0.169348608 GB 0.186646528 GB
0: Max memory allocated after optimizer step: 0.169348608 GB 0.186646528 GB
0: Max memory allocated after optimizer step: 0.169348608 GB 0.186646528 GB
0: Max memory allocated after optimizer step: 0.169348608 GB 0.186646528 GB
0: Max memory allocated after optimizer step: 0.169348608 GB 0.186646528 GB
0: Max memory allocated after optimizer step: 0.169348608 GB 0.186646528 GB
0: Max memory allocated after optimizer step: 0.169348608 GB 0.186646528 GB
0: Max memory allocated after optimizer step: 0.169348608 GB 0.186646528 GB
0: Max memory allocated after optimizer step: 0.169348608 GB 0.186646528 GB
0: Max memory allocated after optimizer step: 0.169348608 GB 0.186646528 GB
0: Max memory allocated after optimizer step: 0.169348608 GB 0.186646528 GB
0: Max memory allocated after optimizer step: 0.169348608 GB 0.186646528 GB
0: Max memory allocated after optimizer step: 0.169348608 GB 0.186646528 GB
0: Max memory allocated after optimizer step: 0.169348608 GB 0.186646528 GB
0: Max memory allocated after optimizer step: 0.169348608 GB 0.186646528 GB
0: Max memory allocated after optimizer step: 0.169348608 GB 0.186646528 GB
0: Max memory allocated after optimizer step: 0.169348608 GB 0.186646528 GB
0: Max memory allocated after optimizer step: 0.169348608 GB 0.186646528 GB
0: Max memory allocated after optimizer step: 0.169348608 GB 0.186646528 GB
0: Max memory allocated after optimizer step: 0.169348608 GB 0.186646528 GB
0: Max memory allocated after optimizer step: 0.169348608 GB 0.186646528 GB
0: Max memory allocated after optimizer step: 0.169348608 GB 0.186646528 GB
0: Max memory allocated after optimizer step: 0.169348608 GB 0.186646528 GB
0: Max memory allocated after optimizer step: 0.169348608 GB 0.186646528 GB
0: Max memory allocated after optimizer step: 0.169348608 GB 0.186646528 GB
0: Max memory allocated after optimizer step: 0.169348608 GB 0.186646528 GB
0: Max memory allocated after optimizer step: 0.169348608 GB 0.186646528 GB
0: Max memory allocated after optimizer step: 0.169348608 GB 0.186646528 GB
0: Max memory allocated after optimizer step: 0.169348608 GB 0.186646528 GB
0: Max memory allocated after optimizer step: 0.169348608 GB 0.186646528 GB
0: Max memory allocated after optimizer step: 0.169348608 GB 0.186646528 GB
0: Max memory allocated after optimizer step: 0.169348608 GB 0.186646528 GB
0: Max memory allocated after optimizer step: 0.169348608 GB 0.186646528 GB
0: Max memory allocated after optimizer step: 0.169348608 GB 0.186646528 GB
0: Max memory allocated after optimizer step: 0.169348608 GB 0.186646528 GB
0: Max memory allocated after optimizer step: 0.169348608 GB 0.186646528 GB
0: Max memory allocated after optimizer step: 0.169348608 GB 0.186646528 GB
0: Max memory allocated after optimizer step: 0.169348608 GB 0.186646528 GB
0: Max memory allocated after optimizer step: 0.169348608 GB 0.186646528 GB
0: Max memory allocated after optimizer step: 0.169348608 GB 0.186646528 GB
0: Max memory allocated after optimizer step: 0.169348608 GB 0.186646528 GB
0: Max memory allocated after optimizer step: 0.169348608 GB 0.186646528 GB
0: Max memory allocated after optimizer step: 0.169348608 GB 0.186646528 GB
0: Max memory allocated after optimizer step: 0.169348608 GB 0.186646528 GB
0: Max memory allocated after optimizer step: 0.169348608 GB 0.186646528 GB
0: Max memory allocated after optimizer step: 0.169348608 GB 0.186646528 GB
0: Max memory allocated after optimizer step: 0.169348608 GB 0.186646528 GB
0: Max memory allocated after optimizer step: 0.169348608 GB 0.186646528 GB
0: Max memory allocated after optimizer step: 0.169348608 GB 0.186646528 GB
0: Max memory allocated after optimizer step: 0.169348608 GB 0.186646528 GB
0: Max memory allocated after optimizer step: 0.169348608 GB 0.186646528 GB
0: Max memory allocated after optimizer step: 0.169348608 GB 0.186646528 GB
0: Max memory allocated after optimizer step: 0.169348608 GB 0.186646528 GB
0: Max memory allocated after optimizer step: 0.169348608 GB 0.186646528 GB
0: Max memory allocated after optimizer step: 0.169348608 GB 0.186646528 GB
0: Max memory allocated after optimizer step: 0.169348608 GB 0.186646528 GB
0: Max memory allocated after optimizer step: 0.169348608 GB 0.186646528 GB
0: Max memory allocated after optimizer step: 0.169348608 GB 0.186646528 GB
0: Max memory allocated after optimizer step: 0.169348608 GB 0.186646528 GB
0: Max memory allocated after optimizer step: 0.169348608 GB 0.186646528 GB
0: Max memory allocated after optimizer step: 0.169348608 GB 0.186646528 GB
0: Max memory allocated after optimizer step: 0.169348608 GB 0.186646528 GB
0: Max memory allocated after optimizer step: 0.169348608 GB 0.186646528 GB
0: Max memory allocated after optimizer step: 0.169348608 GB 0.186646528 GB
0: Max memory allocated after optimizer step: 0.169348608 GB 0.186646528 GB
0: Max memory allocated after optimizer step: 0.169348608 GB 0.186646528 GB
0: Max memory allocated after optimizer step: 0.169348608 GB 0.186646528 GB
0: Max memory allocated after optimizer step: 0.169348608 GB 0.186646528 GB
0: Max memory allocated after optimizer step: 0.169348608 GB 0.186646528 GB
0: Max memory allocated after optimizer step: 0.169348608 GB 0.186646528 GB
0: Max memory allocated after optimizer step: 0.169348608 GB 0.186646528 GB
0: Max memory allocated after optimizer step: 0.169348608 GB 0.186646528 GB
0: Max memory allocated after optimizer step: 0.169348608 GB 0.186646528 GB
0: Max memory allocated after optimizer step: 0.169348608 GB 0.186646528 GB
0: Max memory allocated after optimizer step: 0.169348608 GB 0.186646528 GB
0: Max memory allocated after optimizer step: 0.169348608 GB 0.186646528 GB
0: Max memory allocated after optimizer step: 0.169348608 GB 0.186646528 GB
0: Max memory allocated after optimizer step: 0.169348608 GB 0.186646528 GB
0: Max memory allocated after optimizer step: 0.169348608 GB 0.186646528 GB
0: Max memory allocated after optimizer step: 0.169348608 GB 0.186646528 GB
0: Max memory allocated after optimizer step: 0.169348608 GB 0.186646528 GB
0: Max memory allocated after optimizer step: 0.169348608 GB 0.186646528 GB
0: Max memory allocated after optimizer step: 0.169348608 GB 0.186646528 GB
0: Max memory allocated after optimizer step: 0.169348608 GB 0.186646528 GB
0: Max memory allocated after optimizer step: 0.169348608 GB 0.186646528 GB
0: Max memory allocated after optimizer step: 0.169348608 GB 0.186646528 GB
0: Max memory allocated after optimizer step: 0.169348608 GB 0.186646528 GB
0: Max memory allocated after optimizer step: 0.169348608 GB 0.186646528 GB
0: Max memory allocated after optimizer step: 0.169348608 GB 0.186646528 GB
0: Max memory allocated after optimizer step: 0.169348608 GB 0.186646528 GB
0: Max memory allocated after optimizer step: 0.169348608 GB 0.186646528 GB
0: Max memory allocated after optimizer step: 0.169348608 GB 0.186646528 GB
0: Max memory allocated after optimizer step: 0.169348608 GB 0.186646528 GB
0: Max memory allocated after optimizer step: 0.169348608 GB 0.186646528 GB
0: Max memory allocated after optimizer step: 0.169348608 GB 0.186646528 GB
0: Max memory allocated after optimizer step: 0.169348608 GB 0.186646528 GB
0: Max memory allocated after optimizer step: 0.169348608 GB 0.186646528 GB
0: Max memory allocated after optimizer step: 0.169348608 GB 0.186646528 GB
0: Max memory allocated after optimizer step: 0.169348608 GB 0.186646528 GB
0: Max memory allocated after optimizer step: 0.169348608 GB 0.186646528 GB
0: Max memory allocated after optimizer step: 0.169348608 GB 0.186646528 GB
0: Max memory allocated after optimizer step: 0.169348608 GB 0.186646528 GB
0: Max memory allocated after optimizer step: 0.169348608 GB 0.186646528 GB
0: Max memory allocated after optimizer step: 0.169348608 GB 0.186646528 GB
0: Max memory allocated after optimizer step: 0.169348608 GB 0.186646528 GB
0: Max memory allocated after optimizer step: 0.169348608 GB 0.186646528 GB
0: Max memory allocated after optimizer step: 0.169348608 GB 0.186646528 GB
0: Max memory allocated after optimizer step: 0.169348608 GB 0.186646528 GB
0: Max memory allocated after optimizer step: 0.169348608 GB 0.186646528 GB
0: Max memory allocated after optimizer step: 0.169348608 GB 0.186646528 GB
0: Max memory allocated after optimizer step: 0.169348608 GB 0.186646528 GB
0: Max memory allocated after optimizer step: 0.169348608 GB 0.186646528 GB
0: Max memory allocated after optimizer step: 0.169348608 GB 0.186646528 GB
0: Max memory allocated after optimizer step: 0.169348608 GB 0.186646528 GB
0: Max memory allocated after optimizer step: 0.169348608 GB 0.186646528 GB
0: Max memory allocated after optimizer step: 0.169348608 GB 0.186646528 GB
0: Max memory allocated after optimizer step: 0.169348608 GB 0.186646528 GB
0: Max memory allocated after optimizer step: 0.169348608 GB 0.186646528 GB
0: Max memory allocated after optimizer step: 0.169348608 GB 0.186646528 GB
0: Max memory allocated after optimizer step: 0.169348608 GB 0.186646528 GB
0: Max memory allocated after optimizer step: 0.169348608 GB 0.186646528 GB
0: Max memory allocated after optimizer step: 0.169348608 GB 0.186646528 GB
0: Max memory allocated after optimizer step: 0.169348608 GB 0.186646528 GB
0: Max memory allocated after optimizer step: 0.169348608 GB 0.186646528 GB
0: Max memory allocated after optimizer step: 0.169348608 GB 0.186646528 GB
0: Max memory allocated after optimizer step: 0.169348608 GB 0.186646528 GB
0: Max memory allocated after optimizer step: 0.169348608 GB 0.186646528 GB
0: Max memory allocated after optimizer step: 0.169348608 GB 0.186646528 GB
0: Max memory allocated after optimizer step: 0.169348608 GB 0.186646528 GB
0: Max memory allocated after optimizer step: 0.169348608 GB 0.186646528 GB
0: Max memory allocated after optimizer step: 0.169348608 GB 0.186646528 GB
0: Max memory allocated after optimizer step: 0.169348608 GB 0.186646528 GB
0: Max memory allocated after optimizer step: 0.169348608 GB 0.186646528 GB
0: Max memory allocated after optimizer step: 0.169348608 GB 0.186646528 GB
0: Max memory allocated after optimizer step: 0.169348608 GB 0.186646528 GB
0: Max memory allocated after optimizer step: 0.169348608 GB 0.186646528 GB
0: Max memory allocated after optimizer step: 0.169348608 GB 0.186646528 GB
0: Max memory allocated after optimizer step: 0.169348608 GB 0.186646528 GB
0: Max memory allocated after optimizer step: 0.169348608 GB 0.186646528 GB
0: Max memory allocated after optimizer step: 0.169348608 GB 0.186646528 GB
0: Max memory allocated after optimizer step: 0.169348608 GB 0.186646528 GB
0: Max memory allocated after optimizer step: 0.169348608 GB 0.186646528 GB
0: Max memory allocated after optimizer step: 0.169348608 GB 0.186646528 GB
0: Max memory allocated after optimizer step: 0.169348608 GB 0.186646528 GB
0: Max memory allocated after optimizer step: 0.169348608 GB 0.186646528 GB
0: Max memory allocated after optimizer step: 0.169348608 GB 0.186646528 GB
0: Max memory allocated after optimizer step: 0.169348608 GB 0.186646528 GB
0: Max memory allocated after optimizer step: 0.169348608 GB 0.186646528 GB
0: Max memory allocated after optimizer step: 0.169348608 GB 0.186646528 GB
0: Max memory allocated after optimizer step: 0.169348608 GB 0.186646528 GB
0: Max memory allocated after optimizer step: 0.169348608 GB 0.186646528 GB
0: Max memory allocated after optimizer step: 0.169348608 GB 0.186646528 GB
0: Max memory allocated after optimizer step: 0.169348608 GB 0.186646528 GB
0: Max memory allocated after optimizer step: 0.169348608 GB 0.186646528 GB
0: Max memory allocated after optimizer step: 0.169348608 GB 0.186646528 GB
0: Max memory allocated after optimizer step: 0.169348608 GB 0.186646528 GB
0: Max memory allocated after optimizer step: 0.169348608 GB 0.186646528 GB
0: Max memory allocated after optimizer step: 0.169348608 GB 0.186646528 GB
0: Max memory allocated after optimizer step: 0.169348608 GB 0.186646528 GB
0: Max memory allocated after optimizer step: 0.169348608 GB 0.186646528 GB
0: Max memory allocated after optimizer step: 0.169348608 GB 0.186646528 GB
0: Max memory allocated after optimizer step: 0.169348608 GB 0.186646528 GB
0: Max memory allocated after optimizer step: 0.169348608 GB 0.186646528 GB
0: Max memory allocated after optimizer step: 0.169348608 GB 0.186646528 GB
0: Max memory allocated after optimizer step: 0.169348608 GB 0.186646528 GB
0: Max memory allocated after optimizer step: 0.169348608 GB 0.186646528 GB
0: Max memory allocated after optimizer step: 0.169348608 GB 0.186646528 GB
0: Max memory allocated after optimizer step: 0.169348608 GB 0.186646528 GB
0: Max memory allocated after optimizer step: 0.169348608 GB 0.186646528 GB
0: Max memory allocated after optimizer step: 0.169348608 GB 0.186646528 GB
0: Max memory allocated after optimizer step: 0.169348608 GB 0.186646528 GB
0: Max memory allocated after optimizer step: 0.169348608 GB 0.186646528 GB
0: Max memory allocated after optimizer step: 0.169348608 GB 0.186646528 GB
0: Max memory allocated after optimizer step: 0.169348608 GB 0.186646528 GB
0: Max memory allocated after optimizer step: 0.169348608 GB 0.186646528 GB
0: Max memory allocated after optimizer step: 0.169348608 GB 0.186646528 GB
0: Max memory allocated after optimizer step: 0.169348608 GB 0.186646528 GB
0: Max memory allocated after optimizer step: 0.169348608 GB 0.186646528 GB
0: Max memory allocated after optimizer step: 0.169348608 GB 0.186646528 GB
0: Max memory allocated after optimizer step: 0.169348608 GB 0.186646528 GB
0: Max memory allocated after optimizer step: 0.169348608 GB 0.186646528 GB
0: Max memory allocated after optimizer step: 0.169348608 GB 0.186646528 GB
0: Max memory allocated after optimizer step: 0.169348608 GB 0.186646528 GB
0: Max memory allocated after optimizer step: 0.169348608 GB 0.186646528 GB
0: Max memory allocated after optimizer step: 0.169348608 GB 0.186646528 GB
0: Max memory allocated after optimizer step: 0.169348608 GB 0.186646528 GB
0: Max memory allocated after optimizer step: 0.169348608 GB 0.186646528 GB
0: Max memory allocated after optimizer step: 0.169348608 GB 0.186646528 GB
0: Max memory allocated after optimizer step: 0.169348608 GB 0.186646528 GB
0: Max memory allocated after optimizer step: 0.169348608 GB 0.186646528 GB
0: Max memory allocated after optimizer step: 0.169348608 GB 0.186646528 GB
0: Max memory allocated after optimizer step: 0.169348608 GB 0.186646528 GB
0: Max memory allocated after optimizer step: 0.169348608 GB 0.186646528 GB
0: Max memory allocated after optimizer step: 0.169348608 GB 0.186646528 GB
0: Max memory allocated after optimizer step: 0.169348608 GB 0.186646528 GB
0: Max memory allocated after optimizer step: 0.169348608 GB 0.186646528 GB
0: Max memory allocated after optimizer step: 0.169348608 GB 0.186646528 GB
0: Max memory allocated after optimizer step: 0.169348608 GB 0.186646528 GB
0: Max memory allocated after optimizer step: 0.169348608 GB 0.186646528 GB
0: Max memory allocated after optimizer step: 0.169348608 GB 0.186646528 GB
0: Max memory allocated after optimizer step: 0.169348608 GB 0.186646528 GB
0: Max memory allocated after optimizer step: 0.169348608 GB 0.186646528 GB
0: Max memory allocated after optimizer step: 0.169348608 GB 0.186646528 GB
0: Max memory allocated after optimizer step: 0.169348608 GB 0.186646528 GB
0: Max memory allocated after optimizer step: 0.169348608 GB 0.186646528 GB
0: Max memory allocated after optimizer step: 0.169348608 GB 0.186646528 GB
0: Max memory allocated after optimizer step: 0.169348608 GB 0.186646528 GB
0: Max memory allocated after optimizer step: 0.169348608 GB 0.186646528 GB
0: Max memory allocated after optimizer step: 0.169348608 GB 0.186646528 GB
0: Max memory allocated after optimizer step: 0.169348608 GB 0.186646528 GB
0: Max memory allocated after optimizer step: 0.169348608 GB 0.186646528 GB
0: Max memory allocated after optimizer step: 0.169348608 GB 0.186646528 GB
0: Max memory allocated after optimizer step: 0.169348608 GB 0.186646528 GB
0: Max memory allocated after optimizer step: 0.169348608 GB 0.186646528 GB
0: Max memory allocated after optimizer step: 0.169348608 GB 0.186646528 GB
0: Max memory allocated after optimizer step: 0.169348608 GB 0.186646528 GB
0: Max memory allocated after optimizer step: 0.169348608 GB 0.186646528 GB
0: Max memory allocated after optimizer step: 0.169348608 GB 0.186646528 GB
0: Max memory allocated after optimizer step: 0.169348608 GB 0.186646528 GB
0: Max memory allocated after optimizer step: 0.169348608 GB 0.186646528 GB
0: Max memory allocated after optimizer step: 0.169348608 GB 0.186646528 GB
0: Max memory allocated after optimizer step: 0.169348608 GB 0.186646528 GB
0: Max memory allocated after optimizer step: 0.169348608 GB 0.186646528 GB
0: Max memory allocated after optimizer step: 0.169348608 GB 0.186646528 GB
0: Max memory allocated after optimizer step: 0.169348608 GB 0.186646528 GB
0: Max memory allocated after optimizer step: 0.169348608 GB 0.186646528 GB
0: Max memory allocated after optimizer step: 0.169348608 GB 0.186646528 GB
0: Max memory allocated after optimizer step: 0.169348608 GB 0.186646528 GB
0: Max memory allocated after optimizer step: 0.169348608 GB 0.186646528 GB
0: Max memory allocated after optimizer step: 0.169348608 GB 0.186646528 GB
0: Max memory allocated after optimizer step: 0.169348608 GB 0.186646528 GB
0: Max memory allocated after optimizer step: 0.169348608 GB 0.186646528 GB
0: Max memory allocated after optimizer step: 0.169348608 GB 0.186646528 GB
0: Max memory allocated after optimizer step: 0.169348608 GB 0.186646528 GB
0: Max memory allocated after optimizer step: 0.169348608 GB 0.186646528 GB
0: Max memory allocated after optimizer step: 0.169348608 GB 0.186646528 GB
0: Max memory allocated after optimizer step: 0.169348608 GB 0.186646528 GB
0: Max memory allocated after optimizer step: 0.169348608 GB 0.186646528 GB
0: Max memory allocated after optimizer step: 0.169348608 GB 0.186646528 GB
0: Max memory allocated after optimizer step: 0.169348608 GB 0.186646528 GB
0: Max memory allocated after optimizer step: 0.169348608 GB 0.186646528 GB
0: Max memory allocated after optimizer step: 0.169348608 GB 0.186646528 GB
0: Max memory allocated after optimizer step: 0.169348608 GB 0.186646528 GB
0: Max memory allocated after optimizer step: 0.169348608 GB 0.186646528 GB
0: Max memory allocated after optimizer step: 0.169348608 GB 0.186646528 GB
0: Max memory allocated after optimizer step: 0.169348608 GB 0.186646528 GB
0: Max memory allocated after optimizer step: 0.169348608 GB 0.186646528 GB
0: Max memory allocated after optimizer step: 0.169348608 GB 0.186646528 GB
0: Max memory allocated after optimizer step: 0.169348608 GB 0.186646528 GB
0: Max memory allocated after optimizer step: 0.169348608 GB 0.186646528 GB
0: Max memory allocated after optimizer step: 0.169348608 GB 0.186646528 GB
0: Max memory allocated after optimizer step: 0.169348608 GB 0.186646528 GB
0: Max memory allocated after optimizer step: 0.169348608 GB 0.186646528 GB
0: Max memory allocated after optimizer step: 0.169348608 GB 0.186646528 GB
0: Max memory allocated after optimizer step: 0.169348608 GB 0.186646528 GB
0: Max memory allocated after optimizer step: 0.169348608 GB 0.186646528 GB
0: Max memory allocated after optimizer step: 0.169348608 GB 0.186646528 GB
0: Max memory allocated after optimizer step: 0.169348608 GB 0.186646528 GB
0: Max memory allocated after optimizer step: 0.169348608 GB 0.186646528 GB
0: Max memory allocated after optimizer step: 0.169348608 GB 0.186646528 GB
0: Max memory allocated after optimizer step: 0.169348608 GB 0.186646528 GB
0: Max memory allocated after optimizer step: 0.169348608 GB 0.186646528 GB
0: Max memory allocated after optimizer step: 0.169348608 GB 0.186646528 GB
0: Max memory allocated after optimizer step: 0.169348608 GB 0.186646528 GB
0: Max memory allocated after optimizer step: 0.169348608 GB 0.186646528 GB
0: Max memory allocated after optimizer step: 0.169348608 GB 0.186646528 GB
0: Max memory allocated after optimizer step: 0.169348608 GB 0.186646528 GB
0: Max memory allocated after optimizer step: 0.169348608 GB 0.186646528 GB
0: Max memory allocated after optimizer step: 0.169348608 GB 0.186646528 GB
0: Max memory allocated after optimizer step: 0.169348608 GB 0.186646528 GB
0: Max memory allocated after optimizer step: 0.169348608 GB 0.186646528 GB
0: Max memory allocated after optimizer step: 0.169348608 GB 0.186646528 GB
0: Max memory allocated after optimizer step: 0.169348608 GB 0.186646528 GB
0: Max memory allocated after optimizer step: 0.169348608 GB 0.186646528 GB
0: Max memory allocated after optimizer step: 0.169348608 GB 0.186646528 GB
0: Max memory allocated after optimizer step: 0.169348608 GB 0.186646528 GB
0: Max memory allocated after optimizer step: 0.169348608 GB 0.186646528 GB
0: Max memory allocated after optimizer step: 0.169348608 GB 0.186646528 GB
0: Max memory allocated after optimizer step: 0.169348608 GB 0.186646528 GB
0: Max memory allocated after optimizer step: 0.169348608 GB 0.186646528 GB
0: Max memory allocated after optimizer step: 0.169348608 GB 0.186646528 GB
0: Max memory allocated after optimizer step: 0.169348608 GB 0.186646528 GB
0: Max memory allocated after optimizer step: 0.169348608 GB 0.186646528 GB
0: Max memory allocated after optimizer step: 0.169348608 GB 0.186646528 GB
0: Max memory allocated after optimizer step: 0.169348608 GB 0.186646528 GB
0: Max memory allocated after optimizer step: 0.169348608 GB 0.186646528 GB
0: Max memory allocated after optimizer step: 0.169348608 GB 0.186646528 GB
0: Max memory allocated after optimizer step: 0.169348608 GB 0.186646528 GB
0: Max memory allocated after optimizer step: 0.169348608 GB 0.186646528 GB
0: Max memory allocated after optimizer step: 0.169348608 GB 0.186646528 GB
0: Max memory allocated after optimizer step: 0.169348608 GB 0.186646528 GB
0: Max memory allocated after optimizer step: 0.169348608 GB 0.186646528 GB
0: Max memory allocated after optimizer step: 0.169348608 GB 0.186646528 GB
0: Max memory allocated after optimizer step: 0.169348608 GB 0.186646528 GB
0: Max memory allocated after optimizer step: 0.169348608 GB 0.186646528 GB
0: Max memory allocated after optimizer step: 0.169348608 GB 0.186646528 GB
0: Max memory allocated after optimizer step: 0.169348608 GB 0.186646528 GB
0: Max memory allocated after optimizer step: 0.169348608 GB 0.186646528 GB
0: Max memory allocated after optimizer step: 0.169348608 GB 0.186646528 GB
0: Max memory allocated after optimizer step: 0.169348608 GB 0.186646528 GB
0: Max memory allocated after optimizer step: 0.169348608 GB 0.186646528 GB
0: Max memory allocated after optimizer step: 0.169348608 GB 0.186646528 GB
0: Max memory allocated after optimizer step: 0.169348608 GB 0.186646528 GB
0: Max memory allocated after optimizer step: 0.169348608 GB 0.186646528 GB
0: Max memory allocated after optimizer step: 0.169348608 GB 0.186646528 GB
0: Max memory allocated after optimizer step: 0.169348608 GB 0.186646528 GB
0: Max memory allocated after optimizer step: 0.169348608 GB 0.186646528 GB
0: Max memory allocated after optimizer step: 0.169348608 GB 0.186646528 GB
0: Max memory allocated after optimizer step: 0.169348608 GB 0.186646528 GB
0: Max memory allocated after optimizer step: 0.169348608 GB 0.186646528 GB
0: Max memory allocated after optimizer step: 0.169348608 GB 0.186646528 GB
0: Max memory allocated after optimizer step: 0.169348608 GB 0.186646528 GB
0: Max memory allocated after optimizer step: 0.169348608 GB 0.186646528 GB
0: Max memory allocated after optimizer step: 0.169348608 GB 0.186646528 GB
0: Max memory allocated after optimizer step: 0.169348608 GB 0.186646528 GB
0: Max memory allocated after optimizer step: 0.169348608 GB 0.186646528 GB
0: Max memory allocated after optimizer step: 0.169348608 GB 0.186646528 GB
0: Max memory allocated after optimizer step: 0.169348608 GB 0.186646528 GB
0: Max memory allocated after optimizer step: 0.169348608 GB 0.186646528 GB
0: Max memory allocated after optimizer step: 0.169348608 GB 0.186646528 GB
0: Max memory allocated after optimizer step: 0.169348608 GB 0.186646528 GB
0: Max memory allocated after optimizer step: 0.169348608 GB 0.186646528 GB
0: Max memory allocated after optimizer step: 0.169348608 GB 0.186646528 GB
0: Max memory allocated after optimizer step: 0.169348608 GB 0.186646528 GB
0: Max memory allocated after optimizer step: 0.169348608 GB 0.186646528 GB
0: Max memory allocated after optimizer step: 0.169348608 GB 0.186646528 GB
0: Max memory allocated after optimizer step: 0.169348608 GB 0.186646528 GB
0: Max memory allocated after optimizer step: 0.169348608 GB 0.186646528 GB
0: Max memory allocated after optimizer step: 0.169348608 GB 0.186646528 GB
0: Max memory allocated after optimizer step: 0.169348608 GB 0.186646528 GB
0: Max memory allocated after optimizer step: 0.169348608 GB 0.186646528 GB
0: Max memory allocated after optimizer step: 0.169348608 GB 0.186646528 GB
0: Max memory allocated after optimizer step: 0.169348608 GB 0.186646528 GB
0: Max memory allocated after optimizer step: 0.169348608 GB 0.186646528 GB
0: Max memory allocated after optimizer step: 0.169348608 GB 0.186646528 GB
0: Max memory allocated after optimizer step: 0.169348608 GB 0.186646528 GB
0: Max memory allocated after optimizer step: 0.169348608 GB 0.186646528 GB
0: Max memory allocated after optimizer step: 0.169348608 GB 0.186646528 GB
0: Max memory allocated after optimizer step: 0.169348608 GB 0.186646528 GB
0: Max memory allocated after optimizer step: 0.169348608 GB 0.186646528 GB
0: Max memory allocated after optimizer step: 0.169348608 GB 0.186646528 GB
0: Max memory allocated after optimizer step: 0.169348608 GB 0.186646528 GB
0: Max memory allocated after optimizer step: 0.169348608 GB 0.186646528 GB
0: Max memory allocated after optimizer step: 0.169348608 GB 0.186646528 GB
0: Max memory allocated after optimizer step: 0.169348608 GB 0.186646528 GB
0: Max memory allocated after optimizer step: 0.169348608 GB 0.186646528 GB
0: Max memory allocated after optimizer step: 0.169348608 GB 0.186646528 GB
0: Max memory allocated after optimizer step: 0.169348608 GB 0.186646528 GB
0: Max memory allocated after optimizer step: 0.169348608 GB 0.186646528 GB
0: Max memory allocated after optimizer step: 0.169348608 GB 0.186646528 GB
0: Max memory allocated after optimizer step: 0.169348608 GB 0.186646528 GB
0: Max memory allocated after optimizer step: 0.169348608 GB 0.186646528 GB
0: Max memory allocated after optimizer step: 0.169348608 GB 0.186646528 GB
0: Max memory allocated after optimizer step: 0.169348608 GB 0.186646528 GB
0: Max memory allocated after optimizer step: 0.169348608 GB 0.186646528 GB
0: Max memory allocated after optimizer step: 0.169348608 GB 0.186646528 GB
0: Max memory allocated after optimizer step: 0.169348608 GB 0.186646528 GB
0: Epoch: 02, Train Loss: 0.00010472, Val Loss: 0.00009197, Test Loss: 0.00009037
0: Tasks Train Loss: [0.00010471652785781771]
0: Tasks Val Loss: [9.196648170473054e-05]
0: Tasks Test Loss: [9.037020208779722e-05]
0: Creating Checkpoint: 0.000092
0: Best Performance Metric: 0.000092
[precision-diagnostic] requested=fp32 model_param_dtype=torch.float32
[precision-diagnostic] first_batch_float_dtype=torch.float32
[precision-diagnostic] first_optimizer_state_float_dtype=torch.float32
0: Max memory allocated after optimizer step: 0.169348608 GB 0.186646528 GB
0: Max memory allocated after optimizer step: 0.169348608 GB 0.186646528 GB
0: Max memory allocated after optimizer step: 0.169348608 GB 0.186646528 GB
0: Max memory allocated after optimizer step: 0.169348608 GB 0.186646528 GB
0: Max memory allocated after optimizer step: 0.169348608 GB 0.186646528 GB
0: Max memory allocated after optimizer step: 0.169348608 GB 0.186646528 GB
0: Max memory allocated after optimizer step: 0.169348608 GB 0.186646528 GB
0: Max memory allocated after optimizer step: 0.169348608 GB 0.186646528 GB
0: Max memory allocated after optimizer step: 0.169348608 GB 0.186646528 GB
0: Max memory allocated after optimizer step: 0.169348608 GB 0.186646528 GB
0: Max memory allocated after optimizer step: 0.169348608 GB 0.186646528 GB
0: Max memory allocated after optimizer step: 0.169348608 GB 0.186646528 GB
0: Max memory allocated after optimizer step: 0.169348608 GB 0.186646528 GB
0: Max memory allocated after optimizer step: 0.169348608 GB 0.186646528 GB
0: Max memory allocated after optimizer step: 0.169348608 GB 0.186646528 GB
0: Max memory allocated after optimizer step: 0.169348608 GB 0.186646528 GB
0: Max memory allocated after optimizer step: 0.169348608 GB 0.186646528 GB
0: Max memory allocated after optimizer step: 0.169348608 GB 0.186646528 GB
0: Max memory allocated after optimizer step: 0.169348608 GB 0.186646528 GB
0: Max memory allocated after optimizer step: 0.169348608 GB 0.186646528 GB
0: Max memory allocated after optimizer step: 0.169348608 GB 0.186646528 GB
0: Max memory allocated after optimizer step: 0.169348608 GB 0.186646528 GB
0: Max memory allocated after optimizer step: 0.169348608 GB 0.186646528 GB
0: Max memory allocated after optimizer step: 0.169348608 GB 0.186646528 GB
0: Max memory allocated after optimizer step: 0.169348608 GB 0.186646528 GB
0: Max memory allocated after optimizer step: 0.169348608 GB 0.186646528 GB
0: Max memory allocated after optimizer step: 0.169348608 GB 0.186646528 GB
0: Max memory allocated after optimizer step: 0.169348608 GB 0.186646528 GB
0: Max memory allocated after optimizer step: 0.169348608 GB 0.186646528 GB
0: Max memory allocated after optimizer step: 0.169348608 GB 0.186646528 GB
0: Max memory allocated after optimizer step: 0.169348608 GB 0.186646528 GB
0: Max memory allocated after optimizer step: 0.169348608 GB 0.186646528 GB
0: Max memory allocated after optimizer step: 0.169348608 GB 0.186646528 GB
0: Max memory allocated after optimizer step: 0.169348608 GB 0.186646528 GB
0: Max memory allocated after optimizer step: 0.169348608 GB 0.186646528 GB
0: Max memory allocated after optimizer step: 0.169348608 GB 0.186646528 GB
0: Max memory allocated after optimizer step: 0.169348608 GB 0.186646528 GB
0: Max memory allocated after optimizer step: 0.169348608 GB 0.186646528 GB
0: Max memory allocated after optimizer step: 0.169348608 GB 0.186646528 GB
0: Max memory allocated after optimizer step: 0.169348608 GB 0.186646528 GB
0: Max memory allocated after optimizer step: 0.169348608 GB 0.186646528 GB
0: Max memory allocated after optimizer step: 0.169348608 GB 0.186646528 GB
0: Max memory allocated after optimizer step: 0.169348608 GB 0.186646528 GB
0: Max memory allocated after optimizer step: 0.169348608 GB 0.186646528 GB
0: Max memory allocated after optimizer step: 0.169348608 GB 0.186646528 GB
0: Max memory allocated after optimizer step: 0.169348608 GB 0.186646528 GB
0: Max memory allocated after optimizer step: 0.169348608 GB 0.186646528 GB
0: Max memory allocated after optimizer step: 0.169348608 GB 0.186646528 GB
0: Max memory allocated after optimizer step: 0.169348608 GB 0.186646528 GB
0: Max memory allocated after optimizer step: 0.169348608 GB 0.186646528 GB
0: Max memory allocated after optimizer step: 0.169348608 GB 0.186646528 GB
0: Max memory allocated after optimizer step: 0.169348608 GB 0.186646528 GB
0: Max memory allocated after optimizer step: 0.169348608 GB 0.186646528 GB
0: Max memory allocated after optimizer step: 0.169348608 GB 0.186646528 GB
0: Max memory allocated after optimizer step: 0.169348608 GB 0.186646528 GB
0: Max memory allocated after optimizer step: 0.169348608 GB 0.186646528 GB
0: Max memory allocated after optimizer step: 0.169348608 GB 0.186646528 GB
0: Max memory allocated after optimizer step: 0.169348608 GB 0.186646528 GB
0: Max memory allocated after optimizer step: 0.169348608 GB 0.186646528 GB
0: Max memory allocated after optimizer step: 0.169348608 GB 0.186646528 GB
0: Max memory allocated after optimizer step: 0.169348608 GB 0.186646528 GB
0: Max memory allocated after optimizer step: 0.169348608 GB 0.186646528 GB
0: Max memory allocated after optimizer step: 0.169348608 GB 0.186646528 GB
0: Max memory allocated after optimizer step: 0.169348608 GB 0.186646528 GB
0: Max memory allocated after optimizer step: 0.169348608 GB 0.186646528 GB
0: Max memory allocated after optimizer step: 0.169348608 GB 0.186646528 GB
0: Max memory allocated after optimizer step: 0.169348608 GB 0.186646528 GB
0: Max memory allocated after optimizer step: 0.169348608 GB 0.186646528 GB
0: Max memory allocated after optimizer step: 0.169348608 GB 0.186646528 GB
0: Max memory allocated after optimizer step: 0.169348608 GB 0.186646528 GB
0: Max memory allocated after optimizer step: 0.169348608 GB 0.186646528 GB
0: Max memory allocated after optimizer step: 0.169348608 GB 0.186646528 GB
0: Max memory allocated after optimizer step: 0.169348608 GB 0.186646528 GB
0: Max memory allocated after optimizer step: 0.169348608 GB 0.186646528 GB
0: Max memory allocated after optimizer step: 0.169348608 GB 0.186646528 GB
0: Max memory allocated after optimizer step: 0.169348608 GB 0.186646528 GB
0: Max memory allocated after optimizer step: 0.169348608 GB 0.186646528 GB
0: Max memory allocated after optimizer step: 0.169348608 GB 0.186646528 GB
0: Max memory allocated after optimizer step: 0.169348608 GB 0.186646528 GB
0: Max memory allocated after optimizer step: 0.169348608 GB 0.186646528 GB
0: Max memory allocated after optimizer step: 0.169348608 GB 0.186646528 GB
0: Max memory allocated after optimizer step: 0.169348608 GB 0.186646528 GB
0: Max memory allocated after optimizer step: 0.169348608 GB 0.186646528 GB
0: Max memory allocated after optimizer step: 0.169348608 GB 0.186646528 GB
0: Max memory allocated after optimizer step: 0.169348608 GB 0.186646528 GB
0: Max memory allocated after optimizer step: 0.169348608 GB 0.186646528 GB
0: Max memory allocated after optimizer step: 0.169348608 GB 0.186646528 GB
0: Max memory allocated after optimizer step: 0.169348608 GB 0.186646528 GB
0: Max memory allocated after optimizer step: 0.169348608 GB 0.186646528 GB
0: Max memory allocated after optimizer step: 0.169348608 GB 0.186646528 GB
0: Max memory allocated after optimizer step: 0.169348608 GB 0.186646528 GB
0: Max memory allocated after optimizer step: 0.169348608 GB 0.186646528 GB
0: Max memory allocated after optimizer step: 0.169348608 GB 0.186646528 GB
0: Max memory allocated after optimizer step: 0.169348608 GB 0.186646528 GB
0: Max memory allocated after optimizer step: 0.169348608 GB 0.186646528 GB
0: Max memory allocated after optimizer step: 0.169348608 GB 0.186646528 GB
0: Max memory allocated after optimizer step: 0.169348608 GB 0.186646528 GB
0: Max memory allocated after optimizer step: 0.169348608 GB 0.186646528 GB
0: Max memory allocated after optimizer step: 0.169348608 GB 0.186646528 GB
0: Max memory allocated after optimizer step: 0.169348608 GB 0.186646528 GB
0: Max memory allocated after optimizer step: 0.169348608 GB 0.186646528 GB
0: Max memory allocated after optimizer step: 0.169348608 GB 0.186646528 GB
0: Max memory allocated after optimizer step: 0.169348608 GB 0.186646528 GB
0: Max memory allocated after optimizer step: 0.169348608 GB 0.186646528 GB
0: Max memory allocated after optimizer step: 0.169348608 GB 0.186646528 GB
0: Max memory allocated after optimizer step: 0.169348608 GB 0.186646528 GB
0: Max memory allocated after optimizer step: 0.169348608 GB 0.186646528 GB
0: Max memory allocated after optimizer step: 0.169348608 GB 0.186646528 GB
0: Max memory allocated after optimizer step: 0.169348608 GB 0.186646528 GB
0: Max memory allocated after optimizer step: 0.169348608 GB 0.186646528 GB
0: Max memory allocated after optimizer step: 0.169348608 GB 0.186646528 GB
0: Max memory allocated after optimizer step: 0.169348608 GB 0.186646528 GB
0: Max memory allocated after optimizer step: 0.169348608 GB 0.186646528 GB
0: Max memory allocated after optimizer step: 0.169348608 GB 0.186646528 GB
0: Max memory allocated after optimizer step: 0.169348608 GB 0.186646528 GB
0: Max memory allocated after optimizer step: 0.169348608 GB 0.186646528 GB
0: Max memory allocated after optimizer step: 0.169348608 GB 0.186646528 GB
0: Max memory allocated after optimizer step: 0.169348608 GB 0.186646528 GB
0: Max memory allocated after optimizer step: 0.169348608 GB 0.186646528 GB
0: Max memory allocated after optimizer step: 0.169348608 GB 0.186646528 GB
0: Max memory allocated after optimizer step: 0.169348608 GB 0.186646528 GB
0: Max memory allocated after optimizer step: 0.169348608 GB 0.186646528 GB
0: Max memory allocated after optimizer step: 0.169348608 GB 0.186646528 GB
0: Max memory allocated after optimizer step: 0.169348608 GB 0.186646528 GB
0: Max memory allocated after optimizer step: 0.169348608 GB 0.186646528 GB
0: Max memory allocated after optimizer step: 0.169348608 GB 0.186646528 GB
0: Max memory allocated after optimizer step: 0.169348608 GB 0.186646528 GB
0: Max memory allocated after optimizer step: 0.169348608 GB 0.186646528 GB
0: Max memory allocated after optimizer step: 0.169348608 GB 0.186646528 GB
0: Max memory allocated after optimizer step: 0.169348608 GB 0.186646528 GB
0: Max memory allocated after optimizer step: 0.169348608 GB 0.186646528 GB
0: Max memory allocated after optimizer step: 0.169348608 GB 0.186646528 GB
0: Max memory allocated after optimizer step: 0.169348608 GB 0.186646528 GB
0: Max memory allocated after optimizer step: 0.169348608 GB 0.186646528 GB
0: Max memory allocated after optimizer step: 0.169348608 GB 0.186646528 GB
0: Max memory allocated after optimizer step: 0.169348608 GB 0.186646528 GB
0: Max memory allocated after optimizer step: 0.169348608 GB 0.186646528 GB
0: Max memory allocated after optimizer step: 0.169348608 GB 0.186646528 GB
0: Max memory allocated after optimizer step: 0.169348608 GB 0.186646528 GB
0: Max memory allocated after optimizer step: 0.169348608 GB 0.186646528 GB
0: Max memory allocated after optimizer step: 0.169348608 GB 0.186646528 GB
0: Max memory allocated after optimizer step: 0.169348608 GB 0.186646528 GB
0: Max memory allocated after optimizer step: 0.169348608 GB 0.186646528 GB
0: Max memory allocated after optimizer step: 0.169348608 GB 0.186646528 GB
0: Max memory allocated after optimizer step: 0.169348608 GB 0.186646528 GB
0: Max memory allocated after optimizer step: 0.169348608 GB 0.186646528 GB
0: Max memory allocated after optimizer step: 0.169348608 GB 0.186646528 GB
0: Max memory allocated after optimizer step: 0.169348608 GB 0.186646528 GB
0: Max memory allocated after optimizer step: 0.169348608 GB 0.186646528 GB
0: Max memory allocated after optimizer step: 0.169348608 GB 0.186646528 GB
0: Max memory allocated after optimizer step: 0.169348608 GB 0.186646528 GB
0: Max memory allocated after optimizer step: 0.169348608 GB 0.186646528 GB
0: Max memory allocated after optimizer step: 0.169348608 GB 0.186646528 GB
0: Max memory allocated after optimizer step: 0.169348608 GB 0.186646528 GB
0: Max memory allocated after optimizer step: 0.169348608 GB 0.186646528 GB
0: Max memory allocated after optimizer step: 0.169348608 GB 0.186646528 GB
0: Max memory allocated after optimizer step: 0.169348608 GB 0.186646528 GB
0: Max memory allocated after optimizer step: 0.169348608 GB 0.186646528 GB
0: Max memory allocated after optimizer step: 0.169348608 GB 0.186646528 GB
0: Max memory allocated after optimizer step: 0.169348608 GB 0.186646528 GB
0: Max memory allocated after optimizer step: 0.169348608 GB 0.186646528 GB
0: Max memory allocated after optimizer step: 0.169348608 GB 0.186646528 GB
0: Max memory allocated after optimizer step: 0.169348608 GB 0.186646528 GB
0: Max memory allocated after optimizer step: 0.169348608 GB 0.186646528 GB
0: Max memory allocated after optimizer step: 0.169348608 GB 0.186646528 GB
0: Max memory allocated after optimizer step: 0.169348608 GB 0.186646528 GB
0: Max memory allocated after optimizer step: 0.169348608 GB 0.186646528 GB
0: Max memory allocated after optimizer step: 0.169348608 GB 0.186646528 GB
0: Max memory allocated after optimizer step: 0.169348608 GB 0.186646528 GB
0: Max memory allocated after optimizer step: 0.169348608 GB 0.186646528 GB
0: Max memory allocated after optimizer step: 0.169348608 GB 0.186646528 GB
0: Max memory allocated after optimizer step: 0.169348608 GB 0.186646528 GB
0: Max memory allocated after optimizer step: 0.169348608 GB 0.186646528 GB
0: Max memory allocated after optimizer step: 0.169348608 GB 0.186646528 GB
0: Max memory allocated after optimizer step: 0.169348608 GB 0.186646528 GB
0: Max memory allocated after optimizer step: 0.169348608 GB 0.186646528 GB
0: Max memory allocated after optimizer step: 0.169348608 GB 0.186646528 GB
0: Max memory allocated after optimizer step: 0.169348608 GB 0.186646528 GB
0: Max memory allocated after optimizer step: 0.169348608 GB 0.186646528 GB
0: Max memory allocated after optimizer step: 0.169348608 GB 0.186646528 GB
0: Max memory allocated after optimizer step: 0.169348608 GB 0.186646528 GB
0: Max memory allocated after optimizer step: 0.169348608 GB 0.186646528 GB
0: Max memory allocated after optimizer step: 0.169348608 GB 0.186646528 GB
0: Max memory allocated after optimizer step: 0.169348608 GB 0.186646528 GB
0: Max memory allocated after optimizer step: 0.169348608 GB 0.186646528 GB
0: Max memory allocated after optimizer step: 0.169348608 GB 0.186646528 GB
0: Max memory allocated after optimizer step: 0.169348608 GB 0.186646528 GB
0: Max memory allocated after optimizer step: 0.169348608 GB 0.186646528 GB
0: Max memory allocated after optimizer step: 0.169348608 GB 0.186646528 GB
0: Max memory allocated after optimizer step: 0.169348608 GB 0.186646528 GB
0: Max memory allocated after optimizer step: 0.169348608 GB 0.186646528 GB
0: Max memory allocated after optimizer step: 0.169348608 GB 0.186646528 GB
0: Max memory allocated after optimizer step: 0.169348608 GB 0.186646528 GB
0: Max memory allocated after optimizer step: 0.169348608 GB 0.186646528 GB
0: Max memory allocated after optimizer step: 0.169348608 GB 0.186646528 GB
0: Max memory allocated after optimizer step: 0.169348608 GB 0.186646528 GB
0: Max memory allocated after optimizer step: 0.169348608 GB 0.186646528 GB
0: Max memory allocated after optimizer step: 0.169348608 GB 0.186646528 GB
0: Max memory allocated after optimizer step: 0.169348608 GB 0.186646528 GB
0: Max memory allocated after optimizer step: 0.169348608 GB 0.186646528 GB
0: Max memory allocated after optimizer step: 0.169348608 GB 0.186646528 GB
0: Max memory allocated after optimizer step: 0.169348608 GB 0.186646528 GB
0: Max memory allocated after optimizer step: 0.169348608 GB 0.186646528 GB
0: Max memory allocated after optimizer step: 0.169348608 GB 0.186646528 GB
0: Max memory allocated after optimizer step: 0.169348608 GB 0.186646528 GB
0: Max memory allocated after optimizer step: 0.169348608 GB 0.186646528 GB
0: Max memory allocated after optimizer step: 0.169348608 GB 0.186646528 GB
0: Max memory allocated after optimizer step: 0.169348608 GB 0.186646528 GB
0: Max memory allocated after optimizer step: 0.169348608 GB 0.186646528 GB
0: Max memory allocated after optimizer step: 0.169348608 GB 0.186646528 GB
0: Max memory allocated after optimizer step: 0.169348608 GB 0.186646528 GB
0: Max memory allocated after optimizer step: 0.169348608 GB 0.186646528 GB
0: Max memory allocated after optimizer step: 0.169348608 GB 0.186646528 GB
0: Max memory allocated after optimizer step: 0.169348608 GB 0.186646528 GB
0: Max memory allocated after optimizer step: 0.169348608 GB 0.186646528 GB
0: Max memory allocated after optimizer step: 0.169348608 GB 0.186646528 GB
0: Max memory allocated after optimizer step: 0.169348608 GB 0.186646528 GB
0: Max memory allocated after optimizer step: 0.169348608 GB 0.186646528 GB
0: Max memory allocated after optimizer step: 0.169348608 GB 0.186646528 GB
0: Max memory allocated after optimizer step: 0.169348608 GB 0.186646528 GB
0: Max memory allocated after optimizer step: 0.169348608 GB 0.186646528 GB
0: Max memory allocated after optimizer step: 0.169348608 GB 0.186646528 GB
0: Max memory allocated after optimizer step: 0.169348608 GB 0.186646528 GB
0: Max memory allocated after optimizer step: 0.169348608 GB 0.186646528 GB
0: Max memory allocated after optimizer step: 0.169348608 GB 0.186646528 GB
0: Max memory allocated after optimizer step: 0.169348608 GB 0.186646528 GB
0: Max memory allocated after optimizer step: 0.169348608 GB 0.186646528 GB
0: Max memory allocated after optimizer step: 0.169348608 GB 0.186646528 GB
0: Max memory allocated after optimizer step: 0.169348608 GB 0.186646528 GB
0: Max memory allocated after optimizer step: 0.169348608 GB 0.186646528 GB
0: Max memory allocated after optimizer step: 0.169348608 GB 0.186646528 GB
0: Max memory allocated after optimizer step: 0.169348608 GB 0.186646528 GB
0: Max memory allocated after optimizer step: 0.169348608 GB 0.186646528 GB
0: Max memory allocated after optimizer step: 0.169348608 GB 0.186646528 GB
0: Max memory allocated after optimizer step: 0.169348608 GB 0.186646528 GB
0: Max memory allocated after optimizer step: 0.169348608 GB 0.186646528 GB
0: Max memory allocated after optimizer step: 0.169348608 GB 0.186646528 GB
0: Max memory allocated after optimizer step: 0.169348608 GB 0.186646528 GB
0: Max memory allocated after optimizer step: 0.169348608 GB 0.186646528 GB
0: Max memory allocated after optimizer step: 0.169348608 GB 0.186646528 GB
0: Max memory allocated after optimizer step: 0.169348608 GB 0.186646528 GB
0: Max memory allocated after optimizer step: 0.169348608 GB 0.186646528 GB
0: Max memory allocated after optimizer step: 0.169348608 GB 0.186646528 GB
0: Max memory allocated after optimizer step: 0.169348608 GB 0.186646528 GB
0: Max memory allocated after optimizer step: 0.169348608 GB 0.186646528 GB
0: Max memory allocated after optimizer step: 0.169348608 GB 0.186646528 GB
0: Max memory allocated after optimizer step: 0.169348608 GB 0.186646528 GB
0: Max memory allocated after optimizer step: 0.169348608 GB 0.186646528 GB
0: Max memory allocated after optimizer step: 0.169348608 GB 0.186646528 GB
0: Max memory allocated after optimizer step: 0.169348608 GB 0.186646528 GB
0: Max memory allocated after optimizer step: 0.169348608 GB 0.186646528 GB
0: Max memory allocated after optimizer step: 0.169348608 GB 0.186646528 GB
0: Max memory allocated after optimizer step: 0.169348608 GB 0.186646528 GB
0: Max memory allocated after optimizer step: 0.169348608 GB 0.186646528 GB
0: Max memory allocated after optimizer step: 0.169348608 GB 0.186646528 GB
0: Max memory allocated after optimizer step: 0.169348608 GB 0.186646528 GB
0: Max memory allocated after optimizer step: 0.169348608 GB 0.186646528 GB
0: Max memory allocated after optimizer step: 0.169348608 GB 0.186646528 GB
0: Max memory allocated after optimizer step: 0.169348608 GB 0.186646528 GB
0: Max memory allocated after optimizer step: 0.169348608 GB 0.186646528 GB
0: Max memory allocated after optimizer step: 0.169348608 GB 0.186646528 GB
0: Max memory allocated after optimizer step: 0.169348608 GB 0.186646528 GB
0: Max memory allocated after optimizer step: 0.169348608 GB 0.186646528 GB
0: Max memory allocated after optimizer step: 0.169348608 GB 0.186646528 GB
0: Max memory allocated after optimizer step: 0.169348608 GB 0.186646528 GB
0: Max memory allocated after optimizer step: 0.169348608 GB 0.186646528 GB
0: Max memory allocated after optimizer step: 0.169348608 GB 0.186646528 GB
0: Max memory allocated after optimizer step: 0.169348608 GB 0.186646528 GB
0: Max memory allocated after optimizer step: 0.169348608 GB 0.186646528 GB
0: Max memory allocated after optimizer step: 0.169348608 GB 0.186646528 GB
0: Max memory allocated after optimizer step: 0.169348608 GB 0.186646528 GB
0: Max memory allocated after optimizer step: 0.169348608 GB 0.186646528 GB
0: Max memory allocated after optimizer step: 0.169348608 GB 0.186646528 GB
0: Max memory allocated after optimizer step: 0.169348608 GB 0.186646528 GB
0: Max memory allocated after optimizer step: 0.169348608 GB 0.186646528 GB
0: Max memory allocated after optimizer step: 0.169348608 GB 0.186646528 GB
0: Max memory allocated after optimizer step: 0.169348608 GB 0.186646528 GB
0: Max memory allocated after optimizer step: 0.169348608 GB 0.186646528 GB
0: Max memory allocated after optimizer step: 0.169348608 GB 0.186646528 GB
0: Max memory allocated after optimizer step: 0.169348608 GB 0.186646528 GB
0: Max memory allocated after optimizer step: 0.169348608 GB 0.186646528 GB
0: Max memory allocated after optimizer step: 0.169348608 GB 0.186646528 GB
0: Max memory allocated after optimizer step: 0.169348608 GB 0.186646528 GB
0: Max memory allocated after optimizer step: 0.169348608 GB 0.186646528 GB
0: Max memory allocated after optimizer step: 0.169348608 GB 0.186646528 GB
0: Max memory allocated after optimizer step: 0.169348608 GB 0.186646528 GB
0: Max memory allocated after optimizer step: 0.169348608 GB 0.186646528 GB
0: Max memory allocated after optimizer step: 0.169348608 GB 0.186646528 GB
0: Max memory allocated after optimizer step: 0.169348608 GB 0.186646528 GB
0: Max memory allocated after optimizer step: 0.169348608 GB 0.186646528 GB
0: Max memory allocated after optimizer step: 0.169348608 GB 0.186646528 GB
0: Max memory allocated after optimizer step: 0.169348608 GB 0.186646528 GB
0: Max memory allocated after optimizer step: 0.169348608 GB 0.186646528 GB
0: Max memory allocated after optimizer step: 0.169348608 GB 0.186646528 GB
0: Max memory allocated after optimizer step: 0.169348608 GB 0.186646528 GB
0: Max memory allocated after optimizer step: 0.169348608 GB 0.186646528 GB
0: Max memory allocated after optimizer step: 0.169348608 GB 0.186646528 GB
0: Max memory allocated after optimizer step: 0.169348608 GB 0.186646528 GB
0: Max memory allocated after optimizer step: 0.169348608 GB 0.186646528 GB
0: Max memory allocated after optimizer step: 0.169348608 GB 0.186646528 GB
0: Max memory allocated after optimizer step: 0.169348608 GB 0.186646528 GB
0: Max memory allocated after optimizer step: 0.169348608 GB 0.186646528 GB
0: Max memory allocated after optimizer step: 0.169348608 GB 0.186646528 GB
0: Max memory allocated after optimizer step: 0.169348608 GB 0.186646528 GB
0: Max memory allocated after optimizer step: 0.169348608 GB 0.186646528 GB
0: Max memory allocated after optimizer step: 0.169348608 GB 0.186646528 GB
0: Max memory allocated after optimizer step: 0.169348608 GB 0.186646528 GB
0: Max memory allocated after optimizer step: 0.169348608 GB 0.186646528 GB
0: Max memory allocated after optimizer step: 0.169348608 GB 0.186646528 GB
0: Max memory allocated after optimizer step: 0.169348608 GB 0.186646528 GB
0: Max memory allocated after optimizer step: 0.169348608 GB 0.186646528 GB
0: Max memory allocated after optimizer step: 0.169348608 GB 0.186646528 GB
0: Max memory allocated after optimizer step: 0.169348608 GB 0.186646528 GB
0: Max memory allocated after optimizer step: 0.169348608 GB 0.186646528 GB
0: Max memory allocated after optimizer step: 0.169348608 GB 0.186646528 GB
0: Max memory allocated after optimizer step: 0.169348608 GB 0.186646528 GB
0: Max memory allocated after optimizer step: 0.169348608 GB 0.186646528 GB
0: Max memory allocated after optimizer step: 0.169348608 GB 0.186646528 GB
0: Max memory allocated after optimizer step: 0.169348608 GB 0.186646528 GB
0: Max memory allocated after optimizer step: 0.169348608 GB 0.186646528 GB
0: Max memory allocated after optimizer step: 0.169348608 GB 0.186646528 GB
0: Max memory allocated after optimizer step: 0.169348608 GB 0.186646528 GB
0: Max memory allocated after optimizer step: 0.169348608 GB 0.186646528 GB
0: Max memory allocated after optimizer step: 0.169348608 GB 0.186646528 GB
0: Max memory allocated after optimizer step: 0.169348608 GB 0.186646528 GB
0: Max memory allocated after optimizer step: 0.169348608 GB 0.186646528 GB
0: Max memory allocated after optimizer step: 0.169348608 GB 0.186646528 GB
0: Max memory allocated after optimizer step: 0.169348608 GB 0.186646528 GB
0: Max memory allocated after optimizer step: 0.169348608 GB 0.186646528 GB
0: Max memory allocated after optimizer step: 0.169348608 GB 0.186646528 GB
0: Max memory allocated after optimizer step: 0.169348608 GB 0.186646528 GB
0: Max memory allocated after optimizer step: 0.169348608 GB 0.186646528 GB
0: Max memory allocated after optimizer step: 0.169348608 GB 0.186646528 GB
0: Max memory allocated after optimizer step: 0.169348608 GB 0.186646528 GB
0: Max memory allocated after optimizer step: 0.169348608 GB 0.186646528 GB
0: Max memory allocated after optimizer step: 0.169348608 GB 0.186646528 GB
0: Max memory allocated after optimizer step: 0.169348608 GB 0.186646528 GB
0: Max memory allocated after optimizer step: 0.169348608 GB 0.186646528 GB
0: Max memory allocated after optimizer step: 0.169348608 GB 0.186646528 GB
0: Max memory allocated after optimizer step: 0.169348608 GB 0.186646528 GB
0: Max memory allocated after optimizer step: 0.169348608 GB 0.186646528 GB
0: Max memory allocated after optimizer step: 0.169348608 GB 0.186646528 GB
0: Max memory allocated after optimizer step: 0.169348608 GB 0.186646528 GB
0: Max memory allocated after optimizer step: 0.169348608 GB 0.186646528 GB
0: Max memory allocated after optimizer step: 0.169348608 GB 0.186646528 GB
0: Max memory allocated after optimizer step: 0.169348608 GB 0.186646528 GB
0: Max memory allocated after optimizer step: 0.169348608 GB 0.186646528 GB
0: Max memory allocated after optimizer step: 0.169348608 GB 0.186646528 GB
0: Max memory allocated after optimizer step: 0.169348608 GB 0.186646528 GB
0: Max memory allocated after optimizer step: 0.169348608 GB 0.186646528 GB
0: Max memory allocated after optimizer step: 0.169348608 GB 0.186646528 GB
0: Max memory allocated after optimizer step: 0.169348608 GB 0.186646528 GB
0: Max memory allocated after optimizer step: 0.169348608 GB 0.186646528 GB
0: Max memory allocated after optimizer step: 0.169348608 GB 0.186646528 GB
0: Max memory allocated after optimizer step: 0.169348608 GB 0.186646528 GB
0: Max memory allocated after optimizer step: 0.169348608 GB 0.186646528 GB
0: Max memory allocated after optimizer step: 0.169348608 GB 0.186646528 GB
0: Max memory allocated after optimizer step: 0.169348608 GB 0.186646528 GB
0: Max memory allocated after optimizer step: 0.169348608 GB 0.186646528 GB
0: Max memory allocated after optimizer step: 0.169348608 GB 0.186646528 GB
0: Max memory allocated after optimizer step: 0.169348608 GB 0.186646528 GB
0: Max memory allocated after optimizer step: 0.169348608 GB 0.186646528 GB
0: Max memory allocated after optimizer step: 0.169348608 GB 0.186646528 GB
0: Max memory allocated after optimizer step: 0.169348608 GB 0.186646528 GB
0: Max memory allocated after optimizer step: 0.169348608 GB 0.186646528 GB
0: Max memory allocated after optimizer step: 0.169348608 GB 0.186646528 GB
0: Max memory allocated after optimizer step: 0.169348608 GB 0.186646528 GB
0: Max memory allocated after optimizer step: 0.169348608 GB 0.186646528 GB
0: Max memory allocated after optimizer step: 0.169348608 GB 0.186646528 GB
0: Max memory allocated after optimizer step: 0.169348608 GB 0.186646528 GB
0: Max memory allocated after optimizer step: 0.169348608 GB 0.186646528 GB
0: Max memory allocated after optimizer step: 0.169348608 GB 0.186646528 GB
0: Max memory allocated after optimizer step: 0.169348608 GB 0.186646528 GB
0: Max memory allocated after optimizer step: 0.169348608 GB 0.186646528 GB
0: Max memory allocated after optimizer step: 0.169348608 GB 0.186646528 GB
0: Max memory allocated after optimizer step: 0.169348608 GB 0.186646528 GB
0: Max memory allocated after optimizer step: 0.169348608 GB 0.186646528 GB
0: Max memory allocated after optimizer step: 0.169348608 GB 0.186646528 GB
0: Max memory allocated after optimizer step: 0.169348608 GB 0.186646528 GB
0: Max memory allocated after optimizer step: 0.169348608 GB 0.186646528 GB
0: Max memory allocated after optimizer step: 0.169348608 GB 0.186646528 GB
0: Max memory allocated after optimizer step: 0.169348608 GB 0.186646528 GB
0: Max memory allocated after optimizer step: 0.169348608 GB 0.186646528 GB
0: Max memory allocated after optimizer step: 0.169348608 GB 0.186646528 GB
0: Max memory allocated after optimizer step: 0.169348608 GB 0.186646528 GB
0: Max memory allocated after optimizer step: 0.169348608 GB 0.186646528 GB
0: Max memory allocated after optimizer step: 0.169348608 GB 0.186646528 GB
0: Max memory allocated after optimizer step: 0.169348608 GB 0.186646528 GB
0: Max memory allocated after optimizer step: 0.169348608 GB 0.186646528 GB
0: Max memory allocated after optimizer step: 0.169348608 GB 0.186646528 GB
0: Max memory allocated after optimizer step: 0.169348608 GB 0.186646528 GB
0: Max memory allocated after optimizer step: 0.169348608 GB 0.186646528 GB
0: Max memory allocated after optimizer step: 0.169348608 GB 0.186646528 GB
0: Max memory allocated after optimizer step: 0.169348608 GB 0.186646528 GB
0: Max memory allocated after optimizer step: 0.169348608 GB 0.186646528 GB
0: Max memory allocated after optimizer step: 0.169348608 GB 0.186646528 GB
0: Max memory allocated after optimizer step: 0.169348608 GB 0.186646528 GB
0: Max memory allocated after optimizer step: 0.169348608 GB 0.186646528 GB
0: Max memory allocated after optimizer step: 0.169348608 GB 0.186646528 GB
0: Max memory allocated after optimizer step: 0.169348608 GB 0.186646528 GB
0: Max memory allocated after optimizer step: 0.169348608 GB 0.186646528 GB
0: Max memory allocated after optimizer step: 0.169348608 GB 0.186646528 GB
0: Max memory allocated after optimizer step: 0.169348608 GB 0.186646528 GB
0: Max memory allocated after optimizer step: 0.169348608 GB 0.186646528 GB
0: Max memory allocated after optimizer step: 0.169348608 GB 0.186646528 GB
0: Max memory allocated after optimizer step: 0.169348608 GB 0.186646528 GB
0: Max memory allocated after optimizer step: 0.169348608 GB 0.186646528 GB
0: Max memory allocated after optimizer step: 0.169348608 GB 0.186646528 GB
0: Max memory allocated after optimizer step: 0.169348608 GB 0.186646528 GB
0: Max memory allocated after optimizer step: 0.169348608 GB 0.186646528 GB
0: Max memory allocated after optimizer step: 0.169348608 GB 0.186646528 GB
0: Max memory allocated after optimizer step: 0.169348608 GB 0.186646528 GB
0: Max memory allocated after optimizer step: 0.169348608 GB 0.186646528 GB
0: Max memory allocated after optimizer step: 0.169348608 GB 0.186646528 GB
0: Max memory allocated after optimizer step: 0.169348608 GB 0.186646528 GB
0: Max memory allocated after optimizer step: 0.169348608 GB 0.186646528 GB
0: Max memory allocated after optimizer step: 0.169348608 GB 0.186646528 GB
0: Max memory allocated after optimizer step: 0.169348608 GB 0.186646528 GB
0: Max memory allocated after optimizer step: 0.169348608 GB 0.186646528 GB
0: Max memory allocated after optimizer step: 0.169348608 GB 0.186646528 GB
0: Max memory allocated after optimizer step: 0.169348608 GB 0.186646528 GB
0: Max memory allocated after optimizer step: 0.169348608 GB 0.186646528 GB
0: Max memory allocated after optimizer step: 0.169348608 GB 0.186646528 GB
0: Max memory allocated after optimizer step: 0.169348608 GB 0.186646528 GB
0: Max memory allocated after optimizer step: 0.169348608 GB 0.186646528 GB
0: Max memory allocated after optimizer step: 0.169348608 GB 0.186646528 GB
0: Max memory allocated after optimizer step: 0.169348608 GB 0.186646528 GB
0: Max memory allocated after optimizer step: 0.169348608 GB 0.186646528 GB
0: Max memory allocated after optimizer step: 0.169348608 GB 0.186646528 GB
0: Max memory allocated after optimizer step: 0.169348608 GB 0.186646528 GB
0: Max memory allocated after optimizer step: 0.169348608 GB 0.186646528 GB
0: Max memory allocated after optimizer step: 0.169348608 GB 0.186646528 GB
0: Max memory allocated after optimizer step: 0.169348608 GB 0.186646528 GB
0: Max memory allocated after optimizer step: 0.169348608 GB 0.186646528 GB
0: Max memory allocated after optimizer step: 0.169348608 GB 0.186646528 GB
0: Max memory allocated after optimizer step: 0.169348608 GB 0.186646528 GB
0: Max memory allocated after optimizer step: 0.169348608 GB 0.186646528 GB
0: Max memory allocated after optimizer step: 0.169348608 GB 0.186646528 GB
0: Max memory allocated after optimizer step: 0.169348608 GB 0.186646528 GB
0: Max memory allocated after optimizer step: 0.169348608 GB 0.186646528 GB
0: Max memory allocated after optimizer step: 0.169348608 GB 0.186646528 GB
0: Max memory allocated after optimizer step: 0.169348608 GB 0.186646528 GB
0: Max memory allocated after optimizer step: 0.169348608 GB 0.186646528 GB
0: Max memory allocated after optimizer step: 0.169348608 GB 0.186646528 GB
0: Max memory allocated after optimizer step: 0.169348608 GB 0.186646528 GB
0: Max memory allocated after optimizer step: 0.169348608 GB 0.186646528 GB
0: Max memory allocated after optimizer step: 0.169348608 GB 0.186646528 GB
0: Max memory allocated after optimizer step: 0.169348608 GB 0.186646528 GB
0: Max memory allocated after optimizer step: 0.169348608 GB 0.186646528 GB
0: Max memory allocated after optimizer step: 0.169348608 GB 0.186646528 GB
0: Max memory allocated after optimizer step: 0.169348608 GB 0.186646528 GB
0: Max memory allocated after optimizer step: 0.169348608 GB 0.186646528 GB
0: Max memory allocated after optimizer step: 0.169348608 GB 0.186646528 GB
0: Max memory allocated after optimizer step: 0.169348608 GB 0.186646528 GB
0: Max memory allocated after optimizer step: 0.169348608 GB 0.186646528 GB
0: Max memory allocated after optimizer step: 0.169348608 GB 0.186646528 GB
0: Max memory allocated after optimizer step: 0.169348608 GB 0.186646528 GB
0: Max memory allocated after optimizer step: 0.169348608 GB 0.186646528 GB
0: Max memory allocated after optimizer step: 0.169348608 GB 0.186646528 GB
0: Max memory allocated after optimizer step: 0.169348608 GB 0.186646528 GB
0: Max memory allocated after optimizer step: 0.169348608 GB 0.186646528 GB
0: Max memory allocated after optimizer step: 0.169348608 GB 0.186646528 GB
0: Max memory allocated after optimizer step: 0.169348608 GB 0.186646528 GB
0: Max memory allocated after optimizer step: 0.169348608 GB 0.186646528 GB
0: Max memory allocated after optimizer step: 0.169348608 GB 0.186646528 GB
0: Max memory allocated after optimizer step: 0.169348608 GB 0.186646528 GB
0: Max memory allocated after optimizer step: 0.169348608 GB 0.186646528 GB
0: Max memory allocated after optimizer step: 0.169348608 GB 0.186646528 GB
0: Max memory allocated after optimizer step: 0.169348608 GB 0.186646528 GB
0: Max memory allocated after optimizer step: 0.169348608 GB 0.186646528 GB
0: Max memory allocated after optimizer step: 0.169348608 GB 0.186646528 GB
0: Max memory allocated after optimizer step: 0.169348608 GB 0.186646528 GB
0: Max memory allocated after optimizer step: 0.169348608 GB 0.186646528 GB
0: Max memory allocated after optimizer step: 0.169348608 GB 0.186646528 GB
0: Max memory allocated after optimizer step: 0.169348608 GB 0.186646528 GB
0: Max memory allocated after optimizer step: 0.169348608 GB 0.186646528 GB
0: Max memory allocated after optimizer step: 0.169348608 GB 0.186646528 GB
0: Max memory allocated after optimizer step: 0.169348608 GB 0.186646528 GB
0: Max memory allocated after optimizer step: 0.169348608 GB 0.186646528 GB
0: Max memory allocated after optimizer step: 0.169348608 GB 0.186646528 GB
0: Max memory allocated after optimizer step: 0.169348608 GB 0.186646528 GB
0: Max memory allocated after optimizer step: 0.169348608 GB 0.186646528 GB
0: Max memory allocated after optimizer step: 0.169348608 GB 0.186646528 GB
0: Max memory allocated after optimizer step: 0.169348608 GB 0.186646528 GB
0: Max memory allocated after optimizer step: 0.169348608 GB 0.186646528 GB
0: Max memory allocated after optimizer step: 0.169348608 GB 0.186646528 GB
0: Max memory allocated after optimizer step: 0.169348608 GB 0.186646528 GB
0: Max memory allocated after optimizer step: 0.169348608 GB 0.186646528 GB
0: Max memory allocated after optimizer step: 0.169348608 GB 0.186646528 GB
0: Max memory allocated after optimizer step: 0.169348608 GB 0.186646528 GB
0: Max memory allocated after optimizer step: 0.169348608 GB 0.186646528 GB
0: Max memory allocated after optimizer step: 0.169348608 GB 0.186646528 GB
0: Max memory allocated after optimizer step: 0.169348608 GB 0.186646528 GB
0: Max memory allocated after optimizer step: 0.169348608 GB 0.186646528 GB
0: Max memory allocated after optimizer step: 0.169348608 GB 0.186646528 GB
0: Max memory allocated after optimizer step: 0.169348608 GB 0.186646528 GB
0: Max memory allocated after optimizer step: 0.169348608 GB 0.186646528 GB
0: Max memory allocated after optimizer step: 0.169348608 GB 0.186646528 GB
0: Max memory allocated after optimizer step: 0.169348608 GB 0.186646528 GB
0: Max memory allocated after optimizer step: 0.169348608 GB 0.186646528 GB
0: Max memory allocated after optimizer step: 0.169348608 GB 0.186646528 GB
0: Max memory allocated after optimizer step: 0.169348608 GB 0.186646528 GB
0: Max memory allocated after optimizer step: 0.169348608 GB 0.186646528 GB
0: Max memory allocated after optimizer step: 0.169348608 GB 0.186646528 GB
0: Max memory allocated after optimizer step: 0.169348608 GB 0.186646528 GB
0: Max memory allocated after optimizer step: 0.169348608 GB 0.186646528 GB
0: Max memory allocated after optimizer step: 0.169348608 GB 0.186646528 GB
0: Max memory allocated after optimizer step: 0.169348608 GB 0.186646528 GB
0: Max memory allocated after optimizer step: 0.169348608 GB 0.186646528 GB
0: Max memory allocated after optimizer step: 0.169348608 GB 0.186646528 GB
0: Max memory allocated after optimizer step: 0.169348608 GB 0.186646528 GB
0: Max memory allocated after optimizer step: 0.169348608 GB 0.186646528 GB
0: Max memory allocated after optimizer step: 0.169348608 GB 0.186646528 GB
0: Max memory allocated after optimizer step: 0.169348608 GB 0.186646528 GB
0: Max memory allocated after optimizer step: 0.169348608 GB 0.186646528 GB
0: Max memory allocated after optimizer step: 0.169348608 GB 0.186646528 GB
0: Max memory allocated after optimizer step: 0.169348608 GB 0.186646528 GB
0: Max memory allocated after optimizer step: 0.169348608 GB 0.186646528 GB
0: Max memory allocated after optimizer step: 0.169348608 GB 0.186646528 GB
0: Max memory allocated after optimizer step: 0.169348608 GB 0.186646528 GB
0: Max memory allocated after optimizer step: 0.169348608 GB 0.186646528 GB
0: Max memory allocated after optimizer step: 0.169348608 GB 0.186646528 GB
0: Max memory allocated after optimizer step: 0.169348608 GB 0.186646528 GB
0: Max memory allocated after optimizer step: 0.169348608 GB 0.186646528 GB
0: Max memory allocated after optimizer step: 0.169348608 GB 0.186646528 GB
0: Max memory allocated after optimizer step: 0.169348608 GB 0.186646528 GB
0: Max memory allocated after optimizer step: 0.169348608 GB 0.186646528 GB
0: Max memory allocated after optimizer step: 0.169348608 GB 0.186646528 GB
0: Epoch: 03, Train Loss: 0.00008417, Val Loss: 0.00007951, Test Loss: 0.00007814
0: Tasks Train Loss: [8.416738273808733e-05]
0: Tasks Val Loss: [7.951336010592058e-05]
0: Tasks Test Loss: [7.814311538822949e-05]
0: Creating Checkpoint: 0.000080
0: Best Performance Metric: 0.000080
[precision-diagnostic] requested=fp32 model_param_dtype=torch.float32
[precision-diagnostic] first_batch_float_dtype=torch.float32
[precision-diagnostic] first_optimizer_state_float_dtype=torch.float32
0: Max memory allocated after optimizer step: 0.169348608 GB 0.186646528 GB
0: Max memory allocated after optimizer step: 0.169348608 GB 0.186646528 GB
0: Max memory allocated after optimizer step: 0.169348608 GB 0.186646528 GB
0: Max memory allocated after optimizer step: 0.169348608 GB 0.186646528 GB
0: Max memory allocated after optimizer step: 0.169348608 GB 0.186646528 GB
0: Max memory allocated after optimizer step: 0.169348608 GB 0.186646528 GB
0: Max memory allocated after optimizer step: 0.169348608 GB 0.186646528 GB
0: Max memory allocated after optimizer step: 0.169348608 GB 0.186646528 GB
0: Max memory allocated after optimizer step: 0.169348608 GB 0.186646528 GB
0: Max memory allocated after optimizer step: 0.169348608 GB 0.186646528 GB
0: Max memory allocated after optimizer step: 0.169348608 GB 0.186646528 GB
0: Max memory allocated after optimizer step: 0.169348608 GB 0.186646528 GB
0: Max memory allocated after optimizer step: 0.169348608 GB 0.186646528 GB
0: Max memory allocated after optimizer step: 0.169348608 GB 0.186646528 GB
0: Max memory allocated after optimizer step: 0.169348608 GB 0.186646528 GB
0: Max memory allocated after optimizer step: 0.169348608 GB 0.186646528 GB
0: Max memory allocated after optimizer step: 0.169348608 GB 0.186646528 GB
0: Max memory allocated after optimizer step: 0.169348608 GB 0.186646528 GB
0: Max memory allocated after optimizer step: 0.169348608 GB 0.186646528 GB
0: Max memory allocated after optimizer step: 0.169348608 GB 0.186646528 GB
0: Max memory allocated after optimizer step: 0.169348608 GB 0.186646528 GB
0: Max memory allocated after optimizer step: 0.169348608 GB 0.186646528 GB
0: Max memory allocated after optimizer step: 0.169348608 GB 0.186646528 GB
0: Max memory allocated after optimizer step: 0.169348608 GB 0.186646528 GB
0: Max memory allocated after optimizer step: 0.169348608 GB 0.186646528 GB
0: Max memory allocated after optimizer step: 0.169348608 GB 0.186646528 GB
0: Max memory allocated after optimizer step: 0.169348608 GB 0.186646528 GB
0: Max memory allocated after optimizer step: 0.169348608 GB 0.186646528 GB
0: Max memory allocated after optimizer step: 0.169348608 GB 0.186646528 GB
0: Max memory allocated after optimizer step: 0.169348608 GB 0.186646528 GB
0: Max memory allocated after optimizer step: 0.169348608 GB 0.186646528 GB
0: Max memory allocated after optimizer step: 0.169348608 GB 0.186646528 GB
0: Max memory allocated after optimizer step: 0.169348608 GB 0.186646528 GB
0: Max memory allocated after optimizer step: 0.169348608 GB 0.186646528 GB
0: Max memory allocated after optimizer step: 0.169348608 GB 0.186646528 GB
0: Max memory allocated after optimizer step: 0.169348608 GB 0.186646528 GB
0: Max memory allocated after optimizer step: 0.169348608 GB 0.186646528 GB
0: Max memory allocated after optimizer step: 0.169348608 GB 0.186646528 GB
0: Max memory allocated after optimizer step: 0.169348608 GB 0.186646528 GB
0: Max memory allocated after optimizer step: 0.169348608 GB 0.186646528 GB
0: Max memory allocated after optimizer step: 0.169348608 GB 0.186646528 GB
0: Max memory allocated after optimizer step: 0.169348608 GB 0.186646528 GB
0: Max memory allocated after optimizer step: 0.169348608 GB 0.186646528 GB
0: Max memory allocated after optimizer step: 0.169348608 GB 0.186646528 GB
0: Max memory allocated after optimizer step: 0.169348608 GB 0.186646528 GB
0: Max memory allocated after optimizer step: 0.169348608 GB 0.186646528 GB
0: Max memory allocated after optimizer step: 0.169348608 GB 0.186646528 GB
0: Max memory allocated after optimizer step: 0.169348608 GB 0.186646528 GB
0: Max memory allocated after optimizer step: 0.169348608 GB 0.186646528 GB
0: Max memory allocated after optimizer step: 0.169348608 GB 0.186646528 GB
0: Max memory allocated after optimizer step: 0.169348608 GB 0.186646528 GB
0: Max memory allocated after optimizer step: 0.169348608 GB 0.186646528 GB
0: Max memory allocated after optimizer step: 0.169348608 GB 0.186646528 GB
0: Max memory allocated after optimizer step: 0.169348608 GB 0.186646528 GB
0: Max memory allocated after optimizer step: 0.169348608 GB 0.186646528 GB
0: Max memory allocated after optimizer step: 0.169348608 GB 0.186646528 GB
0: Max memory allocated after optimizer step: 0.169348608 GB 0.186646528 GB
0: Max memory allocated after optimizer step: 0.169348608 GB 0.186646528 GB
0: Max memory allocated after optimizer step: 0.169348608 GB 0.186646528 GB
0: Max memory allocated after optimizer step: 0.169348608 GB 0.186646528 GB
0: Max memory allocated after optimizer step: 0.169348608 GB 0.186646528 GB
0: Max memory allocated after optimizer step: 0.169348608 GB 0.186646528 GB
0: Max memory allocated after optimizer step: 0.169348608 GB 0.186646528 GB
0: Max memory allocated after optimizer step: 0.169348608 GB 0.186646528 GB
0: Max memory allocated after optimizer step: 0.169348608 GB 0.186646528 GB
0: Max memory allocated after optimizer step: 0.169348608 GB 0.186646528 GB
0: Max memory allocated after optimizer step: 0.169348608 GB 0.186646528 GB
0: Max memory allocated after optimizer step: 0.169348608 GB 0.186646528 GB
0: Max memory allocated after optimizer step: 0.169348608 GB 0.186646528 GB
0: Max memory allocated after optimizer step: 0.169348608 GB 0.186646528 GB
0: Max memory allocated after optimizer step: 0.169348608 GB 0.186646528 GB
0: Max memory allocated after optimizer step: 0.169348608 GB 0.186646528 GB
0: Max memory allocated after optimizer step: 0.169348608 GB 0.186646528 GB
0: Max memory allocated after optimizer step: 0.169348608 GB 0.186646528 GB
0: Max memory allocated after optimizer step: 0.169348608 GB 0.186646528 GB
0: Max memory allocated after optimizer step: 0.169348608 GB 0.186646528 GB
0: Max memory allocated after optimizer step: 0.169348608 GB 0.186646528 GB
0: Max memory allocated after optimizer step: 0.169348608 GB 0.186646528 GB
0: Max memory allocated after optimizer step: 0.169348608 GB 0.186646528 GB
0: Max memory allocated after optimizer step: 0.169348608 GB 0.186646528 GB
0: Max memory allocated after optimizer step: 0.169348608 GB 0.186646528 GB
0: Max memory allocated after optimizer step: 0.169348608 GB 0.186646528 GB
0: Max memory allocated after optimizer step: 0.169348608 GB 0.186646528 GB
0: Max memory allocated after optimizer step: 0.169348608 GB 0.186646528 GB
0: Max memory allocated after optimizer step: 0.169348608 GB 0.186646528 GB
0: Max memory allocated after optimizer step: 0.169348608 GB 0.186646528 GB
0: Max memory allocated after optimizer step: 0.169348608 GB 0.186646528 GB
0: Max memory allocated after optimizer step: 0.169348608 GB 0.186646528 GB
0: Max memory allocated after optimizer step: 0.169348608 GB 0.186646528 GB
0: Max memory allocated after optimizer step: 0.169348608 GB 0.186646528 GB
0: Max memory allocated after optimizer step: 0.169348608 GB 0.186646528 GB
0: Max memory allocated after optimizer step: 0.169348608 GB 0.186646528 GB
0: Max memory allocated after optimizer step: 0.169348608 GB 0.186646528 GB
0: Max memory allocated after optimizer step: 0.169348608 GB 0.186646528 GB
0: Max memory allocated after optimizer step: 0.169348608 GB 0.186646528 GB
0: Max memory allocated after optimizer step: 0.169348608 GB 0.186646528 GB
0: Max memory allocated after optimizer step: 0.169348608 GB 0.186646528 GB
0: Max memory allocated after optimizer step: 0.169348608 GB 0.186646528 GB
0: Max memory allocated after optimizer step: 0.169348608 GB 0.186646528 GB
0: Max memory allocated after optimizer step: 0.169348608 GB 0.186646528 GB
0: Max memory allocated after optimizer step: 0.169348608 GB 0.186646528 GB
0: Max memory allocated after optimizer step: 0.169348608 GB 0.186646528 GB
0: Max memory allocated after optimizer step: 0.169348608 GB 0.186646528 GB
0: Max memory allocated after optimizer step: 0.169348608 GB 0.186646528 GB
0: Max memory allocated after optimizer step: 0.169348608 GB 0.186646528 GB
0: Max memory allocated after optimizer step: 0.169348608 GB 0.186646528 GB
0: Max memory allocated after optimizer step: 0.169348608 GB 0.186646528 GB
0: Max memory allocated after optimizer step: 0.169348608 GB 0.186646528 GB
0: Max memory allocated after optimizer step: 0.169348608 GB 0.186646528 GB
0: Max memory allocated after optimizer step: 0.169348608 GB 0.186646528 GB
0: Max memory allocated after optimizer step: 0.169348608 GB 0.186646528 GB
0: Max memory allocated after optimizer step: 0.169348608 GB 0.186646528 GB
0: Max memory allocated after optimizer step: 0.169348608 GB 0.186646528 GB
0: Max memory allocated after optimizer step: 0.169348608 GB 0.186646528 GB
0: Max memory allocated after optimizer step: 0.169348608 GB 0.186646528 GB
0: Max memory allocated after optimizer step: 0.169348608 GB 0.186646528 GB
0: Max memory allocated after optimizer step: 0.169348608 GB 0.186646528 GB
0: Max memory allocated after optimizer step: 0.169348608 GB 0.186646528 GB
0: Max memory allocated after optimizer step: 0.169348608 GB 0.186646528 GB
0: Max memory allocated after optimizer step: 0.169348608 GB 0.186646528 GB
0: Max memory allocated after optimizer step: 0.169348608 GB 0.186646528 GB
0: Max memory allocated after optimizer step: 0.169348608 GB 0.186646528 GB
0: Max memory allocated after optimizer step: 0.169348608 GB 0.186646528 GB
0: Max memory allocated after optimizer step: 0.169348608 GB 0.186646528 GB
0: Max memory allocated after optimizer step: 0.169348608 GB 0.186646528 GB
0: Max memory allocated after optimizer step: 0.169348608 GB 0.186646528 GB
0: Max memory allocated after optimizer step: 0.169348608 GB 0.186646528 GB
0: Max memory allocated after optimizer step: 0.169348608 GB 0.186646528 GB
0: Max memory allocated after optimizer step: 0.169348608 GB 0.186646528 GB
0: Max memory allocated after optimizer step: 0.169348608 GB 0.186646528 GB
0: Max memory allocated after optimizer step: 0.169348608 GB 0.186646528 GB
0: Max memory allocated after optimizer step: 0.169348608 GB 0.186646528 GB
0: Max memory allocated after optimizer step: 0.169348608 GB 0.186646528 GB
0: Max memory allocated after optimizer step: 0.169348608 GB 0.186646528 GB
0: Max memory allocated after optimizer step: 0.169348608 GB 0.186646528 GB
0: Max memory allocated after optimizer step: 0.169348608 GB 0.186646528 GB
0: Max memory allocated after optimizer step: 0.169348608 GB 0.186646528 GB
0: Max memory allocated after optimizer step: 0.169348608 GB 0.186646528 GB
0: Max memory allocated after optimizer step: 0.169348608 GB 0.186646528 GB
0: Max memory allocated after optimizer step: 0.169348608 GB 0.186646528 GB
0: Max memory allocated after optimizer step: 0.169348608 GB 0.186646528 GB
0: Max memory allocated after optimizer step: 0.169348608 GB 0.186646528 GB
0: Max memory allocated after optimizer step: 0.169348608 GB 0.186646528 GB
0: Max memory allocated after optimizer step: 0.169348608 GB 0.186646528 GB
0: Max memory allocated after optimizer step: 0.169348608 GB 0.186646528 GB
0: Max memory allocated after optimizer step: 0.169348608 GB 0.186646528 GB
0: Max memory allocated after optimizer step: 0.169348608 GB 0.186646528 GB
0: Max memory allocated after optimizer step: 0.169348608 GB 0.186646528 GB
0: Max memory allocated after optimizer step: 0.169348608 GB 0.186646528 GB
0: Max memory allocated after optimizer step: 0.169348608 GB 0.186646528 GB
0: Max memory allocated after optimizer step: 0.169348608 GB 0.186646528 GB
0: Max memory allocated after optimizer step: 0.169348608 GB 0.186646528 GB
0: Max memory allocated after optimizer step: 0.169348608 GB 0.186646528 GB
0: Max memory allocated after optimizer step: 0.169348608 GB 0.186646528 GB
0: Max memory allocated after optimizer step: 0.169348608 GB 0.186646528 GB
0: Max memory allocated after optimizer step: 0.169348608 GB 0.186646528 GB
0: Max memory allocated after optimizer step: 0.169348608 GB 0.186646528 GB
0: Max memory allocated after optimizer step: 0.169348608 GB 0.186646528 GB
0: Max memory allocated after optimizer step: 0.169348608 GB 0.186646528 GB
0: Max memory allocated after optimizer step: 0.169348608 GB 0.186646528 GB
0: Max memory allocated after optimizer step: 0.169348608 GB 0.186646528 GB
0: Max memory allocated after optimizer step: 0.169348608 GB 0.186646528 GB
0: Max memory allocated after optimizer step: 0.169348608 GB 0.186646528 GB
0: Max memory allocated after optimizer step: 0.169348608 GB 0.186646528 GB
0: Max memory allocated after optimizer step: 0.169348608 GB 0.186646528 GB
0: Max memory allocated after optimizer step: 0.169348608 GB 0.186646528 GB
0: Max memory allocated after optimizer step: 0.169348608 GB 0.186646528 GB
0: Max memory allocated after optimizer step: 0.169348608 GB 0.186646528 GB
0: Max memory allocated after optimizer step: 0.169348608 GB 0.186646528 GB
0: Max memory allocated after optimizer step: 0.169348608 GB 0.186646528 GB
0: Max memory allocated after optimizer step: 0.169348608 GB 0.186646528 GB
0: Max memory allocated after optimizer step: 0.169348608 GB 0.186646528 GB
0: Max memory allocated after optimizer step: 0.169348608 GB 0.186646528 GB
0: Max memory allocated after optimizer step: 0.169348608 GB 0.186646528 GB
0: Max memory allocated after optimizer step: 0.169348608 GB 0.186646528 GB
0: Max memory allocated after optimizer step: 0.169348608 GB 0.186646528 GB
0: Max memory allocated after optimizer step: 0.169348608 GB 0.186646528 GB
0: Max memory allocated after optimizer step: 0.169348608 GB 0.186646528 GB
0: Max memory allocated after optimizer step: 0.169348608 GB 0.186646528 GB
0: Max memory allocated after optimizer step: 0.169348608 GB 0.186646528 GB
0: Max memory allocated after optimizer step: 0.169348608 GB 0.186646528 GB
0: Max memory allocated after optimizer step: 0.169348608 GB 0.186646528 GB
0: Max memory allocated after optimizer step: 0.169348608 GB 0.186646528 GB
0: Max memory allocated after optimizer step: 0.169348608 GB 0.186646528 GB
0: Max memory allocated after optimizer step: 0.169348608 GB 0.186646528 GB
0: Max memory allocated after optimizer step: 0.169348608 GB 0.186646528 GB
0: Max memory allocated after optimizer step: 0.169348608 GB 0.186646528 GB
0: Max memory allocated after optimizer step: 0.169348608 GB 0.186646528 GB
0: Max memory allocated after optimizer step: 0.169348608 GB 0.186646528 GB
0: Max memory allocated after optimizer step: 0.169348608 GB 0.186646528 GB
0: Max memory allocated after optimizer step: 0.169348608 GB 0.186646528 GB
0: Max memory allocated after optimizer step: 0.169348608 GB 0.186646528 GB
0: Max memory allocated after optimizer step: 0.169348608 GB 0.186646528 GB
0: Max memory allocated after optimizer step: 0.169348608 GB 0.186646528 GB
0: Max memory allocated after optimizer step: 0.169348608 GB 0.186646528 GB
0: Max memory allocated after optimizer step: 0.169348608 GB 0.186646528 GB
0: Max memory allocated after optimizer step: 0.169348608 GB 0.186646528 GB
0: Max memory allocated after optimizer step: 0.169348608 GB 0.186646528 GB
0: Max memory allocated after optimizer step: 0.169348608 GB 0.186646528 GB
0: Max memory allocated after optimizer step: 0.169348608 GB 0.186646528 GB
0: Max memory allocated after optimizer step: 0.169348608 GB 0.186646528 GB
0: Max memory allocated after optimizer step: 0.169348608 GB 0.186646528 GB
0: Max memory allocated after optimizer step: 0.169348608 GB 0.186646528 GB
0: Max memory allocated after optimizer step: 0.169348608 GB 0.186646528 GB
0: Max memory allocated after optimizer step: 0.169348608 GB 0.186646528 GB
0: Max memory allocated after optimizer step: 0.169348608 GB 0.186646528 GB
0: Max memory allocated after optimizer step: 0.169348608 GB 0.186646528 GB
0: Max memory allocated after optimizer step: 0.169348608 GB 0.186646528 GB
0: Max memory allocated after optimizer step: 0.169348608 GB 0.186646528 GB
0: Max memory allocated after optimizer step: 0.169348608 GB 0.186646528 GB
0: Max memory allocated after optimizer step: 0.169348608 GB 0.186646528 GB
0: Max memory allocated after optimizer step: 0.169348608 GB 0.186646528 GB
0: Max memory allocated after optimizer step: 0.169348608 GB 0.186646528 GB
0: Max memory allocated after optimizer step: 0.169348608 GB 0.186646528 GB
0: Max memory allocated after optimizer step: 0.169348608 GB 0.186646528 GB
0: Max memory allocated after optimizer step: 0.169348608 GB 0.186646528 GB
0: Max memory allocated after optimizer step: 0.169348608 GB 0.186646528 GB
0: Max memory allocated after optimizer step: 0.169348608 GB 0.186646528 GB
0: Max memory allocated after optimizer step: 0.169348608 GB 0.186646528 GB
0: Max memory allocated after optimizer step: 0.169348608 GB 0.186646528 GB
0: Max memory allocated after optimizer step: 0.169348608 GB 0.186646528 GB
0: Max memory allocated after optimizer step: 0.169348608 GB 0.186646528 GB
0: Max memory allocated after optimizer step: 0.169348608 GB 0.186646528 GB
0: Max memory allocated after optimizer step: 0.169348608 GB 0.186646528 GB
0: Max memory allocated after optimizer step: 0.169348608 GB 0.186646528 GB
0: Max memory allocated after optimizer step: 0.169348608 GB 0.186646528 GB
0: Max memory allocated after optimizer step: 0.169348608 GB 0.186646528 GB
0: Max memory allocated after optimizer step: 0.169348608 GB 0.186646528 GB
0: Max memory allocated after optimizer step: 0.169348608 GB 0.186646528 GB
0: Max memory allocated after optimizer step: 0.169348608 GB 0.186646528 GB
0: Max memory allocated after optimizer step: 0.169348608 GB 0.186646528 GB
0: Max memory allocated after optimizer step: 0.169348608 GB 0.186646528 GB
0: Max memory allocated after optimizer step: 0.169348608 GB 0.186646528 GB
0: Max memory allocated after optimizer step: 0.169348608 GB 0.186646528 GB
0: Max memory allocated after optimizer step: 0.169348608 GB 0.186646528 GB
0: Max memory allocated after optimizer step: 0.169348608 GB 0.186646528 GB
0: Max memory allocated after optimizer step: 0.169348608 GB 0.186646528 GB
0: Max memory allocated after optimizer step: 0.169348608 GB 0.186646528 GB
0: Max memory allocated after optimizer step: 0.169348608 GB 0.186646528 GB
0: Max memory allocated after optimizer step: 0.169348608 GB 0.186646528 GB
0: Max memory allocated after optimizer step: 0.169348608 GB 0.186646528 GB
0: Max memory allocated after optimizer step: 0.169348608 GB 0.186646528 GB
0: Max memory allocated after optimizer step: 0.169348608 GB 0.186646528 GB
0: Max memory allocated after optimizer step: 0.169348608 GB 0.186646528 GB
0: Max memory allocated after optimizer step: 0.169348608 GB 0.186646528 GB
0: Max memory allocated after optimizer step: 0.169348608 GB 0.186646528 GB
0: Max memory allocated after optimizer step: 0.169348608 GB 0.186646528 GB
0: Max memory allocated after optimizer step: 0.169348608 GB 0.186646528 GB
0: Max memory allocated after optimizer step: 0.169348608 GB 0.186646528 GB
0: Max memory allocated after optimizer step: 0.169348608 GB 0.186646528 GB
0: Max memory allocated after optimizer step: 0.169348608 GB 0.186646528 GB
0: Max memory allocated after optimizer step: 0.169348608 GB 0.186646528 GB
0: Max memory allocated after optimizer step: 0.169348608 GB 0.186646528 GB
0: Max memory allocated after optimizer step: 0.169348608 GB 0.186646528 GB
0: Max memory allocated after optimizer step: 0.169348608 GB 0.186646528 GB
0: Max memory allocated after optimizer step: 0.169348608 GB 0.186646528 GB
0: Max memory allocated after optimizer step: 0.169348608 GB 0.186646528 GB
0: Max memory allocated after optimizer step: 0.169348608 GB 0.186646528 GB
0: Max memory allocated after optimizer step: 0.169348608 GB 0.186646528 GB
0: Max memory allocated after optimizer step: 0.169348608 GB 0.186646528 GB
0: Max memory allocated after optimizer step: 0.169348608 GB 0.186646528 GB
0: Max memory allocated after optimizer step: 0.169348608 GB 0.186646528 GB
0: Max memory allocated after optimizer step: 0.169348608 GB 0.186646528 GB
0: Max memory allocated after optimizer step: 0.169348608 GB 0.186646528 GB
0: Max memory allocated after optimizer step: 0.169348608 GB 0.186646528 GB
0: Max memory allocated after optimizer step: 0.169348608 GB 0.186646528 GB
0: Max memory allocated after optimizer step: 0.169348608 GB 0.186646528 GB
0: Max memory allocated after optimizer step: 0.169348608 GB 0.186646528 GB
0: Max memory allocated after optimizer step: 0.169348608 GB 0.186646528 GB
0: Max memory allocated after optimizer step: 0.169348608 GB 0.186646528 GB
0: Max memory allocated after optimizer step: 0.169348608 GB 0.186646528 GB
0: Max memory allocated after optimizer step: 0.169348608 GB 0.186646528 GB
0: Max memory allocated after optimizer step: 0.169348608 GB 0.186646528 GB
0: Max memory allocated after optimizer step: 0.169348608 GB 0.186646528 GB
0: Max memory allocated after optimizer step: 0.169348608 GB 0.186646528 GB
0: Max memory allocated after optimizer step: 0.169348608 GB 0.186646528 GB
0: Max memory allocated after optimizer step: 0.169348608 GB 0.186646528 GB
0: Max memory allocated after optimizer step: 0.169348608 GB 0.186646528 GB
0: Max memory allocated after optimizer step: 0.169348608 GB 0.186646528 GB
0: Max memory allocated after optimizer step: 0.169348608 GB 0.186646528 GB
0: Max memory allocated after optimizer step: 0.169348608 GB 0.186646528 GB
0: Max memory allocated after optimizer step: 0.169348608 GB 0.186646528 GB
0: Max memory allocated after optimizer step: 0.169348608 GB 0.186646528 GB
0: Max memory allocated after optimizer step: 0.169348608 GB 0.186646528 GB
0: Max memory allocated after optimizer step: 0.169348608 GB 0.186646528 GB
0: Max memory allocated after optimizer step: 0.169348608 GB 0.186646528 GB
0: Max memory allocated after optimizer step: 0.169348608 GB 0.186646528 GB
0: Max memory allocated after optimizer step: 0.169348608 GB 0.186646528 GB
0: Max memory allocated after optimizer step: 0.169348608 GB 0.186646528 GB
0: Max memory allocated after optimizer step: 0.169348608 GB 0.186646528 GB
0: Max memory allocated after optimizer step: 0.169348608 GB 0.186646528 GB
0: Max memory allocated after optimizer step: 0.169348608 GB 0.186646528 GB
0: Max memory allocated after optimizer step: 0.169348608 GB 0.186646528 GB
0: Max memory allocated after optimizer step: 0.169348608 GB 0.186646528 GB
0: Max memory allocated after optimizer step: 0.169348608 GB 0.186646528 GB
0: Max memory allocated after optimizer step: 0.169348608 GB 0.186646528 GB
0: Max memory allocated after optimizer step: 0.169348608 GB 0.186646528 GB
0: Max memory allocated after optimizer step: 0.169348608 GB 0.186646528 GB
0: Max memory allocated after optimizer step: 0.169348608 GB 0.186646528 GB
0: Max memory allocated after optimizer step: 0.169348608 GB 0.186646528 GB
0: Max memory allocated after optimizer step: 0.169348608 GB 0.186646528 GB
0: Max memory allocated after optimizer step: 0.169348608 GB 0.186646528 GB
0: Max memory allocated after optimizer step: 0.169348608 GB 0.186646528 GB
0: Max memory allocated after optimizer step: 0.169348608 GB 0.186646528 GB
0: Max memory allocated after optimizer step: 0.169348608 GB 0.186646528 GB
0: Max memory allocated after optimizer step: 0.169348608 GB 0.186646528 GB
0: Max memory allocated after optimizer step: 0.169348608 GB 0.186646528 GB
0: Max memory allocated after optimizer step: 0.169348608 GB 0.186646528 GB
0: Max memory allocated after optimizer step: 0.169348608 GB 0.186646528 GB
0: Max memory allocated after optimizer step: 0.169348608 GB 0.186646528 GB
0: Max memory allocated after optimizer step: 0.169348608 GB 0.186646528 GB
0: Max memory allocated after optimizer step: 0.169348608 GB 0.186646528 GB
0: Max memory allocated after optimizer step: 0.169348608 GB 0.186646528 GB
0: Max memory allocated after optimizer step: 0.169348608 GB 0.186646528 GB
0: Max memory allocated after optimizer step: 0.169348608 GB 0.186646528 GB
0: Max memory allocated after optimizer step: 0.169348608 GB 0.186646528 GB
0: Max memory allocated after optimizer step: 0.169348608 GB 0.186646528 GB
0: Max memory allocated after optimizer step: 0.169348608 GB 0.186646528 GB
0: Max memory allocated after optimizer step: 0.169348608 GB 0.186646528 GB
0: Max memory allocated after optimizer step: 0.169348608 GB 0.186646528 GB
0: Max memory allocated after optimizer step: 0.169348608 GB 0.186646528 GB
0: Max memory allocated after optimizer step: 0.169348608 GB 0.186646528 GB
0: Max memory allocated after optimizer step: 0.169348608 GB 0.186646528 GB
0: Max memory allocated after optimizer step: 0.169348608 GB 0.186646528 GB
0: Max memory allocated after optimizer step: 0.169348608 GB 0.186646528 GB
0: Max memory allocated after optimizer step: 0.169348608 GB 0.186646528 GB
0: Max memory allocated after optimizer step: 0.169348608 GB 0.186646528 GB
0: Max memory allocated after optimizer step: 0.169348608 GB 0.186646528 GB
0: Max memory allocated after optimizer step: 0.169348608 GB 0.186646528 GB
0: Max memory allocated after optimizer step: 0.169348608 GB 0.186646528 GB
0: Max memory allocated after optimizer step: 0.169348608 GB 0.186646528 GB
0: Max memory allocated after optimizer step: 0.169348608 GB 0.186646528 GB
0: Max memory allocated after optimizer step: 0.169348608 GB 0.186646528 GB
0: Max memory allocated after optimizer step: 0.169348608 GB 0.186646528 GB
0: Max memory allocated after optimizer step: 0.169348608 GB 0.186646528 GB
0: Max memory allocated after optimizer step: 0.169348608 GB 0.186646528 GB
0: Max memory allocated after optimizer step: 0.169348608 GB 0.186646528 GB
0: Max memory allocated after optimizer step: 0.169348608 GB 0.186646528 GB
0: Max memory allocated after optimizer step: 0.169348608 GB 0.186646528 GB
0: Max memory allocated after optimizer step: 0.169348608 GB 0.186646528 GB
0: Max memory allocated after optimizer step: 0.169348608 GB 0.186646528 GB
0: Max memory allocated after optimizer step: 0.169348608 GB 0.186646528 GB
0: Max memory allocated after optimizer step: 0.169348608 GB 0.186646528 GB
0: Max memory allocated after optimizer step: 0.169348608 GB 0.186646528 GB
0: Max memory allocated after optimizer step: 0.169348608 GB 0.186646528 GB
0: Max memory allocated after optimizer step: 0.169348608 GB 0.186646528 GB
0: Max memory allocated after optimizer step: 0.169348608 GB 0.186646528 GB
0: Max memory allocated after optimizer step: 0.169348608 GB 0.186646528 GB
0: Max memory allocated after optimizer step: 0.169348608 GB 0.186646528 GB
0: Max memory allocated after optimizer step: 0.169348608 GB 0.186646528 GB
0: Max memory allocated after optimizer step: 0.169348608 GB 0.186646528 GB
0: Max memory allocated after optimizer step: 0.169348608 GB 0.186646528 GB
0: Max memory allocated after optimizer step: 0.169348608 GB 0.186646528 GB
0: Max memory allocated after optimizer step: 0.169348608 GB 0.186646528 GB
0: Max memory allocated after optimizer step: 0.169348608 GB 0.186646528 GB
0: Max memory allocated after optimizer step: 0.169348608 GB 0.186646528 GB
0: Max memory allocated after optimizer step: 0.169348608 GB 0.186646528 GB
0: Max memory allocated after optimizer step: 0.169348608 GB 0.186646528 GB
0: Max memory allocated after optimizer step: 0.169348608 GB 0.186646528 GB
0: Max memory allocated after optimizer step: 0.169348608 GB 0.186646528 GB
0: Max memory allocated after optimizer step: 0.169348608 GB 0.186646528 GB
0: Max memory allocated after optimizer step: 0.169348608 GB 0.186646528 GB
0: Max memory allocated after optimizer step: 0.169348608 GB 0.186646528 GB
0: Max memory allocated after optimizer step: 0.169348608 GB 0.186646528 GB
0: Max memory allocated after optimizer step: 0.169348608 GB 0.186646528 GB
0: Max memory allocated after optimizer step: 0.169348608 GB 0.186646528 GB
0: Max memory allocated after optimizer step: 0.169348608 GB 0.186646528 GB
0: Max memory allocated after optimizer step: 0.169348608 GB 0.186646528 GB
0: Max memory allocated after optimizer step: 0.169348608 GB 0.186646528 GB
0: Max memory allocated after optimizer step: 0.169348608 GB 0.186646528 GB
0: Max memory allocated after optimizer step: 0.169348608 GB 0.186646528 GB
0: Max memory allocated after optimizer step: 0.169348608 GB 0.186646528 GB
0: Max memory allocated after optimizer step: 0.169348608 GB 0.186646528 GB
0: Max memory allocated after optimizer step: 0.169348608 GB 0.186646528 GB
0: Max memory allocated after optimizer step: 0.169348608 GB 0.186646528 GB
0: Max memory allocated after optimizer step: 0.169348608 GB 0.186646528 GB
0: Max memory allocated after optimizer step: 0.169348608 GB 0.186646528 GB
0: Max memory allocated after optimizer step: 0.169348608 GB 0.186646528 GB
0: Max memory allocated after optimizer step: 0.169348608 GB 0.186646528 GB
0: Max memory allocated after optimizer step: 0.169348608 GB 0.186646528 GB
0: Max memory allocated after optimizer step: 0.169348608 GB 0.186646528 GB
0: Max memory allocated after optimizer step: 0.169348608 GB 0.186646528 GB
0: Max memory allocated after optimizer step: 0.169348608 GB 0.186646528 GB
0: Max memory allocated after optimizer step: 0.169348608 GB 0.186646528 GB
0: Max memory allocated after optimizer step: 0.169348608 GB 0.186646528 GB
0: Max memory allocated after optimizer step: 0.169348608 GB 0.186646528 GB
0: Max memory allocated after optimizer step: 0.169348608 GB 0.186646528 GB
0: Max memory allocated after optimizer step: 0.169348608 GB 0.186646528 GB
0: Max memory allocated after optimizer step: 0.169348608 GB 0.186646528 GB
0: Max memory allocated after optimizer step: 0.169348608 GB 0.186646528 GB
0: Max memory allocated after optimizer step: 0.169348608 GB 0.186646528 GB
0: Max memory allocated after optimizer step: 0.169348608 GB 0.186646528 GB
0: Max memory allocated after optimizer step: 0.169348608 GB 0.186646528 GB
0: Max memory allocated after optimizer step: 0.169348608 GB 0.186646528 GB
0: Max memory allocated after optimizer step: 0.169348608 GB 0.186646528 GB
0: Max memory allocated after optimizer step: 0.169348608 GB 0.186646528 GB
0: Max memory allocated after optimizer step: 0.169348608 GB 0.186646528 GB
0: Max memory allocated after optimizer step: 0.169348608 GB 0.186646528 GB
0: Max memory allocated after optimizer step: 0.169348608 GB 0.186646528 GB
0: Max memory allocated after optimizer step: 0.169348608 GB 0.186646528 GB
0: Max memory allocated after optimizer step: 0.169348608 GB 0.186646528 GB
0: Max memory allocated after optimizer step: 0.169348608 GB 0.186646528 GB
0: Max memory allocated after optimizer step: 0.169348608 GB 0.186646528 GB
0: Max memory allocated after optimizer step: 0.169348608 GB 0.186646528 GB
0: Max memory allocated after optimizer step: 0.169348608 GB 0.186646528 GB
0: Max memory allocated after optimizer step: 0.169348608 GB 0.186646528 GB
0: Max memory allocated after optimizer step: 0.169348608 GB 0.186646528 GB
0: Max memory allocated after optimizer step: 0.169348608 GB 0.186646528 GB
0: Max memory allocated after optimizer step: 0.169348608 GB 0.186646528 GB
0: Max memory allocated after optimizer step: 0.169348608 GB 0.186646528 GB
0: Max memory allocated after optimizer step: 0.169348608 GB 0.186646528 GB
0: Max memory allocated after optimizer step: 0.169348608 GB 0.186646528 GB
0: Max memory allocated after optimizer step: 0.169348608 GB 0.186646528 GB
0: Max memory allocated after optimizer step: 0.169348608 GB 0.186646528 GB
0: Max memory allocated after optimizer step: 0.169348608 GB 0.186646528 GB
0: Max memory allocated after optimizer step: 0.169348608 GB 0.186646528 GB
0: Max memory allocated after optimizer step: 0.169348608 GB 0.186646528 GB
0: Max memory allocated after optimizer step: 0.169348608 GB 0.186646528 GB
0: Max memory allocated after optimizer step: 0.169348608 GB 0.186646528 GB
0: Max memory allocated after optimizer step: 0.169348608 GB 0.186646528 GB
0: Max memory allocated after optimizer step: 0.169348608 GB 0.186646528 GB
0: Max memory allocated after optimizer step: 0.169348608 GB 0.186646528 GB
0: Max memory allocated after optimizer step: 0.169348608 GB 0.186646528 GB
0: Max memory allocated after optimizer step: 0.169348608 GB 0.186646528 GB
0: Max memory allocated after optimizer step: 0.169348608 GB 0.186646528 GB
0: Max memory allocated after optimizer step: 0.169348608 GB 0.186646528 GB
0: Max memory allocated after optimizer step: 0.169348608 GB 0.186646528 GB
0: Max memory allocated after optimizer step: 0.169348608 GB 0.186646528 GB
0: Max memory allocated after optimizer step: 0.169348608 GB 0.186646528 GB
0: Max memory allocated after optimizer step: 0.169348608 GB 0.186646528 GB
0: Max memory allocated after optimizer step: 0.169348608 GB 0.186646528 GB
0: Max memory allocated after optimizer step: 0.169348608 GB 0.186646528 GB
0: Max memory allocated after optimizer step: 0.169348608 GB 0.186646528 GB
0: Max memory allocated after optimizer step: 0.169348608 GB 0.186646528 GB
0: Max memory allocated after optimizer step: 0.169348608 GB 0.186646528 GB
0: Max memory allocated after optimizer step: 0.169348608 GB 0.186646528 GB
0: Max memory allocated after optimizer step: 0.169348608 GB 0.186646528 GB
0: Max memory allocated after optimizer step: 0.169348608 GB 0.186646528 GB
0: Max memory allocated after optimizer step: 0.169348608 GB 0.186646528 GB
0: Max memory allocated after optimizer step: 0.169348608 GB 0.186646528 GB
0: Max memory allocated after optimizer step: 0.169348608 GB 0.186646528 GB
0: Max memory allocated after optimizer step: 0.169348608 GB 0.186646528 GB
0: Max memory allocated after optimizer step: 0.169348608 GB 0.186646528 GB
0: Max memory allocated after optimizer step: 0.169348608 GB 0.186646528 GB
0: Max memory allocated after optimizer step: 0.169348608 GB 0.186646528 GB
0: Max memory allocated after optimizer step: 0.169348608 GB 0.186646528 GB
0: Max memory allocated after optimizer step: 0.169348608 GB 0.186646528 GB
0: Max memory allocated after optimizer step: 0.169348608 GB 0.186646528 GB
0: Max memory allocated after optimizer step: 0.169348608 GB 0.186646528 GB
0: Max memory allocated after optimizer step: 0.169348608 GB 0.186646528 GB
0: Max memory allocated after optimizer step: 0.169348608 GB 0.186646528 GB
0: Max memory allocated after optimizer step: 0.169348608 GB 0.186646528 GB
0: Max memory allocated after optimizer step: 0.169348608 GB 0.186646528 GB
0: Max memory allocated after optimizer step: 0.169348608 GB 0.186646528 GB
0: Max memory allocated after optimizer step: 0.169348608 GB 0.186646528 GB
0: Max memory allocated after optimizer step: 0.169348608 GB 0.186646528 GB
0: Max memory allocated after optimizer step: 0.169348608 GB 0.186646528 GB
0: Max memory allocated after optimizer step: 0.169348608 GB 0.186646528 GB
0: Max memory allocated after optimizer step: 0.169348608 GB 0.186646528 GB
0: Max memory allocated after optimizer step: 0.169348608 GB 0.186646528 GB
0: Max memory allocated after optimizer step: 0.169348608 GB 0.186646528 GB
0: Max memory allocated after optimizer step: 0.169348608 GB 0.186646528 GB
0: Max memory allocated after optimizer step: 0.169348608 GB 0.186646528 GB
0: Max memory allocated after optimizer step: 0.169348608 GB 0.186646528 GB
0: Max memory allocated after optimizer step: 0.169348608 GB 0.186646528 GB
0: Max memory allocated after optimizer step: 0.169348608 GB 0.186646528 GB
0: Max memory allocated after optimizer step: 0.169348608 GB 0.186646528 GB
0: Max memory allocated after optimizer step: 0.169348608 GB 0.186646528 GB
0: Max memory allocated after optimizer step: 0.169348608 GB 0.186646528 GB
0: Max memory allocated after optimizer step: 0.169348608 GB 0.186646528 GB
0: Max memory allocated after optimizer step: 0.169348608 GB 0.186646528 GB
0: Max memory allocated after optimizer step: 0.169348608 GB 0.186646528 GB
0: Max memory allocated after optimizer step: 0.169348608 GB 0.186646528 GB
0: Max memory allocated after optimizer step: 0.169348608 GB 0.186646528 GB
0: Max memory allocated after optimizer step: 0.169348608 GB 0.186646528 GB
0: Max memory allocated after optimizer step: 0.169348608 GB 0.186646528 GB
0: Max memory allocated after optimizer step: 0.169348608 GB 0.186646528 GB
0: Max memory allocated after optimizer step: 0.169348608 GB 0.186646528 GB
0: Max memory allocated after optimizer step: 0.169348608 GB 0.186646528 GB
0: Max memory allocated after optimizer step: 0.169348608 GB 0.186646528 GB
0: Max memory allocated after optimizer step: 0.169348608 GB 0.186646528 GB
0: Max memory allocated after optimizer step: 0.169348608 GB 0.186646528 GB
0: Max memory allocated after optimizer step: 0.169348608 GB 0.186646528 GB
0: Max memory allocated after optimizer step: 0.169348608 GB 0.186646528 GB
0: Max memory allocated after optimizer step: 0.169348608 GB 0.186646528 GB
0: Max memory allocated after optimizer step: 0.169348608 GB 0.186646528 GB
0: Max memory allocated after optimizer step: 0.169348608 GB 0.186646528 GB
0: Max memory allocated after optimizer step: 0.169348608 GB 0.186646528 GB
0: Max memory allocated after optimizer step: 0.169348608 GB 0.186646528 GB
0: Max memory allocated after optimizer step: 0.169348608 GB 0.186646528 GB
0: Max memory allocated after optimizer step: 0.169348608 GB 0.186646528 GB
0: Max memory allocated after optimizer step: 0.169348608 GB 0.186646528 GB
0: Max memory allocated after optimizer step: 0.169348608 GB 0.186646528 GB
0: Max memory allocated after optimizer step: 0.169348608 GB 0.186646528 GB
0: Max memory allocated after optimizer step: 0.169348608 GB 0.186646528 GB
0: Max memory allocated after optimizer step: 0.169348608 GB 0.186646528 GB
0: Max memory allocated after optimizer step: 0.169348608 GB 0.186646528 GB
0: Max memory allocated after optimizer step: 0.169348608 GB 0.186646528 GB
0: Max memory allocated after optimizer step: 0.169348608 GB 0.186646528 GB
0: Max memory allocated after optimizer step: 0.169348608 GB 0.186646528 GB
0: Max memory allocated after optimizer step: 0.169348608 GB 0.186646528 GB
0: Max memory allocated after optimizer step: 0.169348608 GB 0.186646528 GB
0: Max memory allocated after optimizer step: 0.169348608 GB 0.186646528 GB
0: Max memory allocated after optimizer step: 0.169348608 GB 0.186646528 GB
0: Max memory allocated after optimizer step: 0.169348608 GB 0.186646528 GB
0: Max memory allocated after optimizer step: 0.169348608 GB 0.186646528 GB
0: Max memory allocated after optimizer step: 0.169348608 GB 0.186646528 GB
0: Max memory allocated after optimizer step: 0.169348608 GB 0.186646528 GB
0: Max memory allocated after optimizer step: 0.169348608 GB 0.186646528 GB
0: Max memory allocated after optimizer step: 0.169348608 GB 0.186646528 GB
0: Max memory allocated after optimizer step: 0.169348608 GB 0.186646528 GB
0: Max memory allocated after optimizer step: 0.169348608 GB 0.186646528 GB
0: Max memory allocated after optimizer step: 0.169348608 GB 0.186646528 GB
0: Max memory allocated after optimizer step: 0.169348608 GB 0.186646528 GB
0: Max memory allocated after optimizer step: 0.169348608 GB 0.186646528 GB
0: Max memory allocated after optimizer step: 0.169348608 GB 0.186646528 GB
0: Max memory allocated after optimizer step: 0.169348608 GB 0.186646528 GB
0: Max memory allocated after optimizer step: 0.169348608 GB 0.186646528 GB
0: Max memory allocated after optimizer step: 0.169348608 GB 0.186646528 GB
0: Max memory allocated after optimizer step: 0.169348608 GB 0.186646528 GB
0: Max memory allocated after optimizer step: 0.169348608 GB 0.186646528 GB
0: Max memory allocated after optimizer step: 0.169348608 GB 0.186646528 GB
0: Max memory allocated after optimizer step: 0.169348608 GB 0.186646528 GB
0: Max memory allocated after optimizer step: 0.169348608 GB 0.186646528 GB
0: Max memory allocated after optimizer step: 0.169348608 GB 0.186646528 GB
0: Max memory allocated after optimizer step: 0.169348608 GB 0.186646528 GB
0: Max memory allocated after optimizer step: 0.169348608 GB 0.186646528 GB
0: Max memory allocated after optimizer step: 0.169348608 GB 0.186646528 GB
0: Epoch: 04, Train Loss: 0.00008225, Val Loss: 0.00433633, Test Loss: 0.00433405
0: Tasks Train Loss: [8.225328929256648e-05]
0: Tasks Val Loss: [0.004336329642683268]
0: Tasks Test Loss: [0.004334051162004471]
0: Best Performance Metric: 0.000080
[precision-diagnostic] requested=fp32 model_param_dtype=torch.float32
[precision-diagnostic] first_batch_float_dtype=torch.float32
[precision-diagnostic] first_optimizer_state_float_dtype=torch.float32
0: Max memory allocated after optimizer step: 0.169348608 GB 0.186646528 GB
0: Max memory allocated after optimizer step: 0.169348608 GB 0.186646528 GB
0: Max memory allocated after optimizer step: 0.169348608 GB 0.186646528 GB
0: Max memory allocated after optimizer step: 0.169348608 GB 0.186646528 GB
0: Max memory allocated after optimizer step: 0.169348608 GB 0.186646528 GB
0: Max memory allocated after optimizer step: 0.169348608 GB 0.186646528 GB
0: Max memory allocated after optimizer step: 0.169348608 GB 0.186646528 GB
0: Max memory allocated after optimizer step: 0.169348608 GB 0.186646528 GB
0: Max memory allocated after optimizer step: 0.169348608 GB 0.186646528 GB
0: Max memory allocated after optimizer step: 0.169348608 GB 0.186646528 GB
0: Max memory allocated after optimizer step: 0.169348608 GB 0.186646528 GB
0: Max memory allocated after optimizer step: 0.169348608 GB 0.186646528 GB
0: Max memory allocated after optimizer step: 0.169348608 GB 0.186646528 GB
0: Max memory allocated after optimizer step: 0.169348608 GB 0.186646528 GB
0: Max memory allocated after optimizer step: 0.169348608 GB 0.186646528 GB
0: Max memory allocated after optimizer step: 0.169348608 GB 0.186646528 GB
0: Max memory allocated after optimizer step: 0.169348608 GB 0.186646528 GB
0: Max memory allocated after optimizer step: 0.169348608 GB 0.186646528 GB
0: Max memory allocated after optimizer step: 0.169348608 GB 0.186646528 GB
0: Max memory allocated after optimizer step: 0.169348608 GB 0.186646528 GB
0: Max memory allocated after optimizer step: 0.169348608 GB 0.186646528 GB
0: Max memory allocated after optimizer step: 0.169348608 GB 0.186646528 GB
0: Max memory allocated after optimizer step: 0.169348608 GB 0.186646528 GB
0: Max memory allocated after optimizer step: 0.169348608 GB 0.186646528 GB
0: Max memory allocated after optimizer step: 0.169348608 GB 0.186646528 GB
0: Max memory allocated after optimizer step: 0.169348608 GB 0.186646528 GB
0: Max memory allocated after optimizer step: 0.169348608 GB 0.186646528 GB
0: Max memory allocated after optimizer step: 0.169348608 GB 0.186646528 GB
0: Max memory allocated after optimizer step: 0.169348608 GB 0.186646528 GB
0: Max memory allocated after optimizer step: 0.169348608 GB 0.186646528 GB
0: Max memory allocated after optimizer step: 0.169348608 GB 0.186646528 GB
0: Max memory allocated after optimizer step: 0.169348608 GB 0.186646528 GB
0: Max memory allocated after optimizer step: 0.169348608 GB 0.186646528 GB
0: Max memory allocated after optimizer step: 0.169348608 GB 0.186646528 GB
0: Max memory allocated after optimizer step: 0.169348608 GB 0.186646528 GB
0: Max memory allocated after optimizer step: 0.169348608 GB 0.186646528 GB
0: Max memory allocated after optimizer step: 0.169348608 GB 0.186646528 GB
0: Max memory allocated after optimizer step: 0.169348608 GB 0.186646528 GB
0: Max memory allocated after optimizer step: 0.169348608 GB 0.186646528 GB
0: Max memory allocated after optimizer step: 0.169348608 GB 0.186646528 GB
0: Max memory allocated after optimizer step: 0.169348608 GB 0.186646528 GB
0: Max memory allocated after optimizer step: 0.169348608 GB 0.186646528 GB
0: Max memory allocated after optimizer step: 0.169348608 GB 0.186646528 GB
0: Max memory allocated after optimizer step: 0.169348608 GB 0.186646528 GB
0: Max memory allocated after optimizer step: 0.169348608 GB 0.186646528 GB
0: Max memory allocated after optimizer step: 0.169348608 GB 0.186646528 GB
0: Max memory allocated after optimizer step: 0.169348608 GB 0.186646528 GB
0: Max memory allocated after optimizer step: 0.169348608 GB 0.186646528 GB
0: Max memory allocated after optimizer step: 0.169348608 GB 0.186646528 GB
0: Max memory allocated after optimizer step: 0.169348608 GB 0.186646528 GB
0: Max memory allocated after optimizer step: 0.169348608 GB 0.186646528 GB
0: Max memory allocated after optimizer step: 0.169348608 GB 0.186646528 GB
0: Max memory allocated after optimizer step: 0.169348608 GB 0.186646528 GB
0: Max memory allocated after optimizer step: 0.169348608 GB 0.186646528 GB
0: Max memory allocated after optimizer step: 0.169348608 GB 0.186646528 GB
0: Max memory allocated after optimizer step: 0.169348608 GB 0.186646528 GB
0: Max memory allocated after optimizer step: 0.169348608 GB 0.186646528 GB
0: Max memory allocated after optimizer step: 0.169348608 GB 0.186646528 GB
0: Max memory allocated after optimizer step: 0.169348608 GB 0.186646528 GB
0: Max memory allocated after optimizer step: 0.169348608 GB 0.186646528 GB
0: Max memory allocated after optimizer step: 0.169348608 GB 0.186646528 GB
0: Max memory allocated after optimizer step: 0.169348608 GB 0.186646528 GB
0: Max memory allocated after optimizer step: 0.169348608 GB 0.186646528 GB
0: Max memory allocated after optimizer step: 0.169348608 GB 0.186646528 GB
0: Max memory allocated after optimizer step: 0.169348608 GB 0.186646528 GB
0: Max memory allocated after optimizer step: 0.169348608 GB 0.186646528 GB
0: Max memory allocated after optimizer step: 0.169348608 GB 0.186646528 GB
0: Max memory allocated after optimizer step: 0.169348608 GB 0.186646528 GB
0: Max memory allocated after optimizer step: 0.169348608 GB 0.186646528 GB
0: Max memory allocated after optimizer step: 0.169348608 GB 0.186646528 GB
0: Max memory allocated after optimizer step: 0.169348608 GB 0.186646528 GB
0: Max memory allocated after optimizer step: 0.169348608 GB 0.186646528 GB
0: Max memory allocated after optimizer step: 0.169348608 GB 0.186646528 GB
0: Max memory allocated after optimizer step: 0.169348608 GB 0.186646528 GB
0: Max memory allocated after optimizer step: 0.169348608 GB 0.186646528 GB
0: Max memory allocated after optimizer step: 0.169348608 GB 0.186646528 GB
0: Max memory allocated after optimizer step: 0.169348608 GB 0.186646528 GB
0: Max memory allocated after optimizer step: 0.169348608 GB 0.186646528 GB
0: Max memory allocated after optimizer step: 0.169348608 GB 0.186646528 GB
0: Max memory allocated after optimizer step: 0.169348608 GB 0.186646528 GB
0: Max memory allocated after optimizer step: 0.169348608 GB 0.186646528 GB
0: Max memory allocated after optimizer step: 0.169348608 GB 0.186646528 GB
0: Max memory allocated after optimizer step: 0.169348608 GB 0.186646528 GB
0: Max memory allocated after optimizer step: 0.169348608 GB 0.186646528 GB
0: Max memory allocated after optimizer step: 0.169348608 GB 0.186646528 GB
0: Max memory allocated after optimizer step: 0.169348608 GB 0.186646528 GB
0: Max memory allocated after optimizer step: 0.169348608 GB 0.186646528 GB
0: Max memory allocated after optimizer step: 0.169348608 GB 0.186646528 GB
0: Max memory allocated after optimizer step: 0.169348608 GB 0.186646528 GB
0: Max memory allocated after optimizer step: 0.169348608 GB 0.186646528 GB
0: Max memory allocated after optimizer step: 0.169348608 GB 0.186646528 GB
0: Max memory allocated after optimizer step: 0.169348608 GB 0.186646528 GB
0: Max memory allocated after optimizer step: 0.169348608 GB 0.186646528 GB
0: Max memory allocated after optimizer step: 0.169348608 GB 0.186646528 GB
0: Max memory allocated after optimizer step: 0.169348608 GB 0.186646528 GB
0: Max memory allocated after optimizer step: 0.169348608 GB 0.186646528 GB
0: Max memory allocated after optimizer step: 0.169348608 GB 0.186646528 GB
0: Max memory allocated after optimizer step: 0.169348608 GB 0.186646528 GB
0: Max memory allocated after optimizer step: 0.169348608 GB 0.186646528 GB
0: Max memory allocated after optimizer step: 0.169348608 GB 0.186646528 GB
0: Max memory allocated after optimizer step: 0.169348608 GB 0.186646528 GB
0: Max memory allocated after optimizer step: 0.169348608 GB 0.186646528 GB
0: Max memory allocated after optimizer step: 0.169348608 GB 0.186646528 GB
0: Max memory allocated after optimizer step: 0.169348608 GB 0.186646528 GB
0: Max memory allocated after optimizer step: 0.169348608 GB 0.186646528 GB
0: Max memory allocated after optimizer step: 0.169348608 GB 0.186646528 GB
0: Max memory allocated after optimizer step: 0.169348608 GB 0.186646528 GB
0: Max memory allocated after optimizer step: 0.169348608 GB 0.186646528 GB
0: Max memory allocated after optimizer step: 0.169348608 GB 0.186646528 GB
0: Max memory allocated after optimizer step: 0.169348608 GB 0.186646528 GB
0: Max memory allocated after optimizer step: 0.169348608 GB 0.186646528 GB
0: Max memory allocated after optimizer step: 0.169348608 GB 0.186646528 GB
0: Max memory allocated after optimizer step: 0.169348608 GB 0.186646528 GB
0: Max memory allocated after optimizer step: 0.169348608 GB 0.186646528 GB
0: Max memory allocated after optimizer step: 0.169348608 GB 0.186646528 GB
0: Max memory allocated after optimizer step: 0.169348608 GB 0.186646528 GB
0: Max memory allocated after optimizer step: 0.169348608 GB 0.186646528 GB
0: Max memory allocated after optimizer step: 0.169348608 GB 0.186646528 GB
0: Max memory allocated after optimizer step: 0.169348608 GB 0.186646528 GB
0: Max memory allocated after optimizer step: 0.169348608 GB 0.186646528 GB
0: Max memory allocated after optimizer step: 0.169348608 GB 0.186646528 GB
0: Max memory allocated after optimizer step: 0.169348608 GB 0.186646528 GB
0: Max memory allocated after optimizer step: 0.169348608 GB 0.186646528 GB
0: Max memory allocated after optimizer step: 0.169348608 GB 0.186646528 GB
0: Max memory allocated after optimizer step: 0.169348608 GB 0.186646528 GB
0: Max memory allocated after optimizer step: 0.169348608 GB 0.186646528 GB
0: Max memory allocated after optimizer step: 0.169348608 GB 0.186646528 GB
0: Max memory allocated after optimizer step: 0.169348608 GB 0.186646528 GB
0: Max memory allocated after optimizer step: 0.169348608 GB 0.186646528 GB
0: Max memory allocated after optimizer step: 0.169348608 GB 0.186646528 GB
0: Max memory allocated after optimizer step: 0.169348608 GB 0.186646528 GB
0: Max memory allocated after optimizer step: 0.169348608 GB 0.186646528 GB
0: Max memory allocated after optimizer step: 0.169348608 GB 0.186646528 GB
0: Max memory allocated after optimizer step: 0.169348608 GB 0.186646528 GB
0: Max memory allocated after optimizer step: 0.169348608 GB 0.186646528 GB
0: Max memory allocated after optimizer step: 0.169348608 GB 0.186646528 GB
0: Max memory allocated after optimizer step: 0.169348608 GB 0.186646528 GB
0: Max memory allocated after optimizer step: 0.169348608 GB 0.186646528 GB
0: Max memory allocated after optimizer step: 0.169348608 GB 0.186646528 GB
0: Max memory allocated after optimizer step: 0.169348608 GB 0.186646528 GB
0: Max memory allocated after optimizer step: 0.169348608 GB 0.186646528 GB
0: Max memory allocated after optimizer step: 0.169348608 GB 0.186646528 GB
0: Max memory allocated after optimizer step: 0.169348608 GB 0.186646528 GB
0: Max memory allocated after optimizer step: 0.169348608 GB 0.186646528 GB
0: Max memory allocated after optimizer step: 0.169348608 GB 0.186646528 GB
0: Max memory allocated after optimizer step: 0.169348608 GB 0.186646528 GB
0: Max memory allocated after optimizer step: 0.169348608 GB 0.186646528 GB
0: Max memory allocated after optimizer step: 0.169348608 GB 0.186646528 GB
0: Max memory allocated after optimizer step: 0.169348608 GB 0.186646528 GB
0: Max memory allocated after optimizer step: 0.169348608 GB 0.186646528 GB
0: Max memory allocated after optimizer step: 0.169348608 GB 0.186646528 GB
0: Max memory allocated after optimizer step: 0.169348608 GB 0.186646528 GB
0: Max memory allocated after optimizer step: 0.169348608 GB 0.186646528 GB
0: Max memory allocated after optimizer step: 0.169348608 GB 0.186646528 GB
0: Max memory allocated after optimizer step: 0.169348608 GB 0.186646528 GB
0: Max memory allocated after optimizer step: 0.169348608 GB 0.186646528 GB
0: Max memory allocated after optimizer step: 0.169348608 GB 0.186646528 GB
0: Max memory allocated after optimizer step: 0.169348608 GB 0.186646528 GB
0: Max memory allocated after optimizer step: 0.169348608 GB 0.186646528 GB
0: Max memory allocated after optimizer step: 0.169348608 GB 0.186646528 GB
0: Max memory allocated after optimizer step: 0.169348608 GB 0.186646528 GB
0: Max memory allocated after optimizer step: 0.169348608 GB 0.186646528 GB
0: Max memory allocated after optimizer step: 0.169348608 GB 0.186646528 GB
0: Max memory allocated after optimizer step: 0.169348608 GB 0.186646528 GB
0: Max memory allocated after optimizer step: 0.169348608 GB 0.186646528 GB
0: Max memory allocated after optimizer step: 0.169348608 GB 0.186646528 GB
0: Max memory allocated after optimizer step: 0.169348608 GB 0.186646528 GB
0: Max memory allocated after optimizer step: 0.169348608 GB 0.186646528 GB
0: Max memory allocated after optimizer step: 0.169348608 GB 0.186646528 GB
0: Max memory allocated after optimizer step: 0.169348608 GB 0.186646528 GB
0: Max memory allocated after optimizer step: 0.169348608 GB 0.186646528 GB
0: Max memory allocated after optimizer step: 0.169348608 GB 0.186646528 GB
0: Max memory allocated after optimizer step: 0.169348608 GB 0.186646528 GB
0: Max memory allocated after optimizer step: 0.169348608 GB 0.186646528 GB
0: Max memory allocated after optimizer step: 0.169348608 GB 0.186646528 GB
0: Max memory allocated after optimizer step: 0.169348608 GB 0.186646528 GB
0: Max memory allocated after optimizer step: 0.169348608 GB 0.186646528 GB
0: Max memory allocated after optimizer step: 0.169348608 GB 0.186646528 GB
0: Max memory allocated after optimizer step: 0.169348608 GB 0.186646528 GB
0: Max memory allocated after optimizer step: 0.169348608 GB 0.186646528 GB
0: Max memory allocated after optimizer step: 0.169348608 GB 0.186646528 GB
0: Max memory allocated after optimizer step: 0.169348608 GB 0.186646528 GB
0: Max memory allocated after optimizer step: 0.169348608 GB 0.186646528 GB
0: Max memory allocated after optimizer step: 0.169348608 GB 0.186646528 GB
0: Max memory allocated after optimizer step: 0.169348608 GB 0.186646528 GB
0: Max memory allocated after optimizer step: 0.169348608 GB 0.186646528 GB
0: Max memory allocated after optimizer step: 0.169348608 GB 0.186646528 GB
0: Max memory allocated after optimizer step: 0.169348608 GB 0.186646528 GB
0: Max memory allocated after optimizer step: 0.169348608 GB 0.186646528 GB
0: Max memory allocated after optimizer step: 0.169348608 GB 0.186646528 GB
0: Max memory allocated after optimizer step: 0.169348608 GB 0.186646528 GB
0: Max memory allocated after optimizer step: 0.169348608 GB 0.186646528 GB
0: Max memory allocated after optimizer step: 0.169348608 GB 0.186646528 GB
0: Max memory allocated after optimizer step: 0.169348608 GB 0.186646528 GB
0: Max memory allocated after optimizer step: 0.169348608 GB 0.186646528 GB
0: Max memory allocated after optimizer step: 0.169348608 GB 0.186646528 GB
0: Max memory allocated after optimizer step: 0.169348608 GB 0.186646528 GB
0: Max memory allocated after optimizer step: 0.169348608 GB 0.186646528 GB
0: Max memory allocated after optimizer step: 0.169348608 GB 0.186646528 GB
0: Max memory allocated after optimizer step: 0.169348608 GB 0.186646528 GB
0: Max memory allocated after optimizer step: 0.169348608 GB 0.186646528 GB
0: Max memory allocated after optimizer step: 0.169348608 GB 0.186646528 GB
0: Max memory allocated after optimizer step: 0.169348608 GB 0.186646528 GB
0: Max memory allocated after optimizer step: 0.169348608 GB 0.186646528 GB
0: Max memory allocated after optimizer step: 0.169348608 GB 0.186646528 GB
0: Max memory allocated after optimizer step: 0.169348608 GB 0.186646528 GB
0: Max memory allocated after optimizer step: 0.169348608 GB 0.186646528 GB
0: Max memory allocated after optimizer step: 0.169348608 GB 0.186646528 GB
0: Max memory allocated after optimizer step: 0.169348608 GB 0.186646528 GB
0: Max memory allocated after optimizer step: 0.169348608 GB 0.186646528 GB
0: Max memory allocated after optimizer step: 0.169348608 GB 0.186646528 GB
0: Max memory allocated after optimizer step: 0.169348608 GB 0.186646528 GB
0: Max memory allocated after optimizer step: 0.169348608 GB 0.186646528 GB
0: Max memory allocated after optimizer step: 0.169348608 GB 0.186646528 GB
0: Max memory allocated after optimizer step: 0.169348608 GB 0.186646528 GB
0: Max memory allocated after optimizer step: 0.169348608 GB 0.186646528 GB
0: Max memory allocated after optimizer step: 0.169348608 GB 0.186646528 GB
0: Max memory allocated after optimizer step: 0.169348608 GB 0.186646528 GB
0: Max memory allocated after optimizer step: 0.169348608 GB 0.186646528 GB
0: Max memory allocated after optimizer step: 0.169348608 GB 0.186646528 GB
0: Max memory allocated after optimizer step: 0.169348608 GB 0.186646528 GB
0: Max memory allocated after optimizer step: 0.169348608 GB 0.186646528 GB
0: Max memory allocated after optimizer step: 0.169348608 GB 0.186646528 GB
0: Max memory allocated after optimizer step: 0.169348608 GB 0.186646528 GB
0: Max memory allocated after optimizer step: 0.169348608 GB 0.186646528 GB
0: Max memory allocated after optimizer step: 0.169348608 GB 0.186646528 GB
0: Max memory allocated after optimizer step: 0.169348608 GB 0.186646528 GB
0: Max memory allocated after optimizer step: 0.169348608 GB 0.186646528 GB
0: Max memory allocated after optimizer step: 0.169348608 GB 0.186646528 GB
0: Max memory allocated after optimizer step: 0.169348608 GB 0.186646528 GB
0: Max memory allocated after optimizer step: 0.169348608 GB 0.186646528 GB
0: Max memory allocated after optimizer step: 0.169348608 GB 0.186646528 GB
0: Max memory allocated after optimizer step: 0.169348608 GB 0.186646528 GB
0: Max memory allocated after optimizer step: 0.169348608 GB 0.186646528 GB
0: Max memory allocated after optimizer step: 0.169348608 GB 0.186646528 GB
0: Max memory allocated after optimizer step: 0.169348608 GB 0.186646528 GB
0: Max memory allocated after optimizer step: 0.169348608 GB 0.186646528 GB
0: Max memory allocated after optimizer step: 0.169348608 GB 0.186646528 GB
0: Max memory allocated after optimizer step: 0.169348608 GB 0.186646528 GB
0: Max memory allocated after optimizer step: 0.169348608 GB 0.186646528 GB
0: Max memory allocated after optimizer step: 0.169348608 GB 0.186646528 GB
0: Max memory allocated after optimizer step: 0.169348608 GB 0.186646528 GB
0: Max memory allocated after optimizer step: 0.169348608 GB 0.186646528 GB
0: Max memory allocated after optimizer step: 0.169348608 GB 0.186646528 GB
0: Max memory allocated after optimizer step: 0.169348608 GB 0.186646528 GB
0: Max memory allocated after optimizer step: 0.169348608 GB 0.186646528 GB
0: Max memory allocated after optimizer step: 0.169348608 GB 0.186646528 GB
0: Max memory allocated after optimizer step: 0.169348608 GB 0.186646528 GB
0: Max memory allocated after optimizer step: 0.169348608 GB 0.186646528 GB
0: Max memory allocated after optimizer step: 0.169348608 GB 0.186646528 GB
0: Max memory allocated after optimizer step: 0.169348608 GB 0.186646528 GB
0: Max memory allocated after optimizer step: 0.169348608 GB 0.186646528 GB
0: Max memory allocated after optimizer step: 0.169348608 GB 0.186646528 GB
0: Max memory allocated after optimizer step: 0.169348608 GB 0.186646528 GB
0: Max memory allocated after optimizer step: 0.169348608 GB 0.186646528 GB
0: Max memory allocated after optimizer step: 0.169348608 GB 0.186646528 GB
0: Max memory allocated after optimizer step: 0.169348608 GB 0.186646528 GB
0: Max memory allocated after optimizer step: 0.169348608 GB 0.186646528 GB
0: Max memory allocated after optimizer step: 0.169348608 GB 0.186646528 GB
0: Max memory allocated after optimizer step: 0.169348608 GB 0.186646528 GB
0: Max memory allocated after optimizer step: 0.169348608 GB 0.186646528 GB
0: Max memory allocated after optimizer step: 0.169348608 GB 0.186646528 GB
0: Max memory allocated after optimizer step: 0.169348608 GB 0.186646528 GB
0: Max memory allocated after optimizer step: 0.169348608 GB 0.186646528 GB
0: Max memory allocated after optimizer step: 0.169348608 GB 0.186646528 GB
0: Max memory allocated after optimizer step: 0.169348608 GB 0.186646528 GB
0: Max memory allocated after optimizer step: 0.169348608 GB 0.186646528 GB
0: Max memory allocated after optimizer step: 0.169348608 GB 0.186646528 GB
0: Max memory allocated after optimizer step: 0.169348608 GB 0.186646528 GB
0: Max memory allocated after optimizer step: 0.169348608 GB 0.186646528 GB
0: Max memory allocated after optimizer step: 0.169348608 GB 0.186646528 GB
0: Max memory allocated after optimizer step: 0.169348608 GB 0.186646528 GB
0: Max memory allocated after optimizer step: 0.169348608 GB 0.186646528 GB
0: Max memory allocated after optimizer step: 0.169348608 GB 0.186646528 GB
0: Max memory allocated after optimizer step: 0.169348608 GB 0.186646528 GB
0: Max memory allocated after optimizer step: 0.169348608 GB 0.186646528 GB
0: Max memory allocated after optimizer step: 0.169348608 GB 0.186646528 GB
0: Max memory allocated after optimizer step: 0.169348608 GB 0.186646528 GB
0: Max memory allocated after optimizer step: 0.169348608 GB 0.186646528 GB
0: Max memory allocated after optimizer step: 0.169348608 GB 0.186646528 GB
0: Max memory allocated after optimizer step: 0.169348608 GB 0.186646528 GB
0: Max memory allocated after optimizer step: 0.169348608 GB 0.186646528 GB
0: Max memory allocated after optimizer step: 0.169348608 GB 0.186646528 GB
0: Max memory allocated after optimizer step: 0.169348608 GB 0.186646528 GB
0: Max memory allocated after optimizer step: 0.169348608 GB 0.186646528 GB
0: Max memory allocated after optimizer step: 0.169348608 GB 0.186646528 GB
0: Max memory allocated after optimizer step: 0.169348608 GB 0.186646528 GB
0: Max memory allocated after optimizer step: 0.169348608 GB 0.186646528 GB
0: Max memory allocated after optimizer step: 0.169348608 GB 0.186646528 GB
0: Max memory allocated after optimizer step: 0.169348608 GB 0.186646528 GB
0: Max memory allocated after optimizer step: 0.169348608 GB 0.186646528 GB
0: Max memory allocated after optimizer step: 0.169348608 GB 0.186646528 GB
0: Max memory allocated after optimizer step: 0.169348608 GB 0.186646528 GB
0: Max memory allocated after optimizer step: 0.169348608 GB 0.186646528 GB
0: Max memory allocated after optimizer step: 0.169348608 GB 0.186646528 GB
0: Max memory allocated after optimizer step: 0.169348608 GB 0.186646528 GB
0: Max memory allocated after optimizer step: 0.169348608 GB 0.186646528 GB
0: Max memory allocated after optimizer step: 0.169348608 GB 0.186646528 GB
0: Max memory allocated after optimizer step: 0.169348608 GB 0.186646528 GB
0: Max memory allocated after optimizer step: 0.169348608 GB 0.186646528 GB
0: Max memory allocated after optimizer step: 0.169348608 GB 0.186646528 GB
0: Max memory allocated after optimizer step: 0.169348608 GB 0.186646528 GB
0: Max memory allocated after optimizer step: 0.169348608 GB 0.186646528 GB
0: Max memory allocated after optimizer step: 0.169348608 GB 0.186646528 GB
0: Max memory allocated after optimizer step: 0.169348608 GB 0.186646528 GB
0: Max memory allocated after optimizer step: 0.169348608 GB 0.186646528 GB
0: Max memory allocated after optimizer step: 0.169348608 GB 0.186646528 GB
0: Max memory allocated after optimizer step: 0.169348608 GB 0.186646528 GB
0: Max memory allocated after optimizer step: 0.169348608 GB 0.186646528 GB
0: Max memory allocated after optimizer step: 0.169348608 GB 0.186646528 GB
0: Max memory allocated after optimizer step: 0.169348608 GB 0.186646528 GB
0: Max memory allocated after optimizer step: 0.169348608 GB 0.186646528 GB
0: Max memory allocated after optimizer step: 0.169348608 GB 0.186646528 GB
0: Max memory allocated after optimizer step: 0.169348608 GB 0.186646528 GB
0: Max memory allocated after optimizer step: 0.169348608 GB 0.186646528 GB
0: Max memory allocated after optimizer step: 0.169348608 GB 0.186646528 GB
0: Max memory allocated after optimizer step: 0.169348608 GB 0.186646528 GB
0: Max memory allocated after optimizer step: 0.169348608 GB 0.186646528 GB
0: Max memory allocated after optimizer step: 0.169348608 GB 0.186646528 GB
0: Max memory allocated after optimizer step: 0.169348608 GB 0.186646528 GB
0: Max memory allocated after optimizer step: 0.169348608 GB 0.186646528 GB
0: Max memory allocated after optimizer step: 0.169348608 GB 0.186646528 GB
0: Max memory allocated after optimizer step: 0.169348608 GB 0.186646528 GB
0: Max memory allocated after optimizer step: 0.169348608 GB 0.186646528 GB
0: Max memory allocated after optimizer step: 0.169348608 GB 0.186646528 GB
0: Max memory allocated after optimizer step: 0.169348608 GB 0.186646528 GB
0: Max memory allocated after optimizer step: 0.169348608 GB 0.186646528 GB
0: Max memory allocated after optimizer step: 0.169348608 GB 0.186646528 GB
0: Max memory allocated after optimizer step: 0.169348608 GB 0.186646528 GB
0: Max memory allocated after optimizer step: 0.169348608 GB 0.186646528 GB
0: Max memory allocated after optimizer step: 0.169348608 GB 0.186646528 GB
0: Max memory allocated after optimizer step: 0.169348608 GB 0.186646528 GB
0: Max memory allocated after optimizer step: 0.169348608 GB 0.186646528 GB
0: Max memory allocated after optimizer step: 0.169348608 GB 0.186646528 GB
0: Max memory allocated after optimizer step: 0.169348608 GB 0.186646528 GB
0: Max memory allocated after optimizer step: 0.169348608 GB 0.186646528 GB
0: Max memory allocated after optimizer step: 0.169348608 GB 0.186646528 GB
0: Max memory allocated after optimizer step: 0.169348608 GB 0.186646528 GB
0: Max memory allocated after optimizer step: 0.169348608 GB 0.186646528 GB
0: Max memory allocated after optimizer step: 0.169348608 GB 0.186646528 GB
0: Max memory allocated after optimizer step: 0.169348608 GB 0.186646528 GB
0: Max memory allocated after optimizer step: 0.169348608 GB 0.186646528 GB
0: Max memory allocated after optimizer step: 0.169348608 GB 0.186646528 GB
0: Max memory allocated after optimizer step: 0.169348608 GB 0.186646528 GB
0: Max memory allocated after optimizer step: 0.169348608 GB 0.186646528 GB
0: Max memory allocated after optimizer step: 0.169348608 GB 0.186646528 GB
0: Max memory allocated after optimizer step: 0.169348608 GB 0.186646528 GB
0: Max memory allocated after optimizer step: 0.169348608 GB 0.186646528 GB
0: Max memory allocated after optimizer step: 0.169348608 GB 0.186646528 GB
0: Max memory allocated after optimizer step: 0.169348608 GB 0.186646528 GB
0: Max memory allocated after optimizer step: 0.169348608 GB 0.186646528 GB
0: Max memory allocated after optimizer step: 0.169348608 GB 0.186646528 GB
0: Max memory allocated after optimizer step: 0.169348608 GB 0.186646528 GB
0: Max memory allocated after optimizer step: 0.169348608 GB 0.186646528 GB
0: Max memory allocated after optimizer step: 0.169348608 GB 0.186646528 GB
0: Max memory allocated after optimizer step: 0.169348608 GB 0.186646528 GB
0: Max memory allocated after optimizer step: 0.169348608 GB 0.186646528 GB
0: Max memory allocated after optimizer step: 0.169348608 GB 0.186646528 GB
0: Max memory allocated after optimizer step: 0.169348608 GB 0.186646528 GB
0: Max memory allocated after optimizer step: 0.169348608 GB 0.186646528 GB
0: Max memory allocated after optimizer step: 0.169348608 GB 0.186646528 GB
0: Max memory allocated after optimizer step: 0.169348608 GB 0.186646528 GB
0: Max memory allocated after optimizer step: 0.169348608 GB 0.186646528 GB
0: Max memory allocated after optimizer step: 0.169348608 GB 0.186646528 GB
0: Max memory allocated after optimizer step: 0.169348608 GB 0.186646528 GB
0: Max memory allocated after optimizer step: 0.169348608 GB 0.186646528 GB
0: Max memory allocated after optimizer step: 0.169348608 GB 0.186646528 GB
0: Max memory allocated after optimizer step: 0.169348608 GB 0.186646528 GB
0: Max memory allocated after optimizer step: 0.169348608 GB 0.186646528 GB
0: Max memory allocated after optimizer step: 0.169348608 GB 0.186646528 GB
0: Max memory allocated after optimizer step: 0.169348608 GB 0.186646528 GB
0: Max memory allocated after optimizer step: 0.169348608 GB 0.186646528 GB
0: Max memory allocated after optimizer step: 0.169348608 GB 0.186646528 GB
0: Max memory allocated after optimizer step: 0.169348608 GB 0.186646528 GB
0: Max memory allocated after optimizer step: 0.169348608 GB 0.186646528 GB
0: Max memory allocated after optimizer step: 0.169348608 GB 0.186646528 GB
0: Max memory allocated after optimizer step: 0.169348608 GB 0.186646528 GB
0: Max memory allocated after optimizer step: 0.169348608 GB 0.186646528 GB
0: Max memory allocated after optimizer step: 0.169348608 GB 0.186646528 GB
0: Max memory allocated after optimizer step: 0.169348608 GB 0.186646528 GB
0: Max memory allocated after optimizer step: 0.169348608 GB 0.186646528 GB
0: Max memory allocated after optimizer step: 0.169348608 GB 0.186646528 GB
0: Max memory allocated after optimizer step: 0.169348608 GB 0.186646528 GB
0: Max memory allocated after optimizer step: 0.169348608 GB 0.186646528 GB
0: Max memory allocated after optimizer step: 0.169348608 GB 0.186646528 GB
0: Max memory allocated after optimizer step: 0.169348608 GB 0.186646528 GB
0: Max memory allocated after optimizer step: 0.169348608 GB 0.186646528 GB
0: Max memory allocated after optimizer step: 0.169348608 GB 0.186646528 GB
0: Max memory allocated after optimizer step: 0.169348608 GB 0.186646528 GB
0: Max memory allocated after optimizer step: 0.169348608 GB 0.186646528 GB
0: Max memory allocated after optimizer step: 0.169348608 GB 0.186646528 GB
0: Max memory allocated after optimizer step: 0.169348608 GB 0.186646528 GB
0: Max memory allocated after optimizer step: 0.169348608 GB 0.186646528 GB
0: Max memory allocated after optimizer step: 0.169348608 GB 0.186646528 GB
0: Max memory allocated after optimizer step: 0.169348608 GB 0.186646528 GB
0: Max memory allocated after optimizer step: 0.169348608 GB 0.186646528 GB
0: Max memory allocated after optimizer step: 0.169348608 GB 0.186646528 GB
0: Max memory allocated after optimizer step: 0.169348608 GB 0.186646528 GB
0: Max memory allocated after optimizer step: 0.169348608 GB 0.186646528 GB
0: Max memory allocated after optimizer step: 0.169348608 GB 0.186646528 GB
0: Max memory allocated after optimizer step: 0.169348608 GB 0.186646528 GB
0: Max memory allocated after optimizer step: 0.169348608 GB 0.186646528 GB
0: Max memory allocated after optimizer step: 0.169348608 GB 0.186646528 GB
0: Max memory allocated after optimizer step: 0.169348608 GB 0.186646528 GB
0: Max memory allocated after optimizer step: 0.169348608 GB 0.186646528 GB
0: Max memory allocated after optimizer step: 0.169348608 GB 0.186646528 GB
0: Max memory allocated after optimizer step: 0.169348608 GB 0.186646528 GB
0: Max memory allocated after optimizer step: 0.169348608 GB 0.186646528 GB
0: Max memory allocated after optimizer step: 0.169348608 GB 0.186646528 GB
0: Max memory allocated after optimizer step: 0.169348608 GB 0.186646528 GB
0: Max memory allocated after optimizer step: 0.169348608 GB 0.186646528 GB
0: Max memory allocated after optimizer step: 0.169348608 GB 0.186646528 GB
0: Max memory allocated after optimizer step: 0.169348608 GB 0.186646528 GB
0: Max memory allocated after optimizer step: 0.169348608 GB 0.186646528 GB
0: Max memory allocated after optimizer step: 0.169348608 GB 0.186646528 GB
0: Max memory allocated after optimizer step: 0.169348608 GB 0.186646528 GB
0: Max memory allocated after optimizer step: 0.169348608 GB 0.186646528 GB
0: Max memory allocated after optimizer step: 0.169348608 GB 0.186646528 GB
0: Max memory allocated after optimizer step: 0.169348608 GB 0.186646528 GB
0: Max memory allocated after optimizer step: 0.169348608 GB 0.186646528 GB
0: Max memory allocated after optimizer step: 0.169348608 GB 0.186646528 GB
0: Max memory allocated after optimizer step: 0.169348608 GB 0.186646528 GB
0: Max memory allocated after optimizer step: 0.169348608 GB 0.186646528 GB
0: Max memory allocated after optimizer step: 0.169348608 GB 0.186646528 GB
0: Max memory allocated after optimizer step: 0.169348608 GB 0.186646528 GB
0: Max memory allocated after optimizer step: 0.169348608 GB 0.186646528 GB
0: Max memory allocated after optimizer step: 0.169348608 GB 0.186646528 GB
0: Max memory allocated after optimizer step: 0.169348608 GB 0.186646528 GB
0: Max memory allocated after optimizer step: 0.169348608 GB 0.186646528 GB
0: Max memory allocated after optimizer step: 0.169348608 GB 0.186646528 GB
0: Max memory allocated after optimizer step: 0.169348608 GB 0.186646528 GB
0: Max memory allocated after optimizer step: 0.169348608 GB 0.186646528 GB
0: Max memory allocated after optimizer step: 0.169348608 GB 0.186646528 GB
0: Max memory allocated after optimizer step: 0.169348608 GB 0.186646528 GB
0: Max memory allocated after optimizer step: 0.169348608 GB 0.186646528 GB
0: Max memory allocated after optimizer step: 0.169348608 GB 0.186646528 GB
0: Max memory allocated after optimizer step: 0.169348608 GB 0.186646528 GB
0: Max memory allocated after optimizer step: 0.169348608 GB 0.186646528 GB
0: Max memory allocated after optimizer step: 0.169348608 GB 0.186646528 GB
0: Max memory allocated after optimizer step: 0.169348608 GB 0.186646528 GB
0: Max memory allocated after optimizer step: 0.169348608 GB 0.186646528 GB
0: Max memory allocated after optimizer step: 0.169348608 GB 0.186646528 GB
0: Max memory allocated after optimizer step: 0.169348608 GB 0.186646528 GB
0: Max memory allocated after optimizer step: 0.169348608 GB 0.186646528 GB
0: Max memory allocated after optimizer step: 0.169348608 GB 0.186646528 GB
0: Max memory allocated after optimizer step: 0.169348608 GB 0.186646528 GB
0: Max memory allocated after optimizer step: 0.169348608 GB 0.186646528 GB
0: Max memory allocated after optimizer step: 0.169348608 GB 0.186646528 GB
0: Max memory allocated after optimizer step: 0.169348608 GB 0.186646528 GB
0: Max memory allocated after optimizer step: 0.169348608 GB 0.186646528 GB
0: Max memory allocated after optimizer step: 0.169348608 GB 0.186646528 GB
0: Max memory allocated after optimizer step: 0.169348608 GB 0.186646528 GB
0: Max memory allocated after optimizer step: 0.169348608 GB 0.186646528 GB
0: Max memory allocated after optimizer step: 0.169348608 GB 0.186646528 GB
0: Max memory allocated after optimizer step: 0.169348608 GB 0.186646528 GB
0: Max memory allocated after optimizer step: 0.169348608 GB 0.186646528 GB
0: Max memory allocated after optimizer step: 0.169348608 GB 0.186646528 GB
0: Max memory allocated after optimizer step: 0.169348608 GB 0.186646528 GB
0: Max memory allocated after optimizer step: 0.169348608 GB 0.186646528 GB
0: Max memory allocated after optimizer step: 0.169348608 GB 0.186646528 GB
0: Max memory allocated after optimizer step: 0.169348608 GB 0.186646528 GB
0: Max memory allocated after optimizer step: 0.169348608 GB 0.186646528 GB
0: Max memory allocated after optimizer step: 0.169348608 GB 0.186646528 GB
0: Max memory allocated after optimizer step: 0.169348608 GB 0.186646528 GB
0: Max memory allocated after optimizer step: 0.169348608 GB 0.186646528 GB
0: Max memory allocated after optimizer step: 0.169348608 GB 0.186646528 GB
0: Max memory allocated after optimizer step: 0.169348608 GB 0.186646528 GB
0: Max memory allocated after optimizer step: 0.169348608 GB 0.186646528 GB
0: Max memory allocated after optimizer step: 0.169348608 GB 0.186646528 GB
0: Max memory allocated after optimizer step: 0.169348608 GB 0.186646528 GB
0: Max memory allocated after optimizer step: 0.169348608 GB 0.186646528 GB
0: Max memory allocated after optimizer step: 0.169348608 GB 0.186646528 GB
0: Max memory allocated after optimizer step: 0.169348608 GB 0.186646528 GB
0: Max memory allocated after optimizer step: 0.169348608 GB 0.186646528 GB
0: Max memory allocated after optimizer step: 0.169348608 GB 0.186646528 GB
0: Max memory allocated after optimizer step: 0.169348608 GB 0.186646528 GB
0: Max memory allocated after optimizer step: 0.169348608 GB 0.186646528 GB
0: Max memory allocated after optimizer step: 0.169348608 GB 0.186646528 GB
0: Max memory allocated after optimizer step: 0.169348608 GB 0.186646528 GB
0: Max memory allocated after optimizer step: 0.169348608 GB 0.186646528 GB
0: Max memory allocated after optimizer step: 0.169348608 GB 0.186646528 GB
0: Max memory allocated after optimizer step: 0.169348608 GB 0.186646528 GB
0: Max memory allocated after optimizer step: 0.169348608 GB 0.186646528 GB
0: Max memory allocated after optimizer step: 0.169348608 GB 0.186646528 GB
0: Max memory allocated after optimizer step: 0.169348608 GB 0.186646528 GB
0: Max memory allocated after optimizer step: 0.169348608 GB 0.186646528 GB
0: Max memory allocated after optimizer step: 0.169348608 GB 0.186646528 GB
0: Max memory allocated after optimizer step: 0.169348608 GB 0.186646528 GB
0: Max memory allocated after optimizer step: 0.169348608 GB 0.186646528 GB
0: Max memory allocated after optimizer step: 0.169348608 GB 0.186646528 GB
0: Max memory allocated after optimizer step: 0.169348608 GB 0.186646528 GB
0: Max memory allocated after optimizer step: 0.169348608 GB 0.186646528 GB
0: Max memory allocated after optimizer step: 0.169348608 GB 0.186646528 GB
0: Max memory allocated after optimizer step: 0.169348608 GB 0.186646528 GB
0: Max memory allocated after optimizer step: 0.169348608 GB 0.186646528 GB
0: Max memory allocated after optimizer step: 0.169348608 GB 0.186646528 GB
0: Max memory allocated after optimizer step: 0.169348608 GB 0.186646528 GB
0: Max memory allocated after optimizer step: 0.169348608 GB 0.186646528 GB
0: Max memory allocated after optimizer step: 0.169348608 GB 0.186646528 GB
0: Max memory allocated after optimizer step: 0.169348608 GB 0.186646528 GB
0: Max memory allocated after optimizer step: 0.169348608 GB 0.186646528 GB
0: Max memory allocated after optimizer step: 0.169348608 GB 0.186646528 GB
0: Max memory allocated after optimizer step: 0.169348608 GB 0.186646528 GB
0: Max memory allocated after optimizer step: 0.169348608 GB 0.186646528 GB
0: Max memory allocated after optimizer step: 0.169348608 GB 0.186646528 GB
0: Max memory allocated after optimizer step: 0.169348608 GB 0.186646528 GB
0: Max memory allocated after optimizer step: 0.169348608 GB 0.186646528 GB
0: Max memory allocated after optimizer step: 0.169348608 GB 0.186646528 GB
0: Max memory allocated after optimizer step: 0.169348608 GB 0.186646528 GB
0: Max memory allocated after optimizer step: 0.169348608 GB 0.186646528 GB
0: Max memory allocated after optimizer step: 0.169348608 GB 0.186646528 GB
0: Max memory allocated after optimizer step: 0.169348608 GB 0.186646528 GB
0: Max memory allocated after optimizer step: 0.169348608 GB 0.186646528 GB
0: Max memory allocated after optimizer step: 0.169348608 GB 0.186646528 GB
0: Max memory allocated after optimizer step: 0.169348608 GB 0.186646528 GB
0: Max memory allocated after optimizer step: 0.169348608 GB 0.186646528 GB
0: Max memory allocated after optimizer step: 0.169348608 GB 0.186646528 GB
0: Max memory allocated after optimizer step: 0.169348608 GB 0.186646528 GB
0: Max memory allocated after optimizer step: 0.169348608 GB 0.186646528 GB
0: Max memory allocated after optimizer step: 0.169348608 GB 0.186646528 GB
0: Max memory allocated after optimizer step: 0.169348608 GB 0.186646528 GB
0: Max memory allocated after optimizer step: 0.169348608 GB 0.186646528 GB
0: Max memory allocated after optimizer step: 0.169348608 GB 0.186646528 GB
0: Max memory allocated after optimizer step: 0.169348608 GB 0.186646528 GB
0: Max memory allocated after optimizer step: 0.169348608 GB 0.186646528 GB
0: Max memory allocated after optimizer step: 0.169348608 GB 0.186646528 GB
0: Max memory allocated after optimizer step: 0.169348608 GB 0.186646528 GB
0: Max memory allocated after optimizer step: 0.169348608 GB 0.186646528 GB
0: Epoch: 05, Train Loss: 0.00010981, Val Loss: 0.00008415, Test Loss: 0.00008265
0: Tasks Train Loss: [0.00010980680235661566]
0: Tasks Val Loss: [8.415464253630489e-05]
0: Tasks Test Loss: [8.265238284366205e-05]
0: Best Performance Metric: 0.000080
[precision-diagnostic] requested=fp32 model_param_dtype=torch.float32
[precision-diagnostic] first_batch_float_dtype=torch.float32
[precision-diagnostic] first_optimizer_state_float_dtype=torch.float32
0: Max memory allocated after optimizer step: 0.169348608 GB 0.186646528 GB
0: Max memory allocated after optimizer step: 0.169348608 GB 0.186646528 GB
0: Max memory allocated after optimizer step: 0.169348608 GB 0.186646528 GB
0: Max memory allocated after optimizer step: 0.169348608 GB 0.186646528 GB
0: Max memory allocated after optimizer step: 0.169348608 GB 0.186646528 GB
0: Max memory allocated after optimizer step: 0.169348608 GB 0.186646528 GB
0: Max memory allocated after optimizer step: 0.169348608 GB 0.186646528 GB
0: Max memory allocated after optimizer step: 0.169348608 GB 0.186646528 GB
0: Max memory allocated after optimizer step: 0.169348608 GB 0.186646528 GB
0: Max memory allocated after optimizer step: 0.169348608 GB 0.186646528 GB
0: Max memory allocated after optimizer step: 0.169348608 GB 0.186646528 GB
0: Max memory allocated after optimizer step: 0.169348608 GB 0.186646528 GB
0: Max memory allocated after optimizer step: 0.169348608 GB 0.186646528 GB
0: Max memory allocated after optimizer step: 0.169348608 GB 0.186646528 GB
0: Max memory allocated after optimizer step: 0.169348608 GB 0.186646528 GB
0: Max memory allocated after optimizer step: 0.169348608 GB 0.186646528 GB
0: Max memory allocated after optimizer step: 0.169348608 GB 0.186646528 GB
0: Max memory allocated after optimizer step: 0.169348608 GB 0.186646528 GB
0: Max memory allocated after optimizer step: 0.169348608 GB 0.186646528 GB
0: Max memory allocated after optimizer step: 0.169348608 GB 0.186646528 GB
0: Max memory allocated after optimizer step: 0.169348608 GB 0.186646528 GB
0: Max memory allocated after optimizer step: 0.169348608 GB 0.186646528 GB
0: Max memory allocated after optimizer step: 0.169348608 GB 0.186646528 GB
0: Max memory allocated after optimizer step: 0.169348608 GB 0.186646528 GB
0: Max memory allocated after optimizer step: 0.169348608 GB 0.186646528 GB
0: Max memory allocated after optimizer step: 0.169348608 GB 0.186646528 GB
0: Max memory allocated after optimizer step: 0.169348608 GB 0.186646528 GB
0: Max memory allocated after optimizer step: 0.169348608 GB 0.186646528 GB
0: Max memory allocated after optimizer step: 0.169348608 GB 0.186646528 GB
0: Max memory allocated after optimizer step: 0.169348608 GB 0.186646528 GB
0: Max memory allocated after optimizer step: 0.169348608 GB 0.186646528 GB
0: Max memory allocated after optimizer step: 0.169348608 GB 0.186646528 GB
0: Max memory allocated after optimizer step: 0.169348608 GB 0.186646528 GB
0: Max memory allocated after optimizer step: 0.169348608 GB 0.186646528 GB
0: Max memory allocated after optimizer step: 0.169348608 GB 0.186646528 GB
0: Max memory allocated after optimizer step: 0.169348608 GB 0.186646528 GB
0: Max memory allocated after optimizer step: 0.169348608 GB 0.186646528 GB
0: Max memory allocated after optimizer step: 0.169348608 GB 0.186646528 GB
0: Max memory allocated after optimizer step: 0.169348608 GB 0.186646528 GB
0: Max memory allocated after optimizer step: 0.169348608 GB 0.186646528 GB
0: Max memory allocated after optimizer step: 0.169348608 GB 0.186646528 GB
0: Max memory allocated after optimizer step: 0.169348608 GB 0.186646528 GB
0: Max memory allocated after optimizer step: 0.169348608 GB 0.186646528 GB
0: Max memory allocated after optimizer step: 0.169348608 GB 0.186646528 GB
0: Max memory allocated after optimizer step: 0.169348608 GB 0.186646528 GB
0: Max memory allocated after optimizer step: 0.169348608 GB 0.186646528 GB
0: Max memory allocated after optimizer step: 0.169348608 GB 0.186646528 GB
0: Max memory allocated after optimizer step: 0.169348608 GB 0.186646528 GB
0: Max memory allocated after optimizer step: 0.169348608 GB 0.186646528 GB
0: Max memory allocated after optimizer step: 0.169348608 GB 0.186646528 GB
0: Max memory allocated after optimizer step: 0.169348608 GB 0.186646528 GB
0: Max memory allocated after optimizer step: 0.169348608 GB 0.186646528 GB
0: Max memory allocated after optimizer step: 0.169348608 GB 0.186646528 GB
0: Max memory allocated after optimizer step: 0.169348608 GB 0.186646528 GB
0: Max memory allocated after optimizer step: 0.169348608 GB 0.186646528 GB
0: Max memory allocated after optimizer step: 0.169348608 GB 0.186646528 GB
0: Max memory allocated after optimizer step: 0.169348608 GB 0.186646528 GB
0: Max memory allocated after optimizer step: 0.169348608 GB 0.186646528 GB
0: Max memory allocated after optimizer step: 0.169348608 GB 0.186646528 GB
0: Max memory allocated after optimizer step: 0.169348608 GB 0.186646528 GB
0: Max memory allocated after optimizer step: 0.169348608 GB 0.186646528 GB
0: Max memory allocated after optimizer step: 0.169348608 GB 0.186646528 GB
0: Max memory allocated after optimizer step: 0.169348608 GB 0.186646528 GB
0: Max memory allocated after optimizer step: 0.169348608 GB 0.186646528 GB
0: Max memory allocated after optimizer step: 0.169348608 GB 0.186646528 GB
0: Max memory allocated after optimizer step: 0.169348608 GB 0.186646528 GB
0: Max memory allocated after optimizer step: 0.169348608 GB 0.186646528 GB
0: Max memory allocated after optimizer step: 0.169348608 GB 0.186646528 GB
0: Max memory allocated after optimizer step: 0.169348608 GB 0.186646528 GB
0: Max memory allocated after optimizer step: 0.169348608 GB 0.186646528 GB
0: Max memory allocated after optimizer step: 0.169348608 GB 0.186646528 GB
0: Max memory allocated after optimizer step: 0.169348608 GB 0.186646528 GB
0: Max memory allocated after optimizer step: 0.169348608 GB 0.186646528 GB
0: Max memory allocated after optimizer step: 0.169348608 GB 0.186646528 GB
0: Max memory allocated after optimizer step: 0.169348608 GB 0.186646528 GB
0: Max memory allocated after optimizer step: 0.169348608 GB 0.186646528 GB
0: Max memory allocated after optimizer step: 0.169348608 GB 0.186646528 GB
0: Max memory allocated after optimizer step: 0.169348608 GB 0.186646528 GB
0: Max memory allocated after optimizer step: 0.169348608 GB 0.186646528 GB
0: Max memory allocated after optimizer step: 0.169348608 GB 0.186646528 GB
0: Max memory allocated after optimizer step: 0.169348608 GB 0.186646528 GB
0: Max memory allocated after optimizer step: 0.169348608 GB 0.186646528 GB
0: Max memory allocated after optimizer step: 0.169348608 GB 0.186646528 GB
0: Max memory allocated after optimizer step: 0.169348608 GB 0.186646528 GB
0: Max memory allocated after optimizer step: 0.169348608 GB 0.186646528 GB
0: Max memory allocated after optimizer step: 0.169348608 GB 0.186646528 GB
0: Max memory allocated after optimizer step: 0.169348608 GB 0.186646528 GB
0: Max memory allocated after optimizer step: 0.169348608 GB 0.186646528 GB
0: Max memory allocated after optimizer step: 0.169348608 GB 0.186646528 GB
0: Max memory allocated after optimizer step: 0.169348608 GB 0.186646528 GB
0: Max memory allocated after optimizer step: 0.169348608 GB 0.186646528 GB
0: Max memory allocated after optimizer step: 0.169348608 GB 0.186646528 GB
0: Max memory allocated after optimizer step: 0.169348608 GB 0.186646528 GB
0: Max memory allocated after optimizer step: 0.169348608 GB 0.186646528 GB
0: Max memory allocated after optimizer step: 0.169348608 GB 0.186646528 GB
0: Max memory allocated after optimizer step: 0.169348608 GB 0.186646528 GB
0: Max memory allocated after optimizer step: 0.169348608 GB 0.186646528 GB
0: Max memory allocated after optimizer step: 0.169348608 GB 0.186646528 GB
0: Max memory allocated after optimizer step: 0.169348608 GB 0.186646528 GB
0: Max memory allocated after optimizer step: 0.169348608 GB 0.186646528 GB
0: Max memory allocated after optimizer step: 0.169348608 GB 0.186646528 GB
0: Max memory allocated after optimizer step: 0.169348608 GB 0.186646528 GB
0: Max memory allocated after optimizer step: 0.169348608 GB 0.186646528 GB
0: Max memory allocated after optimizer step: 0.169348608 GB 0.186646528 GB
0: Max memory allocated after optimizer step: 0.169348608 GB 0.186646528 GB
0: Max memory allocated after optimizer step: 0.169348608 GB 0.186646528 GB
0: Max memory allocated after optimizer step: 0.169348608 GB 0.186646528 GB
0: Max memory allocated after optimizer step: 0.169348608 GB 0.186646528 GB
0: Max memory allocated after optimizer step: 0.169348608 GB 0.186646528 GB
0: Max memory allocated after optimizer step: 0.169348608 GB 0.186646528 GB
0: Max memory allocated after optimizer step: 0.169348608 GB 0.186646528 GB
0: Max memory allocated after optimizer step: 0.169348608 GB 0.186646528 GB
0: Max memory allocated after optimizer step: 0.169348608 GB 0.186646528 GB
0: Max memory allocated after optimizer step: 0.169348608 GB 0.186646528 GB
0: Max memory allocated after optimizer step: 0.169348608 GB 0.186646528 GB
0: Max memory allocated after optimizer step: 0.169348608 GB 0.186646528 GB
0: Max memory allocated after optimizer step: 0.169348608 GB 0.186646528 GB
0: Max memory allocated after optimizer step: 0.169348608 GB 0.186646528 GB
0: Max memory allocated after optimizer step: 0.169348608 GB 0.186646528 GB
0: Max memory allocated after optimizer step: 0.169348608 GB 0.186646528 GB
0: Max memory allocated after optimizer step: 0.169348608 GB 0.186646528 GB
0: Max memory allocated after optimizer step: 0.169348608 GB 0.186646528 GB
0: Max memory allocated after optimizer step: 0.169348608 GB 0.186646528 GB
0: Max memory allocated after optimizer step: 0.169348608 GB 0.186646528 GB
0: Max memory allocated after optimizer step: 0.169348608 GB 0.186646528 GB
0: Max memory allocated after optimizer step: 0.169348608 GB 0.186646528 GB
0: Max memory allocated after optimizer step: 0.169348608 GB 0.186646528 GB
0: Max memory allocated after optimizer step: 0.169348608 GB 0.186646528 GB
0: Max memory allocated after optimizer step: 0.169348608 GB 0.186646528 GB
0: Max memory allocated after optimizer step: 0.169348608 GB 0.186646528 GB
0: Max memory allocated after optimizer step: 0.169348608 GB 0.186646528 GB
0: Max memory allocated after optimizer step: 0.169348608 GB 0.186646528 GB
0: Max memory allocated after optimizer step: 0.169348608 GB 0.186646528 GB
0: Max memory allocated after optimizer step: 0.169348608 GB 0.186646528 GB
0: Max memory allocated after optimizer step: 0.169348608 GB 0.186646528 GB
0: Max memory allocated after optimizer step: 0.169348608 GB 0.186646528 GB
0: Max memory allocated after optimizer step: 0.169348608 GB 0.186646528 GB
0: Max memory allocated after optimizer step: 0.169348608 GB 0.186646528 GB
0: Max memory allocated after optimizer step: 0.169348608 GB 0.186646528 GB
0: Max memory allocated after optimizer step: 0.169348608 GB 0.186646528 GB
0: Max memory allocated after optimizer step: 0.169348608 GB 0.186646528 GB
0: Max memory allocated after optimizer step: 0.169348608 GB 0.186646528 GB
0: Max memory allocated after optimizer step: 0.169348608 GB 0.186646528 GB
0: Max memory allocated after optimizer step: 0.169348608 GB 0.186646528 GB
0: Max memory allocated after optimizer step: 0.169348608 GB 0.186646528 GB
0: Max memory allocated after optimizer step: 0.169348608 GB 0.186646528 GB
0: Max memory allocated after optimizer step: 0.169348608 GB 0.186646528 GB
0: Max memory allocated after optimizer step: 0.169348608 GB 0.186646528 GB
0: Max memory allocated after optimizer step: 0.169348608 GB 0.186646528 GB
0: Max memory allocated after optimizer step: 0.169348608 GB 0.186646528 GB
0: Max memory allocated after optimizer step: 0.169348608 GB 0.186646528 GB
0: Max memory allocated after optimizer step: 0.169348608 GB 0.186646528 GB
0: Max memory allocated after optimizer step: 0.169348608 GB 0.186646528 GB
0: Max memory allocated after optimizer step: 0.169348608 GB 0.186646528 GB
0: Max memory allocated after optimizer step: 0.169348608 GB 0.186646528 GB
0: Max memory allocated after optimizer step: 0.169348608 GB 0.186646528 GB
0: Max memory allocated after optimizer step: 0.169348608 GB 0.186646528 GB
0: Max memory allocated after optimizer step: 0.169348608 GB 0.186646528 GB
0: Max memory allocated after optimizer step: 0.169348608 GB 0.186646528 GB
0: Max memory allocated after optimizer step: 0.169348608 GB 0.186646528 GB
0: Max memory allocated after optimizer step: 0.169348608 GB 0.186646528 GB
0: Max memory allocated after optimizer step: 0.169348608 GB 0.186646528 GB
0: Max memory allocated after optimizer step: 0.169348608 GB 0.186646528 GB
0: Max memory allocated after optimizer step: 0.169348608 GB 0.186646528 GB
0: Max memory allocated after optimizer step: 0.169348608 GB 0.186646528 GB
0: Max memory allocated after optimizer step: 0.169348608 GB 0.186646528 GB
0: Max memory allocated after optimizer step: 0.169348608 GB 0.186646528 GB
0: Max memory allocated after optimizer step: 0.169348608 GB 0.186646528 GB
0: Max memory allocated after optimizer step: 0.169348608 GB 0.186646528 GB
0: Max memory allocated after optimizer step: 0.169348608 GB 0.186646528 GB
0: Max memory allocated after optimizer step: 0.169348608 GB 0.186646528 GB
0: Max memory allocated after optimizer step: 0.169348608 GB 0.186646528 GB
0: Max memory allocated after optimizer step: 0.169348608 GB 0.186646528 GB
0: Max memory allocated after optimizer step: 0.169348608 GB 0.186646528 GB
0: Max memory allocated after optimizer step: 0.169348608 GB 0.186646528 GB
0: Max memory allocated after optimizer step: 0.169348608 GB 0.186646528 GB
0: Max memory allocated after optimizer step: 0.169348608 GB 0.186646528 GB
0: Max memory allocated after optimizer step: 0.169348608 GB 0.186646528 GB
0: Max memory allocated after optimizer step: 0.169348608 GB 0.186646528 GB
0: Max memory allocated after optimizer step: 0.169348608 GB 0.186646528 GB
0: Max memory allocated after optimizer step: 0.169348608 GB 0.186646528 GB
0: Max memory allocated after optimizer step: 0.169348608 GB 0.186646528 GB
0: Max memory allocated after optimizer step: 0.169348608 GB 0.186646528 GB
0: Max memory allocated after optimizer step: 0.169348608 GB 0.186646528 GB
0: Max memory allocated after optimizer step: 0.169348608 GB 0.186646528 GB
0: Max memory allocated after optimizer step: 0.169348608 GB 0.186646528 GB
0: Max memory allocated after optimizer step: 0.169348608 GB 0.186646528 GB
0: Max memory allocated after optimizer step: 0.169348608 GB 0.186646528 GB
0: Max memory allocated after optimizer step: 0.169348608 GB 0.186646528 GB
0: Max memory allocated after optimizer step: 0.169348608 GB 0.186646528 GB
0: Max memory allocated after optimizer step: 0.169348608 GB 0.186646528 GB
0: Max memory allocated after optimizer step: 0.169348608 GB 0.186646528 GB
0: Max memory allocated after optimizer step: 0.169348608 GB 0.186646528 GB
0: Max memory allocated after optimizer step: 0.169348608 GB 0.186646528 GB
0: Max memory allocated after optimizer step: 0.169348608 GB 0.186646528 GB
0: Max memory allocated after optimizer step: 0.169348608 GB 0.186646528 GB
0: Max memory allocated after optimizer step: 0.169348608 GB 0.186646528 GB
0: Max memory allocated after optimizer step: 0.169348608 GB 0.186646528 GB
0: Max memory allocated after optimizer step: 0.169348608 GB 0.186646528 GB
0: Max memory allocated after optimizer step: 0.169348608 GB 0.186646528 GB
0: Max memory allocated after optimizer step: 0.169348608 GB 0.186646528 GB
0: Max memory allocated after optimizer step: 0.169348608 GB 0.186646528 GB
0: Max memory allocated after optimizer step: 0.169348608 GB 0.186646528 GB
0: Max memory allocated after optimizer step: 0.169348608 GB 0.186646528 GB
0: Max memory allocated after optimizer step: 0.169348608 GB 0.186646528 GB
0: Max memory allocated after optimizer step: 0.169348608 GB 0.186646528 GB
0: Max memory allocated after optimizer step: 0.169348608 GB 0.186646528 GB
0: Max memory allocated after optimizer step: 0.169348608 GB 0.186646528 GB
0: Max memory allocated after optimizer step: 0.169348608 GB 0.186646528 GB
0: Max memory allocated after optimizer step: 0.169348608 GB 0.186646528 GB
0: Max memory allocated after optimizer step: 0.169348608 GB 0.186646528 GB
0: Max memory allocated after optimizer step: 0.169348608 GB 0.186646528 GB
0: Max memory allocated after optimizer step: 0.169348608 GB 0.186646528 GB
0: Max memory allocated after optimizer step: 0.169348608 GB 0.186646528 GB
0: Max memory allocated after optimizer step: 0.169348608 GB 0.186646528 GB
0: Max memory allocated after optimizer step: 0.169348608 GB 0.186646528 GB
0: Max memory allocated after optimizer step: 0.169348608 GB 0.186646528 GB
0: Max memory allocated after optimizer step: 0.169348608 GB 0.186646528 GB
0: Max memory allocated after optimizer step: 0.169348608 GB 0.186646528 GB
0: Max memory allocated after optimizer step: 0.169348608 GB 0.186646528 GB
0: Max memory allocated after optimizer step: 0.169348608 GB 0.186646528 GB
0: Max memory allocated after optimizer step: 0.169348608 GB 0.186646528 GB
0: Max memory allocated after optimizer step: 0.169348608 GB 0.186646528 GB
0: Max memory allocated after optimizer step: 0.169348608 GB 0.186646528 GB
0: Max memory allocated after optimizer step: 0.169348608 GB 0.186646528 GB
0: Max memory allocated after optimizer step: 0.169348608 GB 0.186646528 GB
0: Max memory allocated after optimizer step: 0.169348608 GB 0.186646528 GB
0: Max memory allocated after optimizer step: 0.169348608 GB 0.186646528 GB
0: Max memory allocated after optimizer step: 0.169348608 GB 0.186646528 GB
0: Max memory allocated after optimizer step: 0.169348608 GB 0.186646528 GB
0: Max memory allocated after optimizer step: 0.169348608 GB 0.186646528 GB
0: Max memory allocated after optimizer step: 0.169348608 GB 0.186646528 GB
0: Max memory allocated after optimizer step: 0.169348608 GB 0.186646528 GB
0: Max memory allocated after optimizer step: 0.169348608 GB 0.186646528 GB
0: Max memory allocated after optimizer step: 0.169348608 GB 0.186646528 GB
0: Max memory allocated after optimizer step: 0.169348608 GB 0.186646528 GB
0: Max memory allocated after optimizer step: 0.169348608 GB 0.186646528 GB
0: Max memory allocated after optimizer step: 0.169348608 GB 0.186646528 GB
0: Max memory allocated after optimizer step: 0.169348608 GB 0.186646528 GB
0: Max memory allocated after optimizer step: 0.169348608 GB 0.186646528 GB
0: Max memory allocated after optimizer step: 0.169348608 GB 0.186646528 GB
0: Max memory allocated after optimizer step: 0.169348608 GB 0.186646528 GB
0: Max memory allocated after optimizer step: 0.169348608 GB 0.186646528 GB
0: Max memory allocated after optimizer step: 0.169348608 GB 0.186646528 GB
0: Max memory allocated after optimizer step: 0.169348608 GB 0.186646528 GB
0: Max memory allocated after optimizer step: 0.169348608 GB 0.186646528 GB
0: Max memory allocated after optimizer step: 0.169348608 GB 0.186646528 GB
0: Max memory allocated after optimizer step: 0.169348608 GB 0.186646528 GB
0: Max memory allocated after optimizer step: 0.169348608 GB 0.186646528 GB
0: Max memory allocated after optimizer step: 0.169348608 GB 0.186646528 GB
0: Max memory allocated after optimizer step: 0.169348608 GB 0.186646528 GB
0: Max memory allocated after optimizer step: 0.169348608 GB 0.186646528 GB
0: Max memory allocated after optimizer step: 0.169348608 GB 0.186646528 GB
0: Max memory allocated after optimizer step: 0.169348608 GB 0.186646528 GB
0: Max memory allocated after optimizer step: 0.169348608 GB 0.186646528 GB
0: Max memory allocated after optimizer step: 0.169348608 GB 0.186646528 GB
0: Max memory allocated after optimizer step: 0.169348608 GB 0.186646528 GB
0: Max memory allocated after optimizer step: 0.169348608 GB 0.186646528 GB
0: Max memory allocated after optimizer step: 0.169348608 GB 0.186646528 GB
0: Max memory allocated after optimizer step: 0.169348608 GB 0.186646528 GB
0: Max memory allocated after optimizer step: 0.169348608 GB 0.186646528 GB
0: Max memory allocated after optimizer step: 0.169348608 GB 0.186646528 GB
0: Max memory allocated after optimizer step: 0.169348608 GB 0.186646528 GB
0: Max memory allocated after optimizer step: 0.169348608 GB 0.186646528 GB
0: Max memory allocated after optimizer step: 0.169348608 GB 0.186646528 GB
0: Max memory allocated after optimizer step: 0.169348608 GB 0.186646528 GB
0: Max memory allocated after optimizer step: 0.169348608 GB 0.186646528 GB
0: Max memory allocated after optimizer step: 0.169348608 GB 0.186646528 GB
0: Max memory allocated after optimizer step: 0.169348608 GB 0.186646528 GB
0: Max memory allocated after optimizer step: 0.169348608 GB 0.186646528 GB
0: Max memory allocated after optimizer step: 0.169348608 GB 0.186646528 GB
0: Max memory allocated after optimizer step: 0.169348608 GB 0.186646528 GB
0: Max memory allocated after optimizer step: 0.169348608 GB 0.186646528 GB
0: Max memory allocated after optimizer step: 0.169348608 GB 0.186646528 GB
0: Max memory allocated after optimizer step: 0.169348608 GB 0.186646528 GB
0: Max memory allocated after optimizer step: 0.169348608 GB 0.186646528 GB
0: Max memory allocated after optimizer step: 0.169348608 GB 0.186646528 GB
0: Max memory allocated after optimizer step: 0.169348608 GB 0.186646528 GB
0: Max memory allocated after optimizer step: 0.169348608 GB 0.186646528 GB
0: Max memory allocated after optimizer step: 0.169348608 GB 0.186646528 GB
0: Max memory allocated after optimizer step: 0.169348608 GB 0.186646528 GB
0: Max memory allocated after optimizer step: 0.169348608 GB 0.186646528 GB
0: Max memory allocated after optimizer step: 0.169348608 GB 0.186646528 GB
0: Max memory allocated after optimizer step: 0.169348608 GB 0.186646528 GB
0: Max memory allocated after optimizer step: 0.169348608 GB 0.186646528 GB
0: Max memory allocated after optimizer step: 0.169348608 GB 0.186646528 GB
0: Max memory allocated after optimizer step: 0.169348608 GB 0.186646528 GB
0: Max memory allocated after optimizer step: 0.169348608 GB 0.186646528 GB
0: Max memory allocated after optimizer step: 0.169348608 GB 0.186646528 GB
0: Max memory allocated after optimizer step: 0.169348608 GB 0.186646528 GB
0: Max memory allocated after optimizer step: 0.169348608 GB 0.186646528 GB
0: Max memory allocated after optimizer step: 0.169348608 GB 0.186646528 GB
0: Max memory allocated after optimizer step: 0.169348608 GB 0.186646528 GB
0: Max memory allocated after optimizer step: 0.169348608 GB 0.186646528 GB
0: Max memory allocated after optimizer step: 0.169348608 GB 0.186646528 GB
0: Max memory allocated after optimizer step: 0.169348608 GB 0.186646528 GB
0: Max memory allocated after optimizer step: 0.169348608 GB 0.186646528 GB
0: Max memory allocated after optimizer step: 0.169348608 GB 0.186646528 GB
0: Max memory allocated after optimizer step: 0.169348608 GB 0.186646528 GB
0: Max memory allocated after optimizer step: 0.169348608 GB 0.186646528 GB
0: Max memory allocated after optimizer step: 0.169348608 GB 0.186646528 GB
0: Max memory allocated after optimizer step: 0.169348608 GB 0.186646528 GB
0: Max memory allocated after optimizer step: 0.169348608 GB 0.186646528 GB
0: Max memory allocated after optimizer step: 0.169348608 GB 0.186646528 GB
0: Max memory allocated after optimizer step: 0.169348608 GB 0.186646528 GB
0: Max memory allocated after optimizer step: 0.169348608 GB 0.186646528 GB
0: Max memory allocated after optimizer step: 0.169348608 GB 0.186646528 GB
0: Max memory allocated after optimizer step: 0.169348608 GB 0.186646528 GB
0: Max memory allocated after optimizer step: 0.169348608 GB 0.186646528 GB
0: Max memory allocated after optimizer step: 0.169348608 GB 0.186646528 GB
0: Max memory allocated after optimizer step: 0.169348608 GB 0.186646528 GB
0: Max memory allocated after optimizer step: 0.169348608 GB 0.186646528 GB
0: Max memory allocated after optimizer step: 0.169348608 GB 0.186646528 GB
0: Max memory allocated after optimizer step: 0.169348608 GB 0.186646528 GB
0: Max memory allocated after optimizer step: 0.169348608 GB 0.186646528 GB
0: Max memory allocated after optimizer step: 0.169348608 GB 0.186646528 GB
0: Max memory allocated after optimizer step: 0.169348608 GB 0.186646528 GB
0: Max memory allocated after optimizer step: 0.169348608 GB 0.186646528 GB
0: Max memory allocated after optimizer step: 0.169348608 GB 0.186646528 GB
0: Max memory allocated after optimizer step: 0.169348608 GB 0.186646528 GB
0: Max memory allocated after optimizer step: 0.169348608 GB 0.186646528 GB
0: Max memory allocated after optimizer step: 0.169348608 GB 0.186646528 GB
0: Max memory allocated after optimizer step: 0.169348608 GB 0.186646528 GB
0: Max memory allocated after optimizer step: 0.169348608 GB 0.186646528 GB
0: Max memory allocated after optimizer step: 0.169348608 GB 0.186646528 GB
0: Max memory allocated after optimizer step: 0.169348608 GB 0.186646528 GB
0: Max memory allocated after optimizer step: 0.169348608 GB 0.186646528 GB
0: Max memory allocated after optimizer step: 0.169348608 GB 0.186646528 GB
0: Max memory allocated after optimizer step: 0.169348608 GB 0.186646528 GB
0: Max memory allocated after optimizer step: 0.169348608 GB 0.186646528 GB
0: Max memory allocated after optimizer step: 0.169348608 GB 0.186646528 GB
0: Max memory allocated after optimizer step: 0.169348608 GB 0.186646528 GB
0: Max memory allocated after optimizer step: 0.169348608 GB 0.186646528 GB
0: Max memory allocated after optimizer step: 0.169348608 GB 0.186646528 GB
0: Max memory allocated after optimizer step: 0.169348608 GB 0.186646528 GB
0: Max memory allocated after optimizer step: 0.169348608 GB 0.186646528 GB
0: Max memory allocated after optimizer step: 0.169348608 GB 0.186646528 GB
0: Max memory allocated after optimizer step: 0.169348608 GB 0.186646528 GB
0: Max memory allocated after optimizer step: 0.169348608 GB 0.186646528 GB
0: Max memory allocated after optimizer step: 0.169348608 GB 0.186646528 GB
0: Max memory allocated after optimizer step: 0.169348608 GB 0.186646528 GB
0: Max memory allocated after optimizer step: 0.169348608 GB 0.186646528 GB
0: Max memory allocated after optimizer step: 0.169348608 GB 0.186646528 GB
0: Max memory allocated after optimizer step: 0.169348608 GB 0.186646528 GB
0: Max memory allocated after optimizer step: 0.169348608 GB 0.186646528 GB
0: Max memory allocated after optimizer step: 0.169348608 GB 0.186646528 GB
0: Max memory allocated after optimizer step: 0.169348608 GB 0.186646528 GB
0: Max memory allocated after optimizer step: 0.169348608 GB 0.186646528 GB
0: Max memory allocated after optimizer step: 0.169348608 GB 0.186646528 GB
0: Max memory allocated after optimizer step: 0.169348608 GB 0.186646528 GB
0: Max memory allocated after optimizer step: 0.169348608 GB 0.186646528 GB
0: Max memory allocated after optimizer step: 0.169348608 GB 0.186646528 GB
0: Max memory allocated after optimizer step: 0.169348608 GB 0.186646528 GB
0: Max memory allocated after optimizer step: 0.169348608 GB 0.186646528 GB
0: Max memory allocated after optimizer step: 0.169348608 GB 0.186646528 GB
0: Max memory allocated after optimizer step: 0.169348608 GB 0.186646528 GB
0: Max memory allocated after optimizer step: 0.169348608 GB 0.186646528 GB
0: Max memory allocated after optimizer step: 0.169348608 GB 0.186646528 GB
0: Max memory allocated after optimizer step: 0.169348608 GB 0.186646528 GB
0: Max memory allocated after optimizer step: 0.169348608 GB 0.186646528 GB
0: Max memory allocated after optimizer step: 0.169348608 GB 0.186646528 GB
0: Max memory allocated after optimizer step: 0.169348608 GB 0.186646528 GB
0: Max memory allocated after optimizer step: 0.169348608 GB 0.186646528 GB
0: Max memory allocated after optimizer step: 0.169348608 GB 0.186646528 GB
0: Max memory allocated after optimizer step: 0.169348608 GB 0.186646528 GB
0: Max memory allocated after optimizer step: 0.169348608 GB 0.186646528 GB
0: Max memory allocated after optimizer step: 0.169348608 GB 0.186646528 GB
0: Max memory allocated after optimizer step: 0.169348608 GB 0.186646528 GB
0: Max memory allocated after optimizer step: 0.169348608 GB 0.186646528 GB
0: Max memory allocated after optimizer step: 0.169348608 GB 0.186646528 GB
0: Max memory allocated after optimizer step: 0.169348608 GB 0.186646528 GB
0: Max memory allocated after optimizer step: 0.169348608 GB 0.186646528 GB
0: Max memory allocated after optimizer step: 0.169348608 GB 0.186646528 GB
0: Max memory allocated after optimizer step: 0.169348608 GB 0.186646528 GB
0: Max memory allocated after optimizer step: 0.169348608 GB 0.186646528 GB
0: Max memory allocated after optimizer step: 0.169348608 GB 0.186646528 GB
0: Max memory allocated after optimizer step: 0.169348608 GB 0.186646528 GB
0: Max memory allocated after optimizer step: 0.169348608 GB 0.186646528 GB
0: Max memory allocated after optimizer step: 0.169348608 GB 0.186646528 GB
0: Max memory allocated after optimizer step: 0.169348608 GB 0.186646528 GB
0: Max memory allocated after optimizer step: 0.169348608 GB 0.186646528 GB
0: Max memory allocated after optimizer step: 0.169348608 GB 0.186646528 GB
0: Max memory allocated after optimizer step: 0.169348608 GB 0.186646528 GB
0: Max memory allocated after optimizer step: 0.169348608 GB 0.186646528 GB
0: Max memory allocated after optimizer step: 0.169348608 GB 0.186646528 GB
0: Max memory allocated after optimizer step: 0.169348608 GB 0.186646528 GB
0: Max memory allocated after optimizer step: 0.169348608 GB 0.186646528 GB
0: Max memory allocated after optimizer step: 0.169348608 GB 0.186646528 GB
0: Max memory allocated after optimizer step: 0.169348608 GB 0.186646528 GB
0: Max memory allocated after optimizer step: 0.169348608 GB 0.186646528 GB
0: Max memory allocated after optimizer step: 0.169348608 GB 0.186646528 GB
0: Max memory allocated after optimizer step: 0.169348608 GB 0.186646528 GB
0: Max memory allocated after optimizer step: 0.169348608 GB 0.186646528 GB
0: Max memory allocated after optimizer step: 0.169348608 GB 0.186646528 GB
0: Max memory allocated after optimizer step: 0.169348608 GB 0.186646528 GB
0: Max memory allocated after optimizer step: 0.169348608 GB 0.186646528 GB
0: Max memory allocated after optimizer step: 0.169348608 GB 0.186646528 GB
0: Max memory allocated after optimizer step: 0.169348608 GB 0.186646528 GB
0: Max memory allocated after optimizer step: 0.169348608 GB 0.186646528 GB
0: Max memory allocated after optimizer step: 0.169348608 GB 0.186646528 GB
0: Max memory allocated after optimizer step: 0.169348608 GB 0.186646528 GB
0: Max memory allocated after optimizer step: 0.169348608 GB 0.186646528 GB
0: Max memory allocated after optimizer step: 0.169348608 GB 0.186646528 GB
0: Max memory allocated after optimizer step: 0.169348608 GB 0.186646528 GB
0: Max memory allocated after optimizer step: 0.169348608 GB 0.186646528 GB
0: Max memory allocated after optimizer step: 0.169348608 GB 0.186646528 GB
0: Max memory allocated after optimizer step: 0.169348608 GB 0.186646528 GB
0: Max memory allocated after optimizer step: 0.169348608 GB 0.186646528 GB
0: Max memory allocated after optimizer step: 0.169348608 GB 0.186646528 GB
0: Max memory allocated after optimizer step: 0.169348608 GB 0.186646528 GB
0: Max memory allocated after optimizer step: 0.169348608 GB 0.186646528 GB
0: Max memory allocated after optimizer step: 0.169348608 GB 0.186646528 GB
0: Max memory allocated after optimizer step: 0.169348608 GB 0.186646528 GB
0: Max memory allocated after optimizer step: 0.169348608 GB 0.186646528 GB
0: Max memory allocated after optimizer step: 0.169348608 GB 0.186646528 GB
0: Max memory allocated after optimizer step: 0.169348608 GB 0.186646528 GB
0: Max memory allocated after optimizer step: 0.169348608 GB 0.186646528 GB
0: Max memory allocated after optimizer step: 0.169348608 GB 0.186646528 GB
0: Max memory allocated after optimizer step: 0.169348608 GB 0.186646528 GB
0: Max memory allocated after optimizer step: 0.169348608 GB 0.186646528 GB
0: Max memory allocated after optimizer step: 0.169348608 GB 0.186646528 GB
0: Max memory allocated after optimizer step: 0.169348608 GB 0.186646528 GB
0: Max memory allocated after optimizer step: 0.169348608 GB 0.186646528 GB
0: Max memory allocated after optimizer step: 0.169348608 GB 0.186646528 GB
0: Max memory allocated after optimizer step: 0.169348608 GB 0.186646528 GB
0: Max memory allocated after optimizer step: 0.169348608 GB 0.186646528 GB
0: Max memory allocated after optimizer step: 0.169348608 GB 0.186646528 GB
0: Max memory allocated after optimizer step: 0.169348608 GB 0.186646528 GB
0: Max memory allocated after optimizer step: 0.169348608 GB 0.186646528 GB
0: Max memory allocated after optimizer step: 0.169348608 GB 0.186646528 GB
0: Max memory allocated after optimizer step: 0.169348608 GB 0.186646528 GB
0: Max memory allocated after optimizer step: 0.169348608 GB 0.186646528 GB
0: Max memory allocated after optimizer step: 0.169348608 GB 0.186646528 GB
0: Max memory allocated after optimizer step: 0.169348608 GB 0.186646528 GB
0: Max memory allocated after optimizer step: 0.169348608 GB 0.186646528 GB
0: Max memory allocated after optimizer step: 0.169348608 GB 0.186646528 GB
0: Max memory allocated after optimizer step: 0.169348608 GB 0.186646528 GB
0: Max memory allocated after optimizer step: 0.169348608 GB 0.186646528 GB
0: Max memory allocated after optimizer step: 0.169348608 GB 0.186646528 GB
0: Max memory allocated after optimizer step: 0.169348608 GB 0.186646528 GB
0: Max memory allocated after optimizer step: 0.169348608 GB 0.186646528 GB
0: Max memory allocated after optimizer step: 0.169348608 GB 0.186646528 GB
0: Max memory allocated after optimizer step: 0.169348608 GB 0.186646528 GB
0: Max memory allocated after optimizer step: 0.169348608 GB 0.186646528 GB
0: Max memory allocated after optimizer step: 0.169348608 GB 0.186646528 GB
0: Max memory allocated after optimizer step: 0.169348608 GB 0.186646528 GB
0: Max memory allocated after optimizer step: 0.169348608 GB 0.186646528 GB
0: Max memory allocated after optimizer step: 0.169348608 GB 0.186646528 GB
0: Max memory allocated after optimizer step: 0.169348608 GB 0.186646528 GB
0: Max memory allocated after optimizer step: 0.169348608 GB 0.186646528 GB
0: Max memory allocated after optimizer step: 0.169348608 GB 0.186646528 GB
0: Max memory allocated after optimizer step: 0.169348608 GB 0.186646528 GB
0: Max memory allocated after optimizer step: 0.169348608 GB 0.186646528 GB
0: Max memory allocated after optimizer step: 0.169348608 GB 0.186646528 GB
0: Max memory allocated after optimizer step: 0.169348608 GB 0.186646528 GB
0: Max memory allocated after optimizer step: 0.169348608 GB 0.186646528 GB
0: Max memory allocated after optimizer step: 0.169348608 GB 0.186646528 GB
0: Max memory allocated after optimizer step: 0.169348608 GB 0.186646528 GB
0: Max memory allocated after optimizer step: 0.169348608 GB 0.186646528 GB
0: Max memory allocated after optimizer step: 0.169348608 GB 0.186646528 GB
0: Max memory allocated after optimizer step: 0.169348608 GB 0.186646528 GB
0: Max memory allocated after optimizer step: 0.169348608 GB 0.186646528 GB
0: Max memory allocated after optimizer step: 0.169348608 GB 0.186646528 GB
0: Max memory allocated after optimizer step: 0.169348608 GB 0.186646528 GB
0: Max memory allocated after optimizer step: 0.169348608 GB 0.186646528 GB
0: Max memory allocated after optimizer step: 0.169348608 GB 0.186646528 GB
0: Max memory allocated after optimizer step: 0.169348608 GB 0.186646528 GB
0: Max memory allocated after optimizer step: 0.169348608 GB 0.186646528 GB
0: Max memory allocated after optimizer step: 0.169348608 GB 0.186646528 GB
0: Max memory allocated after optimizer step: 0.169348608 GB 0.186646528 GB
0: Max memory allocated after optimizer step: 0.169348608 GB 0.186646528 GB
0: Max memory allocated after optimizer step: 0.169348608 GB 0.186646528 GB
0: Max memory allocated after optimizer step: 0.169348608 GB 0.186646528 GB
0: Max memory allocated after optimizer step: 0.169348608 GB 0.186646528 GB
0: Max memory allocated after optimizer step: 0.169348608 GB 0.186646528 GB
0: Max memory allocated after optimizer step: 0.169348608 GB 0.186646528 GB
0: Max memory allocated after optimizer step: 0.169348608 GB 0.186646528 GB
0: Max memory allocated after optimizer step: 0.169348608 GB 0.186646528 GB
0: Max memory allocated after optimizer step: 0.169348608 GB 0.186646528 GB
0: Max memory allocated after optimizer step: 0.169348608 GB 0.186646528 GB
0: Max memory allocated after optimizer step: 0.169348608 GB 0.186646528 GB
0: Max memory allocated after optimizer step: 0.169348608 GB 0.186646528 GB
0: Max memory allocated after optimizer step: 0.169348608 GB 0.186646528 GB
0: Max memory allocated after optimizer step: 0.169348608 GB 0.186646528 GB
0: Max memory allocated after optimizer step: 0.169348608 GB 0.186646528 GB
0: Max memory allocated after optimizer step: 0.169348608 GB 0.186646528 GB
0: Max memory allocated after optimizer step: 0.169348608 GB 0.186646528 GB
0: Max memory allocated after optimizer step: 0.169348608 GB 0.186646528 GB
0: Max memory allocated after optimizer step: 0.169348608 GB 0.186646528 GB
0: Max memory allocated after optimizer step: 0.169348608 GB 0.186646528 GB
0: Max memory allocated after optimizer step: 0.169348608 GB 0.186646528 GB
0: Max memory allocated after optimizer step: 0.169348608 GB 0.186646528 GB
0: Max memory allocated after optimizer step: 0.169348608 GB 0.186646528 GB
0: Max memory allocated after optimizer step: 0.169348608 GB 0.186646528 GB
0: Max memory allocated after optimizer step: 0.169348608 GB 0.186646528 GB
0: Max memory allocated after optimizer step: 0.169348608 GB 0.186646528 GB
0: Max memory allocated after optimizer step: 0.169348608 GB 0.186646528 GB
0: Max memory allocated after optimizer step: 0.169348608 GB 0.186646528 GB
0: Max memory allocated after optimizer step: 0.169348608 GB 0.186646528 GB
0: Max memory allocated after optimizer step: 0.169348608 GB 0.186646528 GB
0: Max memory allocated after optimizer step: 0.169348608 GB 0.186646528 GB
0: Max memory allocated after optimizer step: 0.169348608 GB 0.186646528 GB
0: Max memory allocated after optimizer step: 0.169348608 GB 0.186646528 GB
0: Max memory allocated after optimizer step: 0.169348608 GB 0.186646528 GB
0: Max memory allocated after optimizer step: 0.169348608 GB 0.186646528 GB
0: Max memory allocated after optimizer step: 0.169348608 GB 0.186646528 GB
0: Max memory allocated after optimizer step: 0.169348608 GB 0.186646528 GB
0: Max memory allocated after optimizer step: 0.169348608 GB 0.186646528 GB
0: Max memory allocated after optimizer step: 0.169348608 GB 0.186646528 GB
0: Max memory allocated after optimizer step: 0.169348608 GB 0.186646528 GB
0: Max memory allocated after optimizer step: 0.169348608 GB 0.186646528 GB
0: Max memory allocated after optimizer step: 0.169348608 GB 0.186646528 GB
0: Max memory allocated after optimizer step: 0.169348608 GB 0.186646528 GB
0: Max memory allocated after optimizer step: 0.169348608 GB 0.186646528 GB
0: Max memory allocated after optimizer step: 0.169348608 GB 0.186646528 GB
0: Max memory allocated after optimizer step: 0.169348608 GB 0.186646528 GB
0: Max memory allocated after optimizer step: 0.169348608 GB 0.186646528 GB
0: Max memory allocated after optimizer step: 0.169348608 GB 0.186646528 GB
0: Max memory allocated after optimizer step: 0.169348608 GB 0.186646528 GB
0: Max memory allocated after optimizer step: 0.169348608 GB 0.186646528 GB
0: Max memory allocated after optimizer step: 0.169348608 GB 0.186646528 GB
0: Max memory allocated after optimizer step: 0.169348608 GB 0.186646528 GB
0: Max memory allocated after optimizer step: 0.169348608 GB 0.186646528 GB
0: Max memory allocated after optimizer step: 0.169348608 GB 0.186646528 GB
0: Max memory allocated after optimizer step: 0.169348608 GB 0.186646528 GB
0: Max memory allocated after optimizer step: 0.169348608 GB 0.186646528 GB
0: Max memory allocated after optimizer step: 0.169348608 GB 0.186646528 GB
0: Max memory allocated after optimizer step: 0.169348608 GB 0.186646528 GB
0: Epoch: 06, Train Loss: 0.00007507, Val Loss: 0.00006641, Test Loss: 0.00006520
0: Tasks Train Loss: [7.506900146836415e-05]
0: Tasks Val Loss: [6.641029904130846e-05]
0: Tasks Test Loss: [6.520275201182812e-05]
0: Creating Checkpoint: 0.000066
0: Best Performance Metric: 0.000066
[precision-diagnostic] requested=fp32 model_param_dtype=torch.float32
[precision-diagnostic] first_batch_float_dtype=torch.float32
[precision-diagnostic] first_optimizer_state_float_dtype=torch.float32
0: Max memory allocated after optimizer step: 0.169348608 GB 0.186646528 GB
0: Max memory allocated after optimizer step: 0.169348608 GB 0.186646528 GB
0: Max memory allocated after optimizer step: 0.169348608 GB 0.186646528 GB
0: Max memory allocated after optimizer step: 0.169348608 GB 0.186646528 GB
0: Max memory allocated after optimizer step: 0.169348608 GB 0.186646528 GB
0: Max memory allocated after optimizer step: 0.169348608 GB 0.186646528 GB
0: Max memory allocated after optimizer step: 0.169348608 GB 0.186646528 GB
0: Max memory allocated after optimizer step: 0.169348608 GB 0.186646528 GB
0: Max memory allocated after optimizer step: 0.169348608 GB 0.186646528 GB
0: Max memory allocated after optimizer step: 0.169348608 GB 0.186646528 GB
0: Max memory allocated after optimizer step: 0.169348608 GB 0.186646528 GB
0: Max memory allocated after optimizer step: 0.169348608 GB 0.186646528 GB
0: Max memory allocated after optimizer step: 0.169348608 GB 0.186646528 GB
0: Max memory allocated after optimizer step: 0.169348608 GB 0.186646528 GB
0: Max memory allocated after optimizer step: 0.169348608 GB 0.186646528 GB
0: Max memory allocated after optimizer step: 0.169348608 GB 0.186646528 GB
0: Max memory allocated after optimizer step: 0.169348608 GB 0.186646528 GB
0: Max memory allocated after optimizer step: 0.169348608 GB 0.186646528 GB
0: Max memory allocated after optimizer step: 0.169348608 GB 0.186646528 GB
0: Max memory allocated after optimizer step: 0.169348608 GB 0.186646528 GB
0: Max memory allocated after optimizer step: 0.169348608 GB 0.186646528 GB
0: Max memory allocated after optimizer step: 0.169348608 GB 0.186646528 GB
0: Max memory allocated after optimizer step: 0.169348608 GB 0.186646528 GB
0: Max memory allocated after optimizer step: 0.169348608 GB 0.186646528 GB
0: Max memory allocated after optimizer step: 0.169348608 GB 0.186646528 GB
0: Max memory allocated after optimizer step: 0.169348608 GB 0.186646528 GB
0: Max memory allocated after optimizer step: 0.169348608 GB 0.186646528 GB
0: Max memory allocated after optimizer step: 0.169348608 GB 0.186646528 GB
0: Max memory allocated after optimizer step: 0.169348608 GB 0.186646528 GB
0: Max memory allocated after optimizer step: 0.169348608 GB 0.186646528 GB
0: Max memory allocated after optimizer step: 0.169348608 GB 0.186646528 GB
0: Max memory allocated after optimizer step: 0.169348608 GB 0.186646528 GB
0: Max memory allocated after optimizer step: 0.169348608 GB 0.186646528 GB
0: Max memory allocated after optimizer step: 0.169348608 GB 0.186646528 GB
0: Max memory allocated after optimizer step: 0.169348608 GB 0.186646528 GB
0: Max memory allocated after optimizer step: 0.169348608 GB 0.186646528 GB
0: Max memory allocated after optimizer step: 0.169348608 GB 0.186646528 GB
0: Max memory allocated after optimizer step: 0.169348608 GB 0.186646528 GB
0: Max memory allocated after optimizer step: 0.169348608 GB 0.186646528 GB
0: Max memory allocated after optimizer step: 0.169348608 GB 0.186646528 GB
0: Max memory allocated after optimizer step: 0.169348608 GB 0.186646528 GB
0: Max memory allocated after optimizer step: 0.169348608 GB 0.186646528 GB
0: Max memory allocated after optimizer step: 0.169348608 GB 0.186646528 GB
0: Max memory allocated after optimizer step: 0.169348608 GB 0.186646528 GB
0: Max memory allocated after optimizer step: 0.169348608 GB 0.186646528 GB
0: Max memory allocated after optimizer step: 0.169348608 GB 0.186646528 GB
0: Max memory allocated after optimizer step: 0.169348608 GB 0.186646528 GB
0: Max memory allocated after optimizer step: 0.169348608 GB 0.186646528 GB
0: Max memory allocated after optimizer step: 0.169348608 GB 0.186646528 GB
0: Max memory allocated after optimizer step: 0.169348608 GB 0.186646528 GB
0: Max memory allocated after optimizer step: 0.169348608 GB 0.186646528 GB
0: Max memory allocated after optimizer step: 0.169348608 GB 0.186646528 GB
0: Max memory allocated after optimizer step: 0.169348608 GB 0.186646528 GB
0: Max memory allocated after optimizer step: 0.169348608 GB 0.186646528 GB
0: Max memory allocated after optimizer step: 0.169348608 GB 0.186646528 GB
0: Max memory allocated after optimizer step: 0.169348608 GB 0.186646528 GB
0: Max memory allocated after optimizer step: 0.169348608 GB 0.186646528 GB
0: Max memory allocated after optimizer step: 0.169348608 GB 0.186646528 GB
0: Max memory allocated after optimizer step: 0.169348608 GB 0.186646528 GB
0: Max memory allocated after optimizer step: 0.169348608 GB 0.186646528 GB
0: Max memory allocated after optimizer step: 0.169348608 GB 0.186646528 GB
0: Max memory allocated after optimizer step: 0.169348608 GB 0.186646528 GB
0: Max memory allocated after optimizer step: 0.169348608 GB 0.186646528 GB
0: Max memory allocated after optimizer step: 0.169348608 GB 0.186646528 GB
0: Max memory allocated after optimizer step: 0.169348608 GB 0.186646528 GB
0: Max memory allocated after optimizer step: 0.169348608 GB 0.186646528 GB
0: Max memory allocated after optimizer step: 0.169348608 GB 0.186646528 GB
0: Max memory allocated after optimizer step: 0.169348608 GB 0.186646528 GB
0: Max memory allocated after optimizer step: 0.169348608 GB 0.186646528 GB
0: Max memory allocated after optimizer step: 0.169348608 GB 0.186646528 GB
0: Max memory allocated after optimizer step: 0.169348608 GB 0.186646528 GB
0: Max memory allocated after optimizer step: 0.169348608 GB 0.186646528 GB
0: Max memory allocated after optimizer step: 0.169348608 GB 0.186646528 GB
0: Max memory allocated after optimizer step: 0.169348608 GB 0.186646528 GB
0: Max memory allocated after optimizer step: 0.169348608 GB 0.186646528 GB
0: Max memory allocated after optimizer step: 0.169348608 GB 0.186646528 GB
0: Max memory allocated after optimizer step: 0.169348608 GB 0.186646528 GB
0: Max memory allocated after optimizer step: 0.169348608 GB 0.186646528 GB
0: Max memory allocated after optimizer step: 0.169348608 GB 0.186646528 GB
0: Max memory allocated after optimizer step: 0.169348608 GB 0.186646528 GB
0: Max memory allocated after optimizer step: 0.169348608 GB 0.186646528 GB
0: Max memory allocated after optimizer step: 0.169348608 GB 0.186646528 GB
0: Max memory allocated after optimizer step: 0.169348608 GB 0.186646528 GB
0: Max memory allocated after optimizer step: 0.169348608 GB 0.186646528 GB
0: Max memory allocated after optimizer step: 0.169348608 GB 0.186646528 GB
0: Max memory allocated after optimizer step: 0.169348608 GB 0.186646528 GB
0: Max memory allocated after optimizer step: 0.169348608 GB 0.186646528 GB
0: Max memory allocated after optimizer step: 0.169348608 GB 0.186646528 GB
0: Max memory allocated after optimizer step: 0.169348608 GB 0.186646528 GB
0: Max memory allocated after optimizer step: 0.169348608 GB 0.186646528 GB
0: Max memory allocated after optimizer step: 0.169348608 GB 0.186646528 GB
0: Max memory allocated after optimizer step: 0.169348608 GB 0.186646528 GB
0: Max memory allocated after optimizer step: 0.169348608 GB 0.186646528 GB
0: Max memory allocated after optimizer step: 0.169348608 GB 0.186646528 GB
0: Max memory allocated after optimizer step: 0.169348608 GB 0.186646528 GB
0: Max memory allocated after optimizer step: 0.169348608 GB 0.186646528 GB
0: Max memory allocated after optimizer step: 0.169348608 GB 0.186646528 GB
0: Max memory allocated after optimizer step: 0.169348608 GB 0.186646528 GB
0: Max memory allocated after optimizer step: 0.169348608 GB 0.186646528 GB
0: Max memory allocated after optimizer step: 0.169348608 GB 0.186646528 GB
0: Max memory allocated after optimizer step: 0.169348608 GB 0.186646528 GB
0: Max memory allocated after optimizer step: 0.169348608 GB 0.186646528 GB
0: Max memory allocated after optimizer step: 0.169348608 GB 0.186646528 GB
0: Max memory allocated after optimizer step: 0.169348608 GB 0.186646528 GB
0: Max memory allocated after optimizer step: 0.169348608 GB 0.186646528 GB
0: Max memory allocated after optimizer step: 0.169348608 GB 0.186646528 GB
0: Max memory allocated after optimizer step: 0.169348608 GB 0.186646528 GB
0: Max memory allocated after optimizer step: 0.169348608 GB 0.186646528 GB
0: Max memory allocated after optimizer step: 0.169348608 GB 0.186646528 GB
0: Max memory allocated after optimizer step: 0.169348608 GB 0.186646528 GB
0: Max memory allocated after optimizer step: 0.169348608 GB 0.186646528 GB
0: Max memory allocated after optimizer step: 0.169348608 GB 0.186646528 GB
0: Max memory allocated after optimizer step: 0.169348608 GB 0.186646528 GB
0: Max memory allocated after optimizer step: 0.169348608 GB 0.186646528 GB
0: Max memory allocated after optimizer step: 0.169348608 GB 0.186646528 GB
0: Max memory allocated after optimizer step: 0.169348608 GB 0.186646528 GB
0: Max memory allocated after optimizer step: 0.169348608 GB 0.186646528 GB
[2026-07-20T16:33:56.027] error: *** STEP 5039277.0 ON frontier07048 CANCELLED AT 2026-07-20T16:33:56 DUE TO TIME LIMIT ***
[2026-07-20T16:33:56.029] error: *** JOB 5039277 ON frontier07048 CANCELLED AT 2026-07-20T16:33:56 DUE TO TIME LIMIT ***
